0,-1.68,-1.4018,-1.8127,-2.9937,-0.8857,-0.0696,0
0.02,-1.68,-1.4018,-1.8127,-2.9937,-0.8857,-0.0696,0
0.04,-1.6800161203732,-1.40179438365595,-1.81266717817291,-2.99373942497961,-0.885716075073647,-0.0695984404390463,0
0.06,-1.68004836197571,-1.40178315522659,-1.8126015312555,-2.99381827390503,-0.885748226077019,-0.0695953213162579,0
0.08,-1.68009672686222,-1.40176632492975,-1.81250305142155,-2.99393654428373,-0.88579645506501,-0.0695906426377147,0
0.1,-1.68016121811489,-1.40174390808399,-1.81237172694568,-2.99409423234849,-0.885860765120628,-0.069584404433032,0
0.12,-1.68024183984308,-1.40171592510723,-1.8122075422031,-2.99429133305888,-0.885941160354826,-0.0695766067553935,0
0.14,-1.68033859718325,-1.40168240151503,-1.81201047766944,-2.99452784010324,-0.886037645906296,-0.0695672496815909,0
0.16,-1.68045149629861,-1.40164336791833,-1.8117805099204,-2.99480374590108,-0.886150227941198,-0.0695563333120722,0
0.18,-1.68058054437881,-1.40159886002078,-1.81151761163142,-2.99511904160612,-0.88627891365284,-0.0695438577709979,0
0.2,-1.68072574963959,-1.40154891861565,-1.81122175157719,-2.9954737171097,-0.886423711261295,-0.0695298232063052,0
0.22,-1.68088712132233,-1.40149358958227,-1.81089289463115,-2.99586776104477,-0.886584630012975,-0.0695142297897807,0
0.24,-1.68106466969355,-1.40143292388205,-1.81053100176488,-2.99630116079039,-0.886761680180128,-0.0694970777171406,0
0.26,-1.68125840604433,-1.40136697755398,-1.81013603004741,-2.99677390247676,-0.8869548730603,-0.0694783672081191,0
0.28,-1.68146834268976,-1.40129581170983,-1.80970793264437,-2.99728597099071,-0.887164220975718,-0.0694580985065649,0
0.3,-1.68169449296823,-1.4012194925288,-1.80924665881714,-2.99783734998182,-0.887389737272623,-0.0694362718805455,0
0.32,-1.68193687124067,-1.40113809125172,-1.80875215392178,-2.99842802186906,-0.887631436320534,-0.0694128876224601,0
0.34,-1.68219549288982,-1.40105168417494,-1.8082243594079,-2.9990579678479,-0.887889333511457,-0.0693879460491599,0
0.36,-1.68247037431928,-1.4009603526436,-1.80766321281734,-2.99972716789815,-0.888163445259025,-0.0693614475020755,0
0.38,-1.68276153295266,-1.40086418304463,-1.80706864778275,-3.00043560079218,-0.888453788997563,-0.069333392347355,0
0.4,-1.68306898774946,-1.40076325177851,-1.80644062359136,-3.00118318185712,-0.888760384947685,-0.0693038239994395,0
0.42,-1.68339275712177,-1.40065768530364,-1.80577900694262,-3.00197001199251,-0.889083249033276,-0.0692726568090835,0
0.44,-1.68373286209243,-1.40054757011966,-1.8050837492562,-3.00279600413303,-0.889422403540766,-0.0692399342569598,0
0.46,-1.68408932443585,-1.40043300410565,-1.804354785384,-3.00366109686768,-0.889777870969651,-0.0692056812972604,0
0.48,-1.68446216605773,-1.40031411585833,-1.80359199568946,-3.00456533399746,-0.890149671816588,-0.0691698494374027,0
0.5,-1.6848514107927,-1.40019101330784,-1.8027953071373,-3.00550865178944,-0.890537830643425,-0.0691324636920172,0
0.52,-1.68525708355576,-1.4000638065323,-1.80196464824941,-3.00649097399957,-0.890942373321116,-0.0690935569511612,0
0.54,-1.68567920908738,-1.39993264461877,-1.80109987673719,-3.00751236383566,-0.891363322725769,-0.0690530650755178,0
0.56,-1.68611781435844,-1.39979764764465,-1.80020091321004,-3.00857274280347,-0.891800706786734,-0.069011021022547,0
0.58,-1.68657292741502,-1.39965893738086,-1.79926768060465,-3.00967201838573,-0.892254554767419,-0.0689674666820391,0
0.6,-1.68704457578833,-1.39951668409546,-1.79830001242988,-3.01081027645211,-0.89272489181843,-0.0689223201457857,0
0.62,-1.68753278958664,-1.39937101952118,-1.79729782366202,-3.01198742231462,-0.89321174926837,-0.0688756233787012,0
0.64,-1.68803759998376,-1.39922207661249,-1.79626103238436,-3.01320334575674,-0.893715159800608,-0.0688274283355877,0
0.66,-1.68855903725403,-1.39907004751025,-1.79518944633028,-3.01445815859018,-0.894235150730977,-0.0687776332131837,0
0.68,-1.68909713513895,-1.39891506084379,-1.79408300345429,-3.01575169011719,-0.894771758482873,-0.0687263302847911,0
0.7,-1.6896519261471,-1.39875731076616,-1.79294151874994,-3.0170840182838,-0.895325013248718,-0.0686734398423318,0
0.72,-1.69022344592992,-1.39859693757909,-1.79176491834166,-3.01845497876742,-0.895894953195171,-0.0686190484231022,0
0.74,-1.6908117288426,-1.39843414892155,-1.79055300192532,-3.01986466285124,-0.896481610058253,-0.0685630659125007,0
0.76,-1.6914168126592,-1.39826909087882,-1.78930569521508,-3.02131288864913,-0.897085024441804,-0.0685055896629809,0
0.78,-1.69203873355277,-1.39810198474035,-1.78802278214152,-3.02279976177102,-0.89770522958022,-0.0684465185633599,0
0.8,-1.69267753141834,-1.39793298207374,-1.78670418842851,-3.02432508195257,-0.898342268530023,-0.0683859613831518,0
0.82,-1.69333324422498,-1.39776231800209,-1.78534968174688,-3.02588897013996,-0.898996175984496,-0.0683238054061959,0
0.84,-1.6940059139864,-1.39759014926733,-1.78395918825075,-3.02749120687794,-0.899666997468175,-0.0682601714270089,0
0.86,-1.69469558086993,-1.397416712855,-1.7825324825191,-3.02913188016599,-0.900354770500798,-0.0681949683715374,0
0.88,-1.69540228725454,-1.39724221956529,-1.78106939571135,-3.03081095021618,-0.901059537356371,-0.068128192556223,0
0.9,-1.69612607782664,-1.3970668447178,-1.77956983300297,-3.03252821427636,-0.901781345851139,-0.0680599516762647,0
0.92,-1.69686699545557,-1.39689084483581,-1.77803354643206,-3.03428377941456,-0.902520235784985,-0.0679901402034723,0
0.94,-1.69762508592779,-1.39671443027792,-1.77646038323005,-3.0360775448577,-0.903276254017182,-0.0679187949409919,0
0.96,-1.69840039541971,-1.39653782868031,-1.77485016176549,-3.03790946106704,-0.904049446757425,-0.067845917064056,0
0.98,-1.69919297108358,-1.39636127236713,-1.77320269626279,-3.03977947785359,-0.904839861194228,-0.0677715078135841,0
1,-1.70000286101427,-1.3961849982925,-1.7715177968094,-3.04168754444919,-0.905647545459667,-0.0676955684627205,0
1.02,-1.70083011424463,-1.39600924802257,-1.7697952693375,-3.04363360954234,-0.90647254862472,-0.0676181003172003,0
1.04,-1.7016747807405,-1.39583426771734,-1.76803491560446,-3.04561762131533,-0.907314920694351,-0.0675391047157084,0
1.06,-1.70253691139563,-1.39566030811244,-1.76623653317228,-3.04763952748259,-0.908174712602398,-0.0674585830302441,0
1.08,-1.70341655802637,-1.39548762450067,-1.76439991538566,-3.0496992753304,-0.909051976206255,-0.0673765366664914,0
1.1,-1.70431377336606,-1.39531647671364,-1.76252485134891,-3.05179681175793,-0.909946764281337,-0.0672929670641935,0
1.12,-1.70522861105934,-1.39514712910327,-1.7606111259014,-3.05393208331967,-0.910859130515333,-0.0672078756975334,0
1.14,-1.70616112565611,-1.39497985052328,-1.75865851959169,-3.05610503626927,-0.911789129502226,-0.0671212640755187,0
1.16,-1.70711137260536,-1.39481491431072,-1.75666680865014,-3.05831561660482,-0.912736816736087,-0.0670331337423726,0
1.18,-1.70807940824864,-1.39465259826753,-1.75463576496007,-3.06056377011565,-0.913702248604626,-0.0669434862779272,0
1.2,-1.70906528981343,-1.3944931846422,-1.75256515602716,-3.06284944243058,-0.914685482382502,-0.0668523232980235,0
1.22,-1.71006907540613,-1.39433696011148,-1.75045474494739,-3.06517257906779,-0.915686576224366,-0.0667596464549147,0
1.24,-1.71109082400488,-1.39418421576231,-1.74830429037305,-3.06753312548623,-0.916705589157664,-0.0666654574376735,0
1.26,-1.71213059545202,-1.39403524707385,-1.74611354647707,-3.06993102713871,-0.917742581075153,-0.0665697579726041,0
1.28,-1.71318845044638,-1.39389035389982,-1.74388226291539,-3.07236622952665,-0.91879761272716,-0.0664725498236568,0
1.3,-1.7142644505352,-1.39374984045103,-1.74161018478735,-3.07483867825645,-0.919870745713536,-0.0663738347928477,0
1.32,-1.71535865810582,-1.39361401527824,-1.7392970525941,-3.07734831909776,-0.920962042475337,-0.0662736147206805,0
1.34,-1.716471136377,-1.39348319125535,-1.73694260219477,-3.07989509804344,-0.922071566286205,-0.0661718914865719,0
1.36,-1.71760194939004,-1.39335768556301,-1.73454656476046,-3.08247896137136,-0.923199381243432,-0.0660686670092802,0
1.38,-1.71875116199947,-1.39323781967264,-1.73210866672595,-3.08509985570811,-0.924345552258714,-0.065963943247337,0
1.4,-1.71991883986348,-1.39312391933098,-1.72962862973887,-3.08775772809467,-0.925510145048587,-0.0658577221994798,0
1.42,-1.72110504943405,-1.39301631454514,-1.72710617060651,-3.09045252605395,-0.926693226124531,-0.065750005905089,0
1.44,-1.72230985794663,-1.39291533956826,-1.72454100123983,-3.09318419766046,-0.927894862782725,-0.0656407964446257,0
1.46,-1.72353333340961,-1.39282133288587,-1.7219328285949,-3.09595269161198,-0.929115123093466,-0.0655300959400715,0
1.48,-1.7247755445933,-1.39273463720291,-1.71928135461141,-3.0987579573034,-0.930354075890218,-0.0654179065553703,0
1.5,-1.72603656101866,-1.39265559943153,-1.71658627614823,-3.10159994490273,-0.931611790758314,-0.0653042304968709,0
1.52,-1.72731645294559,-1.39258457067982,-1.71384728491593,-3.10447860542933,-0.932888338023264,-0.0651890700137711,0
1.54,-1.72861623049266,-1.39252658572055,-1.71106019103374,-3.10739301057586,-0.93418472866735,-0.0650724548883089,0
1.56,-1.72993411031334,-1.39247276367212,-1.7082323193422,-3.11034486211352,-0.935499177842962,-0.0649543333221813,0
1.58,-1.73104929749729,-1.39245009905539,-1.70650184922992,-3.11215725383527,-0.936611464840744,-0.0648544760190343,1
1.6,-1.73121192780016,-1.39254728450326,-1.70973395075172,-3.10883648807971,-0.9367736752753,-0.064840019233178,1
1.62,-1.7313759067549,-1.39265350563232,-1.71300034799081,-3.10547255157902,-0.936937228582538,-0.0648253635819645,1
1.64,-1.73154185762698,-1.39277128258885,-1.71629898782772,-3.10206491698937,-0.937102748792261,-0.0648105352569653,1
1.66,-1.73170977757818,-1.39290101145641,-1.7196295741917,-3.09861348400365,-0.937270233077265,-0.0647955346377545,1
1.68,-1.73187966373896,-1.39304309444837,-1.72299180830319,-3.09511814889077,-0.937439678579171,-0.0647803621078281,1
1.7,-1.73198620530812,-1.39319599276412,-1.72637910945427,-3.09158357964393,-0.937545943864575,-0.0647708492505517,1
1.72,-1.73129005147267,-1.39333812211423,-1.7297200073068,-3.08806372774868,-0.936851596219709,-0.0648330390312075,1
1.74,-1.73058649382436,-1.39349366976231,-1.73309056165877,-3.08450038414119,-0.936149864616867,-0.0648959123911263,1
1.76,-1.72987556126496,-1.39366302494397,-1.73649053685537,-3.08089327198777,-0.93544078106539,-0.0649595762103835,1
1.78,-1.72915728050423,-1.39384666201356,-1.73991954360633,-3.07724241629239,-0.934724369435207,-0.0650239328329659,1
1.8,-1.72843168015577,-1.39404501189784,-1.7433772853076,-3.07354764466538,-0.934000659276262,-0.0650890144528138,1
1.82,-1.72769878874934,-1.39425852459245,-1.74686343845353,-3.06980882957639,-0.933269679110355,-0.0651548207933149,1
1.84,-1.72695863512758,-1.39448765675254,-1.75037767652639,-3.06602583984215,-0.932531457772001,-0.0652213515713293,1
1.86,-1.72621124844535,-1.39473287176967,-1.75391966997012,-3.06219854057598,-0.931786024407747,-0.0652886064970597,1
1.88,-1.72498258556153,-1.39497408543439,-1.75732869690517,-3.05848220867646,-0.93056057738581,-0.0653993320107433,1
1.9,-1.72343577303477,-1.39521900862567,-1.76065892825687,-3.0548235223261,-0.929017821805563,-0.0655390165764551,1
1.92,-1.72187531112267,-1.39548136812242,-1.76401283819041,-3.05112261327263,-0.927461462141713,-0.0656802604940657,1
1.94,-1.72030129382268,-1.39576165996933,-1.76739006868654,-3.04737933711775,-0.925891592448241,-0.065823065693959,1
1.96,-1.71871381628865,-1.39606038698129,-1.77079025800883,-3.04359354637687,-0.924308307935479,-0.065967434104567,1
1.98,-1.7171129748336,-1.39637805880172,-1.77421304065801,-3.03976509046792,-0.92271170497283,-0.0661133676513377,1
2,-1.71506930916775,-1.39668973513218,-1.7774252929133,-3.0361282370948,-0.920673465187782,-0.0663001829284517,1
2.02,-1.71298205341913,-1.39701973226693,-1.78064187662909,-3.03246564710072,-0.918591768462356,-0.0664915815523208,1
2.04,-1.71087871335112,-1.39737020840816,-1.78387719017079,-3.02876225923489,-0.916494048187877,-0.0666850716890038,1
2.06,-1.70875944539102,-1.39774170315799,-1.78713083857274,-3.02501791722757,-0.914380460922768,-0.066880657822394,1
2.08,-1.70662440791351,-1.3981347627714,-1.79040242248725,-3.02123246249249,-0.912251165172791,-0.0670783444342583,1
2.1,-1.70434711872429,-1.39854057985173,-1.7936038355802,-3.01749556405753,-0.909980021185928,-0.0672899216362058,1
2.12,-1.70187154779336,-1.39895562153815,-1.79669498315167,-3.01384746401772,-0.907511155214583,-0.0675207699338768,1
2.14,-1.69937905593719,-1.39939386969334,-1.79980057851106,-3.01015973003963,-0.905025440369421,-0.0677540976957626,1
2.16,-1.69686985519931,-1.39985589744569,-1.8029201934005,-3.00643220120375,-0.902523088890599,-0.0679899116455547,1
2.18,-1.69434416017087,-1.40034228421995,-1.80605339465142,-3.00266471516218,-0.900004315565653,-0.068228218497926,1
2.2,-1.69180218797638,-1.40085361572756,-1.80919974411765,-2.99885710821976,-0.897469337715167,-0.068469024955719,1
2.22,-1.6891486040788,-1.40138204456828,-1.81228043847876,-2.99509031671563,-0.894823085549881,-0.0687214458254481,1
2.24,-1.68634669531955,-1.40192493362345,-1.81526395267386,-2.99139613598304,-0.892028952241763,-0.0689891416669909,1
2.26,-1.683528265269,-1.40249451538823,-1.81825738201083,-2.98766300338738,-0.889218378979318,-0.0692596360994991,1
2.28,-1.68069358009646,-1.40309139858531,-1.82126025933187,-2.98389075764679,-0.886391632182285,-0.0695329376814268,1
2.3,-1.67784290887443,-1.40371619763043,-1.82427211203965,-2.9800792372084,-0.883548981172811,-0.0698090549432627,1
2.32,-1.67497652354342,-1.40436953257591,-1.8272924620255,-2.9762282803829,-0.880690698140187,-0.0700879963836895,1
2.34,-1.67209469887052,-1.40505202904794,-1.83032082559643,-2.97233772548656,-0.877817058099276,-0.0703697704656968,1
2.36,-1.66909726849864,-1.40575420783268,-1.83326422133196,-2.96850367126081,-0.874828182295164,-0.0706642783593133,1
2.38,-1.66607182837983,-1.40648549046307,-1.83620188486642,-2.96464283874761,-0.871811420176829,-0.0709630335170477,1
2.4,-1.66303149340288,-1.40724780599509,-1.83914506808983,-2.96074282752887,-0.868779850437603,-0.0712647897552144,1
2.42,-1.65997657073326,-1.40804179905023,-1.8420932600549,-2.95680348240749,-0.865733780515536,-0.071569556378047,1
2.44,-1.65690737033368,-1.40886811910343,-1.84504594383304,-2.95282464934591,-0.862673520644278,-0.0718773426301829,1
2.46,-1.65407314878607,-1.40974452352138,-1.84819703457555,-2.94861105310653,-0.85984759690583,-0.0721630005510122,1
2.48,-1.65186931929064,-1.41069879957744,-1.85185769915803,-2.94385035268486,-0.85765024760687,-0.0723860844556615,1
2.5,-1.64965428868938,-1.41168752707225,-1.85552789979606,-2.93904398953964,-0.85544175504486,-0.0726111583606239,1
2.52,-1.64742822747701,-1.41271140052941,-1.85920712959942,-2.93419176640479,-0.853222289796654,-0.0728382250515385,1
2.54,-1.64519130742699,-1.41377112140997,-1.86289487549893,-2.92929348528312,-0.850992023716499,-0.0730672872696728,1
2.56,-1.64436443619761,-1.41482082359583,-1.86706144834843,-2.92402121531972,-0.850167618706604,-0.0731521862785245,1
2.58,-1.64465476911703,-1.41587028614894,-1.87161244836676,-2.91844043729063,-0.85045708505357,-0.0731223547636143,1
2.6,-1.64494716960922,-1.41695667003567,-1.87617876236993,-2.91280754751661,-0.850748613246423,-0.073092326076345,1
2.62,-1.64524163320049,-1.41808075231081,-1.88075992607885,-2.90712223258135,-0.851042198833792,-0.073062100984447,1
2.64,-1.64553815540465,-1.41924332109945,-1.8853554695935,-2.90138417361761,-0.85133783735186,-0.0730316802575973,1
2.66,-1.64551669097093,-1.42046985559465,-1.88992365868219,-2.89558796597125,-0.851316437752908,-0.0730339121565302,1
2.68,-1.64513442654349,-1.42176457363601,-1.89445816872822,-2.88973290645725,-0.850935311989537,-0.0730731104674854,1
2.7,-1.64474983046672,-1.42310065104019,-1.89900467512005,-2.88382430499907,-0.850551862288545,-0.0731125742208116,1
2.72,-1.64436291456005,-1.42447890303297,-1.90356269866945,-2.87786178239448,-0.850166101610765,-0.0731523426259477,1
2.74,-1.64397368935772,-1.42590019257786,-1.9081316761359,-2.87184512586704,-0.849778038152395,-0.0731923353373589,1
2.76,-1.64272567305597,-1.42739021245316,-1.91245600307158,-2.86594590054017,-0.848533753912785,-0.0733208101720761,1
2.78,-1.64123301082875,-1.42893212584175,-1.91671644671557,-2.860041641618,-0.847045565637086,-0.0734748237371535,1
2.8,-1.63973338502608,-1.43051988970604,-1.92098303208627,-2.85408447142573,-0.845550446541719,-0.0736299642877357,1
2.82,-1.63822687718543,-1.43215435546877,-1.92525518522981,-2.84807410968514,-0.84404847815212,-0.0737862313950339,1
2.84,-1.63617272741431,-1.43381373042758,-1.92925064112239,-2.84227709277213,-0.842000537606562,-0.073999978182627,1
2.86,-1.63362049653601,-1.43550070582674,-1.93299153203321,-2.83667138089284,-0.839456053295385,-0.0742666448556768,1
2.88,-1.631059738132,-1.43723653122167,-1.936731149312,-2.83101617047835,-0.836903103029654,-0.0745354291680918,1
2.9,-1.62849065836801,-1.43902203373957,-1.94046884477008,-2.8253112723496,-0.834341893050418,-0.0748063336595774,1
2.92,-1.62607534850858,-1.44086126854131,-1.94428211924931,-2.81948669628107,-0.831934015391154,-0.0750621732411926,1
2.94,-1.62503365833844,-1.44277963968717,-1.94876220260725,-2.81301365762807,-0.830895540711356,-0.0751728599415871,1
2.96,-1.62398719729276,-1.44475084186521,-1.95324539987078,-2.80648410428363,-0.829852316036886,-0.0752842650960002,1
2.98,-1.62637388661075,-1.44512558769603,-1.95517003250782,-2.80435579728333,-0.832231633088936,-0.0750304901379152,1
3,-1.63166983427891,-1.44416580941696,-1.95493838463704,-2.80592260760282,-0.837511335639081,-0.0744712796867043,1
3.02,-1.63703329580986,-1.44323950273072,-1.95467072589779,-2.80749090625884,-0.842858501937852,-0.0739103358857977,1
3.04,-1.63896090645738,-1.44303127280509,-1.95485738062115,-2.8076459727373,-0.844780284138952,-0.0737096971537288,1
3.06,-1.63380768479295,-1.444264611094,-1.95600103549363,-2.80491106064214,-0.839642672193438,-0.0742470454222141,1
3.08,-1.62864936827105,-1.44554529708928,-1.95711865809507,-2.80214945989806,-0.834500115722673,-0.0747895616211765,1
3.1,-1.62348871095756,-1.44687647172246,-1.95820739784176,-2.7993605958986,-0.82935537353758,-0.0753374082590919,1
3.12,-1.61832648860546,-1.44825879769903,-1.95926651125067,-2.79654450130125,-0.824209222112936,-0.0758906098673042,1
3.14,-1.61299511551963,-1.4492930184615,-1.95927504438884,-2.79510883730311,-0.818894608254008,-0.0764674957122294,1
3.16,-1.60743170864529,-1.44982521790312,-1.95783875818205,-2.79559631541394,-0.813348868850625,-0.0770756353327525,1
3.18,-1.60432797069574,-1.44967631069099,-1.95591028443102,-2.7974383006362,-0.810255068126584,-0.0774176843365369,1
3.2,-1.60798029624167,-1.44757306068628,-1.95270916212898,-2.80301945207217,-0.813895706095105,-0.0770153861225184,1
3.22,-1.61167487309919,-1.4455024518735,-1.94945116077114,-2.80862503737688,-0.817578541799316,-0.0766112393001938,1
3.24,-1.61541203788374,-1.4434653934189,-1.94613569739683,-2.81425469079421,-0.821303912426236,-0.0762052635160341,1
3.26,-1.6191921250029,-1.44146279519924,-1.94276218721015,-2.81990804721032,-0.825072152963612,-0.0757974787137945,1
3.28,-1.62240715883773,-1.43941362485621,-1.93883412315112,-2.82611868894545,-0.828277175880742,-0.0754528779301243,1
3.3,-1.62553870678087,-1.43738456983967,-1.93474884238015,-2.83245827699915,-0.831399029407963,-0.0751191689140361,1
3.32,-1.62870366796105,-1.43539227625248,-1.93060136180933,-2.83882362969196,-0.834554248747659,-0.0747838244395604,1
3.34,-1.63190228845378,-1.43343758883009,-1.92639110617421,-2.84521445139545,-0.837743080321242,-0.0744468563888142,1
3.36,-1.63363090588553,-1.43146433049097,-1.92131045206828,-2.85238956421832,-0.839466430978401,-0.0742655547752797,1
3.38,-1.63527626187069,-1.4295263247406,-1.91611017739506,-2.85964264415398,-0.841106789003419,-0.0740935059470346,1
3.4,-1.63693638248875,-1.4276280277146,-1.91084248541617,-2.86692390936981,-0.842761881675307,-0.0739204241092532,1
3.42,-1.63847568246325,-1.42577493119257,-1.90546461293946,-2.87426127095005,-0.844296532886681,-0.0737603945646649,1
3.44,-1.63919781348797,-1.42399210034005,-1.89976065802491,-2.8817978055134,-0.845016487414044,-0.0736854703477356,1
3.46,-1.63992566859244,-1.42225123066239,-1.89398667608371,-2.88936269521314,-0.845742151585325,-0.0736100490424235,1
3.48,-1.64065927672452,-1.42055300035265,-1.88814204879936,-2.89695587992675,-0.846473554320271,-0.0735341296781509,1
3.5,-1.64125092536839,-1.41891002203204,-1.88220498775454,-2.90457646458246,-0.847063425485151,-0.0734729410582632,1
3.52,-1.64073440530521,-1.41740077000044,-1.8760371838196,-2.91221814960637,-0.846548456500552,-0.0735263360429207,1
3.54,-1.64021451407874,-1.4159365878869,-1.8697964748687,-2.9198873673774,-0.846030128393267,-0.0735801453716828,1
3.56,-1.63994759956014,-1.41449641397205,-1.86351704424111,-2.92758865686929,-0.845764016392665,-0.0736077715268927,1
3.58,-1.64059285047813,-1.41302521662332,-1.85728742802421,-2.9353337318398,-0.846407327648934,-0.0735409999256641,1
3.6,-1.64330819060569,-1.41159405950399,-1.85202414370624,-2.9422135614359,-0.849114528671653,-0.0732608152969749,1
3.62,-1.64741463320431,-1.4102070483407,-1.84737281947184,-2.94852951511911,-0.853208735883342,-0.0728396144312017,1
3.64,-1.65156569543177,-1.40886966619868,-1.84265111117974,-2.95486592003507,-0.857347518464133,-0.0724168854027623,1
3.66,-1.65576166909558,-1.40758279574508,-1.83785834879931,-2.96122252098145,-0.861531168844672,-0.0719926496595282,1
3.68,-1.66022109481265,-1.40636523227105,-1.83318746312305,-2.9674016909981,-0.865977594308062,-0.0715451039808411,1
3.7,-1.66481887219514,-1.40520759102381,-1.8285240749563,-2.97351859243967,-0.870562070811058,-0.0710872038597097,1
3.72,-1.6694668302686,-1.40410351703693,-1.82378860375186,-2.97965330521034,-0.875196687039716,-0.0706278882970481,1
3.74,-1.67416525276324,-1.40305391135717,-1.8189803529043,-2.98580557374956,-0.879881727498323,-0.0701671839442869,1
3.76,-1.67891441473432,-1.4020596718544,-1.81409861843624,-2.99197515269399,-0.884617468022898,-0.0697051176842511,1
3.78,-1.6837145821295,-1.4011216930879,-1.80914268860323,-2.9981618074227,-0.889404175348307,-0.0692417166225268,1
3.8,-1.68833071055454,-1.40022074660652,-1.80390837943788,-3.00457483657661,-0.894007458110945,-0.0687994635554078,1
3.82,-1.6929534024437,-1.39937389374796,-1.79856181001219,-3.01104279725395,-0.898617381066643,-0.0683598476069577,1
3.84,-1.69762400757074,-1.39858550503436,-1.7931379734511,-3.0175287695736,-0.903275179841635,-0.0679189389043095,1
3.86,-1.70205051884765,-1.39783609339231,-1.78742574823986,-3.02424651991626,-0.907689640667269,-0.0675040509706161,1
3.88,-1.70601622250438,-1.39711107980799,-1.78127188039434,-3.03135213945278,-0.91164461881502,-0.0671347765118918,1
3.9,-1.71002019996101,-1.39644585739044,-1.77503640198968,-3.03847919723764,-0.915637833815168,-0.0667642268874473,1
3.92,-1.713305354672,-1.39580222041317,-1.76831390643322,-3.0460291430145,-0.91891420750474,-0.0664618954744891,1
3.94,-1.71637236866277,-1.39520612912411,-1.7613748109515,-3.05373440229685,-0.921973063151819,-0.0661810011021947,1
3.96,-1.71946648430945,-1.39467087694069,-1.75434970840372,-3.06146484423613,-0.925058986677462,-0.0658989420174539,1
3.98,-1.72183210386345,-1.3941678824996,-1.74695633037184,-3.06949025783357,-0.927418368604991,-0.0656841760510236,1
4,-1.72398953058908,-1.39371753010831,-1.73938958282311,-3.07762429254903,-0.929570125901543,-0.0654889726585795,1
4.02,-1.72616436999603,-1.39332923149842,-1.73173270242996,-3.08578663094392,-0.931739268548898,-0.0652928274210911,1
4.04,-1.72796233456077,-1.39299114576472,-1.72388779035594,-3.09406594379854,-0.933532537406293,-0.0651311488077166,1
4.06,-1.72933341855222,-1.39270210268653,-1.71584229319001,-3.10247360359109,-0.934900048948626,-0.0650081448926222,1
4.08,-1.73071468912544,-1.39247666038303,-1.70770271848012,-3.11091199771205,-0.936277727826179,-0.064884477968008,1
4.1,-1.73144206325024,-1.39263588928283,-1.71240830896932,-3.10608570368075,-0.937003213502807,-0.0648194560197055,1
4.12,-1.73198512040197,-1.39295224339766,-1.72073950287392,-3.09746688917505,-0.937544861492441,-0.0647709365372822,1
4.14,-1.73253022398303,-1.39333675790659,-1.72905596026715,-3.08879467067067,-0.938088552854761,-0.0647223117091223,1
4.16,-1.73307736528264,-1.39379069332172,-1.7373571787688,-3.08006837756742,-0.938634276657975,-0.0646735051634368,1
4.18,-1.73362653749133,-1.39431527470386,-1.74564275617669,-3.07128709727728,-0.939182028387346,-0.0646245958094146,1
4.2,-1.73417773187099,-1.39491181190164,-1.75391216078195,-3.06245014024253,-0.939731797058631,-0.0645755064111099,1
4.22,-1.73473094159328,-1.39558158022758,-1.76216496149485,-3.05355657147126,-0.940283578163082,-0.0645263167323574,1
4.24,-1.7352861578823,-1.39632594026777,-1.77040059613944,-3.04460568217591,-0.940837360653872,-0.0644769486841395,1
4.26,-1.73584337389173,-1.39714621895276,-1.77861860304936,-3.0355965152931,-0.941393140028786,-0.0644274828744177,1
4.28,-1.73640258080905,-1.39804382888225,-1.78681838785332,-3.02652834324802,-0.941950905179878,-0.0643778403713445,1
4.3,-1.73696377177076,-1.39902014988891,-1.79499945652019,-3.01740018741985,-0.942510651611999,-0.0643281026162879,1
4.32,-1.73752693792886,-1.40007664776499,-1.80316118065479,-3.00821130208633,-0.943072368157533,-0.0642781898450343,1
4.34,-1.73809207240357,-1.40121475642202,-1.81130303197067,-2.99896068779329,-0.943636050328929,-0.0642281843214261,1
4.36,-1.73865916631256,-1.4024359958993,-1.81942434611682,-2.98964758153842,-0.94420168690037,-0.0641780054595611,1
4.38,-1.73922821276056,-1.40374185522747,-1.82752455855549,-2.98027096400029,-0.944769273392407,-0.0641277363346213,1
4.4,-1.73979920283209,-1.40513390959177,-1.83560296694189,-2.97083005602548,-0.945338798522493,-0.0640772955498994,1
4.42,-1.74037212936327,-1.40661371121353,-1.84365895341875,-2.96132385135741,-0.94591025696025,-0.064026746139295,1
4.44,-1.74094698442394,-1.40818286235917,-1.85169183540684,-2.95175142915506,-0.946483640811345,-0.0639760893864983,1
4.46,-1.74152375930554,-1.40984301494241,-1.85970086445824,-2.9421119572802,-0.947058939572025,-0.0639252635088525,1
4.48,-1.74141445884337,-1.41051841950965,-1.86288315583224,-2.93824864041912,-0.946949918606643,-0.0639348871712209,0
4.5,-1.73971631432524,-1.40879667610168,-1.85493616605263,-2.94782978263309,-0.94525612311747,-0.0640846330414819,0
4.52,-1.7380099415248,-1.40715372836875,-1.84689157269198,-2.95742890984174,-0.943554130525368,-0.0642354520361258,0
4.54,-1.73629534045806,-1.40559020451343,-1.83874847451202,-2.96704626177961,-0.941843941702936,-0.0643873736069402,0
4.56,-1.7345725111164,-1.4041067405179,-1.83050592592926,-2.9766821396996,-0.940125556866317,-0.0645404054798333,0
4.58,-1.73284145371701,-1.40270397381341,-1.82216295210623,-2.98633687256323,-0.938398976459997,-0.0646945554692641,0
4.6,-1.73110216870682,-1.40138254415118,-1.81371854753778,-2.99601081758226,-0.936664201160865,-0.0648498314793631,0
4.62,-1.72935465676662,-1.40014309450861,-1.80517167457109,-3.00570436079129,-0.934921231882267,-0.0650062415050602,0
4.64,-1.72759891881501,-1.39898627203262,-1.7965212618547,-3.01541791765413,-0.93317006977808,-0.0651637936332327,0
4.66,-1.72583495601255,-1.39791272902204,-1.78776620271196,-3.02515193370672,-0.931410716246823,-0.0653224960438684,0
4.68,-1.72406276976582,-1.39692312395102,-1.77890535343361,-3.03490688523995,-0.929643172935797,-0.0654823570112467,0
4.7,-1.72228236173159,-1.39601812253571,-1.76993753148389,-3.04468328002551,-0.92786744174526,-0.0656433849051372,0
4.72,-1.72049373382095,-1.39519839884678,-1.76086151361413,-3.05448165808857,-0.926083524832622,-0.0658055881920164,0
4.74,-1.71869688820352,-1.39446463647034,-1.75167603387726,-3.06430259253097,-0.924291424616681,-0.0659689754363021,0
4.76,-1.7168918273117,-1.39381752972041,-1.74237978153609,-3.07414669040922,-0.922491143781886,-0.0661335553016069,0
4.78,-1.7150785538449,-1.39325778490614,-1.73297139885755,-3.0840145936716,-0.920682685282628,-0.0662993365520099,0
4.8,-1.7132570707738,-1.39278612165749,-1.72344947878462,-3.0939069801593,-0.918866052347556,-0.066466328053348,0
4.82,-1.71142738134473,-1.39240327431319,-1.71381256247669,-3.1038245646766,-0.917041248483932,-0.066634538774526,0
4.84,-1.70959328884289,-1.39226929206968,-1.70978160869762,-3.1078865433084,-0.915212067052185,-0.0668036269892576,1
4.86,-1.70776429925208,-1.39260889562929,-1.71937495592276,-3.09785038788469,-0.913387988665012,-0.0669727191629585,1
4.88,-1.70492661256317,-1.39302441574297,-1.72843888858268,-3.08820975078834,-0.910557949218884,-0.0672360115731147,1
4.9,-1.69913359055182,-1.39348328863377,-1.73601213449857,-3.07984452939981,-0.904780643829553,-0.0677771255400455,1
4.92,-1.6933530185591,-1.39404496059015,-1.74353489555659,-3.07142220887777,-0.89901589776308,-0.0683219960060699,1
4.94,-1.68758561976478,-1.39471094005544,-1.75100629125457,-3.06294214230637,-0.893264434286726,-0.0688706257891248,1
4.96,-1.68183211032167,-1.39548274216466,-1.7584254153859,-3.05440370280305,-0.887526969622928,-0.0694230170597569,1
4.98,-1.67522661483694,-1.3963291676644,-1.76500056817784,-3.04657606383716,-0.88094008098852,-0.0700636065552155,1
5,-1.66863478909835,-1.39728546434989,-1.77150941130625,-3.03869799974835,-0.874367026603673,-0.0707098495174944,1
5.02,-1.66206596039338,-1.39835340094075,-1.77795844345876,-3.03076172968016,-0.867817110462108,-0.0713609436576034,1
5.04,-1.65554706388445,-1.3995294943878,-1.7843212899709,-3.02279879639272,-0.861317191759986,-0.072014273412356,1
5.06,-1.64907843702274,-1.40081386739241,-1.79059787070198,-3.01480919466818,-0.854867607217982,-0.0726698133874173,1
5.08,-1.6426603914669,-1.40220662280939,-1.79678808848065,-3.00679295725204,-0.848468667746745,-0.0733275375823819,1
5.1,-1.63641483692931,-1.40371275837595,-1.80301838365219,-2.99862712483519,-0.842241914099553,-0.0739747446972799,1
5.12,-1.63027048746187,-1.40532934457549,-1.80921652172956,-2.99038230857037,-0.836116266165179,-0.0746185207389901,1
5.14,-1.62417515073401,-1.40705431204859,-1.81532824913806,-2.98211129998401,-0.830039687743027,-0.0752642401814148,1
5.16,-1.61812901434404,-1.40888770860463,-1.8213534140324,-2.97381424320652,-0.824012365664045,-0.075911876374065,1
5.18,-1.61230003716404,-1.41083112090313,-1.82744296668074,-2.96535113344267,-0.818201727167288,-0.0765431293971638,1
5.2,-1.60765097045061,-1.41289306804546,-1.83447373422272,-2.95591003753047,-0.813567430850889,-0.0770515471943008,1
5.22,-1.60303460967236,-1.4150626962078,-1.84142011173733,-2.94644335929714,-0.808965865359779,-0.077560814655405,1
5.24,-1.59845096778367,-1.41734021857516,-1.84828195447433,-2.93695105541742,-0.804397043178608,-0.0780709154827949,1
5.26,-1.59609478087154,-1.41960369581729,-1.85639383763382,-2.92639240178708,-0.80204852511574,-0.0783348777698439,1
5.28,-1.59390187547089,-1.42196643590366,-1.86451806500872,-2.91573369133168,-0.799862788539402,-0.0785816274068564,1
5.3,-1.59171900347751,-1.42443744089429,-1.87256199985682,-2.9050466825842,-0.797687082919801,-0.0788282909791168,1
5.32,-1.58954614030085,-1.42701725364079,-1.88052556678413,-2.89433091279465,-0.795521383589471,-0.0790748658342461,1
5.34,-1.58959560138824,-1.42939134846465,-1.88901499891647,-2.88347132264344,-0.795570681259143,-0.0790692411240775,1
5.36,-1.59051339302044,-1.43175171576313,-1.89766528054828,-2.87253361392079,-0.796485443560132,-0.0789649737405076,1
5.38,-1.59320106805776,-1.42940500185325,-1.89174512426484,-2.88101294499069,-0.799164278565963,-0.0786607045031998,1
5.4,-1.59609128712782,-1.42665754183542,-1.8842062280381,-2.89152589262844,-0.802045042769303,-0.0783352700640069,1
5.42,-1.5989970761463,-1.42401979115209,-1.87658564388611,-2.90201009456962,-0.804941379041853,-0.0780099056470248,1
5.44,-1.60234678066229,-1.42148079812277,-1.86916142894876,-2.91223128141398,-0.808280251947766,-0.0776370769608763,1
5.46,-1.60704501508765,-1.41901851403128,-1.86251105572909,-2.92170151093582,-0.81296341018781,-0.0771181417597897,1
5.48,-1.61177700446583,-1.41666524524554,-1.85577586009386,-2.93114515869512,-0.817680349753569,-0.0766001069404519,1
5.5,-1.61654272474573,-1.41442079485229,-1.84895604195972,-2.94056219574505,-0.822431047080085,-0.0760829893563083,1
5.52,-1.62175592023037,-1.41229930508516,-1.84241554057548,-2.94960448887662,-0.827627960316257,-0.0755225163919215,1
5.54,-1.627765091037,-1.41031290535986,-1.83645050388344,-2.95798717911241,-0.833618554957132,-0.0748830712210011,1
5.56,-1.633822489406,-1.40843570670004,-1.83039893150467,-2.96634310387433,-0.839657431784903,-0.0742454956252338,1
5.58,-1.63992792570286,-1.40666765210033,-1.82426101359453,-2.97467209124903,-0.84574440190656,-0.0736098153750592,1
5.6,-1.64608118834093,-1.40500866200865,-1.81803692515702,-2.98297400782124,-0.851879254464968,-0.0729760558054753,1
5.62,-1.65223025907323,-1.40345555230682,-1.81167728158124,-2.99129795314504,-0.858010124386257,-0.0723494901851182,1
5.64,-1.65836805934159,-1.40200774810692,-1.80517681988798,-2.99964946624026,-0.864129948856214,-0.0717306609810793,1
5.66,-1.66455156351743,-1.40066848552805,-1.79859082103807,-3.0079738567491,-0.870295532605293,-0.0711137285323708,1
5.68,-1.67078049150173,-1.39943758916487,-1.79191938610169,-3.01627116567174,-0.876506596186045,-0.0704987154726027,1
5.7,-1.6770545419759,-1.39831486672611,-1.78516259739636,-3.02454147053844,-0.882762838917096,-0.0698856439424305,1
5.72,-1.68283989396911,-1.39727444613815,-1.77788896668902,-3.03320972979277,-0.888531932065999,-0.069325888874033,1
5.74,-1.68819584326558,-1.39631815198008,-1.77015471281867,-3.042223033861,-0.893872964775896,-0.0688123381888705,1
5.76,-1.69358514742352,-1.39546769235212,-1.76233669658056,-3.05121135167866,-0.899247388317622,-0.0683000197731129,1
5.78,-1.69900760204473,-1.39472273504669,-1.75443482400126,-3.06017508810251,-0.904654998716599,-0.0677889483134251,1
5.8,-1.70368837355045,-1.39405918523961,-1.74600868719348,-3.06953444200142,-0.909323057669253,-0.0673512632995751,1
5.82,-1.70743277550746,-1.39346925744788,-1.73695501246023,-3.07939120530672,-0.913057356610337,-0.0670034198792363,1
5.84,-1.71119488034031,-1.39298125046642,-1.72781864181501,-3.08922748722423,-0.91680936927382,-0.0666559471989848,1
5.86,-1.71579154605966,-1.39262664502438,-1.71926829197657,-3.09838831064481,-0.921393782638321,-0.0662340958798339,1
5.88,-1.71856962755745,-1.39268863614325,-1.72031923745657,-3.0974290096028,-0.924164485055971,-0.0659800313101818,1
5.9,-1.71480255211694,-1.3930793337221,-1.72954544173008,-3.08760370154472,-0.920407417612212,-0.0663246103943339,1
5.92,-1.71105015007183,-1.39356686643997,-1.73869244483289,-3.07775995782511,-0.916665026179686,-0.0666692776340801,1
5.94,-1.70731520444976,-1.39415634253162,-1.74775689057203,-3.06789558336508,-0.912940101889671,-0.0670143112972995,1
5.96,-1.70359776940636,-1.39484818635663,-1.75673913395653,-3.0580098081519,-0.909232698717801,-0.0673597051580242,1
5.98,-1.6990911780118,-1.39561229543298,-1.76516288380267,-3.04856231432501,-0.904738346881419,-0.0677811052547018,1
6,-1.69335309597748,-1.39643384760677,-1.77275763941921,-3.03981058256156,-0.89901597496855,-0.0683219886743353,1
6.02,-1.68765141155112,-1.39736182511391,-1.78026830575787,-3.03103318377417,-0.893330043459713,-0.068864338715047,1
6.04,-1.68198637584417,-1.39839653994368,-1.78769491821647,-3.0222297943252,-0.887680802992787,-0.0694081389569753,1
6.06,-1.6757758662356,-1.39950521739183,-1.79455210231167,-3.0138825365597,-0.881487777520476,-0.0700100765636677,1
6.08,-1.66959160256605,-1.40072107248405,-1.80130953814794,-3.00552268502584,-0.875321102609135,-0.0706156072898386,1
6.1,-1.66345156712698,-1.40204533211757,-1.80798178354457,-2.9971355620837,-0.869198710420902,-0.0712230051105835,1
6.12,-1.65735604259047,-1.40347819534056,-1.81456873937646,-2.98872109965403,-0.863120883003609,-0.0718322483414994,1
6.14,-1.65130541453796,-1.40501985194003,-1.82107040139823,-2.98027915306015,-0.857088004937962,-0.0724433023349494,1
6.16,-1.6453050807736,-1.40667078952501,-1.82749142433961,-2.97180496247898,-0.851105458003633,-0.0730556152548101,1
6.18,-1.63934991663998,-1.40843081655614,-1.83382676190324,-2.96330345079121,-0.84516813248401,-0.0736697012534082,1
6.2,-1.6334401240619,-1.41030005940156,-1.84007624409319,-2.95477469659574,-0.839276229630323,-0.0742855369445177,1
6.22,-1.62757588550218,-1.41227862380181,-1.84623968454277,-2.94621881621791,-0.833429931220447,-0.0749030985494924,1
6.24,-1.62175736418731,-1.41436659397563,-1.85231688108548,-2.93763596400517,-0.827629399785065,-0.0755223619145029,1
6.26,-1.61645025234059,-1.41658042491595,-1.85869909176072,-2.92865271759143,-0.822338864910069,-0.0760929798602966,1
6.28,-1.61189738606831,-1.41892872133993,-1.8656006605073,-2.91906585385584,-0.817800350230882,-0.0765869880009106,1
6.3,-1.60737577053145,-1.42138623148749,-1.87241795498186,-2.90945188153667,-0.81329310931812,-0.0770817822638434,1
6.32,-1.60288541967129,-1.42395318576869,-1.87915076308367,-2.89981080577756,-0.808817155674953,-0.077577347462783,1
6.34,-1.59999887437616,-1.42656576092426,-1.88668394838604,-2.88944324167221,-0.805939930570843,-0.0778981532103433,1
6.36,-1.59812243564669,-1.42924762065475,-1.8946979909056,-2.87860213616831,-0.804069578251746,-0.0781076490300831,1
6.38,-1.59625382434608,-1.43203995283023,-1.90263221689555,-2.86773017810692,-0.802207049842933,-0.0783170225130796,1
6.4,-1.59523402268825,-1.4348458593504,-1.91074699585025,-2.85672980045866,-0.801190577209289,-0.0784316071951359,1
6.42,-1.59500274056311,-1.43767243813141,-1.91902712650299,-2.84560499026039,-0.80096005082196,-0.0784576195735395,1
6.44,-1.59477197950372,-1.44061160839796,-1.92722954096196,-2.83444533318201,-0.80073004413518,-0.0784835849447674,1
6.46,-1.59454173781207,-1.44366412503314,-1.93535408740231,-2.82325022610571,-0.80050055545451,-0.0785095034319878,1
6.48,-1.5926393161951,-1.44331867352455,-1.93328777936972,-2.8255127914113,-0.798604358530515,-0.0787237559795068,1
6.5,-1.58972757696581,-1.44096212630956,-1.92497964589458,-2.83594639838766,-0.795702220900218,-0.0790542365330684,1
6.52,-1.58681907079397,-1.43871330707945,-1.9165992530924,-2.84634323269419,-0.79280334835031,-0.0793858168964344,1
6.54,-1.58391566735829,-1.43657642939072,-1.90814308898164,-2.856702289919,-0.789909616771025,-0.0797187100886755,1
6.56,-1.58398992930608,-1.43388826442461,-1.89976817710702,-2.86777137743199,-0.789983630626537,-0.0797101711037857,1
6.58,-1.58411291399144,-1.43130014576163,-1.89131830445173,-2.87881932077688,-0.790106204508447,-0.0796960318272797,1
6.6,-1.58423616350903,-1.42882213025689,-1.88279095799409,-2.88983465254052,-0.790229042438135,-0.0796818655450504,1
6.62,-1.58479042513892,-1.42639838643302,-1.87434219253156,-2.9007519801651,-0.790781453582127,-0.0796181743697896,1
6.64,-1.58731395639136,-1.42383246568754,-1.86652445215638,-2.91133855637419,-0.793296590890943,-0.0793292646154208,1
6.66,-1.58985027645023,-1.4213749555797,-1.8586255613894,-2.92189741272373,-0.795824515182535,-0.0790402897744426,1
6.68,-1.59239941533414,-1.41902535601985,-1.85064562972698,-2.93242889181335,-0.798365257718792,-0.078751292580854,1
6.7,-1.59496140141649,-1.41678317777185,-1.84258471594981,-2.94293341723113,-0.800918846990725,-0.0784622770946057,1
6.72,-1.59959906206017,-1.41454987598227,-1.83584692635077,-2.95226527764326,-0.805541413248059,-0.0779427273271676,1
6.74,-1.60476380347256,-1.41240104577327,-1.82935725185847,-2.96129978272331,-0.81068950196921,-0.0773695318609888,1
6.76,-1.60996835528393,-1.41035998177344,-1.82278198526071,-2.97030912194364,-0.815877437071595,-0.0767975658715517,1
6.78,-1.61581849510021,-1.40843428007031,-1.81670106578807,-2.97875039434353,-0.821709091843434,-0.0761612791692435,1
6.8,-1.62181871061054,-1.40661803361464,-1.81063089452449,-2.98707495175145,-0.827690555535936,-0.0755157984844457,1
6.82,-1.62786781761689,-1.40490996430484,-1.80447419416246,-2.99537373677043,-0.833720965741171,-0.0748722005252542,1
6.84,-1.63396564043714,-1.40331002397204,-1.79823110660028,-3.00364661562247,-0.839800147542754,-0.0742305118849997,1
6.86,-1.64015940712985,-1.40181980447753,-1.79195183089705,-3.01184501312534,-0.845975187140227,-0.0735858493910189,1
6.88,-1.64670524566043,-1.40044838774632,-1.78590400970327,-3.01970926160554,-0.852501455728862,-0.0729121612870703,1
6.9,-1.65330371614548,-1.39918537819738,-1.77976952047149,-3.02754692769777,-0.859080423929497,-0.0722407907917898,1
6.92,-1.65995448778827,-1.39803070047881,-1.77354846088364,-3.03535794862582,-0.865711761731576,-0.0715717652525103,1
6.94,-1.66665720177157,-1.3969842580089,-1.76724091241488,-3.04314230023321,-0.872395111085109,-0.0709051113493737,1
6.96,-1.67325235374777,-1.39604074091874,-1.76069806291901,-3.05104413906025,-0.878971420448411,-0.0702564181797921,1
6.98,-1.67901099456952,-1.39517540501334,-1.75324578858979,-3.05971817901475,-0.884713776000883,-0.0696957582940547,1
7,-1.68480824842445,-1.39441598054691,-1.74570861921845,-3.06836773043967,-0.890494789558777,-0.0691366392709663,1
7.02,-1.69064386063793,-1.39376220100186,-1.73808646588304,-3.07699312291065,-0.896314206961548,-0.0685790789293946,1
7.04,-1.6965175611577,-1.39321379448657,-1.73037921392212,-3.08559471779883,-0.902171758659476,-0.0680230947183257,1
7.06,-1.70183596579254,-1.39275786335004,-1.72217650622295,-3.09456165213995,-0.907475669774742,-0.0675240944875985,1
7.08,-1.7065836607399,-1.39239245102959,-1.71347446288372,-3.10390042104159,-0.912210527764298,-0.0670821236280278,1
7.1,-1.70759990043289,-1.39217045395303,-1.70634810745855,-3.11130637526542,-0.913224031967575,-0.0669879413325897,0
7.12,-1.69931985699158,-1.39226252926206,-1.70777876475263,-3.10930945426258,-0.904966402705027,-0.0677596506496528,1
7.14,-1.6938995321525,-1.39261696943915,-1.7160196870396,-3.1003975913504,-0.899560908923736,-0.068270269067684,1
7.16,-1.68717844848199,-1.3930555249096,-1.72298152058686,-3.0925979215122,-0.892858393588694,-0.0689095499396046,1
7.18,-1.68021096244612,-1.39359658728813,-1.72959147005939,-3.08502485280444,-0.885910369727005,-0.069579594092635,1
7.2,-1.67324807506394,-1.39424359153775,-1.73605529724585,-3.07748378709606,-0.878967153922109,-0.07025683674479,1
7.22,-1.66556923074133,-1.39497642798081,-1.74146367422183,-3.07085807370511,-0.871310268427841,-0.0710128106679871,1
7.24,-1.65795415203097,-1.39581843003468,-1.74678409495195,-3.06420453893801,-0.863717247825197,-0.0717721883593117,1
7.26,-1.65005342027854,-1.39674941508901,-1.75141485341368,-3.058121784,-0.855839706676273,-0.072570538212998,1
7.28,-1.64167865229483,-1.39775906358579,-1.7550147330904,-3.05294688674566,-0.847489870151308,-0.0734288000964215,1
7.3,-1.63338254494479,-1.39887925855631,-1.7585251536403,-3.04774255826968,-0.839218825743144,-0.0742915691693729,1
7.32,-1.62474692144679,-1.4000613066241,-1.7609124217714,-3.0435612015565,-0.830609689991675,-0.0752033648009725,1
7.34,-1.61614566213558,-1.40134782445473,-1.76308007746024,-3.03948192671894,-0.822035231047793,-0.0761258993699178,1
7.36,-1.60748082280552,-1.40270771737923,-1.76458180334083,-3.03597447838209,-0.813397826231448,-0.0770702390336263,1
7.38,-1.59865809016187,-1.40411663824237,-1.76504179547678,-3.03343084618381,-0.804603493082643,-0.0780477690958356,1
7.4,-1.5898882667362,-1.40549020444071,-1.76398732681614,-3.0324234191803,-0.795862380029211,-0.0790359725914243,1
7.42,-1.58115326532824,-1.40677225262524,-1.76088177740387,-3.03354326887207,-0.787156468613187,-0.0800372141679155,1
7.44,-1.57258570132842,-1.40811720475337,-1.7574167382475,-3.03495512936127,-0.778617932323089,-0.081036283096861,1
7.46,-1.56469532976497,-1.40922138910987,-1.75171040105369,-3.03888871787716,-0.770754742791164,-0.0819718012030998,1
7.48,-1.55688029663747,-1.41042859304486,-1.74591937384875,-3.04279446870606,-0.762967070316758,-0.0829134405145844,1
7.5,-1.54933374061555,-1.4116567580669,-1.73966988272825,-3.04714556437648,-0.755447362082718,-0.0838374029348445,1
7.52,-1.5421799997089,-1.41284882645051,-1.73270635955542,-3.05226725340714,-0.748319470988449,-0.0847269952874825,1
7.54,-1.53718312371121,-1.41364547537713,-1.72648348381668,-3.05723108121939,-0.743340888027086,-0.0853565145616736,1
7.56,-1.54500615229993,-1.41152792952065,-1.72518938174614,-3.0613635270094,-0.751135364146607,-0.0843739313319256,1
7.58,-1.55322427895208,-1.40954217915103,-1.72516416762549,-3.06411331124598,-0.759324006137039,-0.0833592366708996,1
7.6,-1.56162208702701,-1.40766863289512,-1.72541546246632,-3.06647167493878,-0.7676922067707,-0.0823402848777181,1
7.62,-1.57010679151634,-1.4058987296434,-1.7255136904453,-3.06886831861588,-0.776147515223547,-0.0813285777207863,1
7.64,-1.57856115880493,-1.40421403040458,-1.72483307331253,-3.07193783542142,-0.784573091856202,-0.0803376762170381,1
7.66,-1.58711148890838,-1.40263665032457,-1.72406291372045,-3.07497968266872,-0.793094795422582,-0.0793523949625756,1
7.68,-1.59561099209481,-1.40115609949776,-1.72262368799261,-3.07857235425423,-0.80156631527924,-0.078389225036121,1
7.7,-1.60417203536692,-1.39978178205583,-1.72097232124623,-3.08225890896283,-0.810099633600686,-0.0774349226519082,1
7.72,-1.61275434626046,-1.39851429710607,-1.71900952661076,-3.08613518704023,-0.818654599787574,-0.0764936837232127,1
7.74,-1.62129788387834,-1.39735208652287,-1.71655455645796,-3.09037950923535,-0.827171348281662,-0.0755715452868096,1
7.76,-1.62992860455148,-1.39629976594802,-1.71401006858905,-3.09459418315824,-0.835775429919341,-0.0746545506966865,1
7.78,-1.63841699338838,-1.39535530440253,-1.71078760718312,-3.09935385564437,-0.844238020823278,-0.0737664882651148,1
7.8,-1.64695519675765,-1.39452065696109,-1.70739310822878,-3.10416472033105,-0.852750663994595,-0.0728865895165956,1
7.82,-1.64898256384928,-1.39442302723851,-1.70912356089615,-3.10266832911868,-0.854772007254711,-0.0726792193966403,1
7.84,-1.64231078932538,-1.39519372166512,-1.71517594942208,-3.09539416551912,-0.848120112532028,-0.0733635775808003,1
7.86,-1.63391936031641,-1.39611508563276,-1.71872446266471,-3.09034496399474,-0.839754008131759,-0.0742353558072143,1
7.88,-1.62556629133019,-1.39714530719643,-1.72207501278034,-3.08537334419072,-0.831426528809564,-0.0751162380889404,1
7.9,-1.61692675705552,-1.39827655719738,-1.72438145985406,-3.08130922859401,-0.822813874593776,-0.0760415180022619,1
7.92,-1.60837558770015,-1.39951762135153,-1.72659827154638,-3.07721555983878,-0.814289737439015,-0.0769720116958194,1
7.94,-1.59985851402822,-1.40086419193702,-1.72853560843163,-3.07328231689661,-0.80580002473798,-0.0779137980462258,1
7.96,-1.59124976017303,-1.40230690038179,-1.72974928009273,-3.06995280807526,-0.797219384122281,-0.0788814523298724,1
7.98,-1.58273495767199,-1.40385798233357,-1.73087324286258,-3.06659484929653,-0.788732856183867,-0.0798546325072308,1
8,-1.57422406563507,-1.40550002062268,-1.73143936141153,-3.06368653340734,-0.78025070697101,-0.080843901741783,1
8.02,-1.56566176464124,-1.40722147532077,-1.73114791978701,-3.06153385748571,-0.771717824732387,-0.0818564054030931,1
8.04,-1.55721992510863,-1.40905362339449,-1.73089105892236,-3.05922755622383,-0.763305500487945,-0.0828722006340966,1
8.06,-1.54900818887464,-1.41101949161638,-1.7312973887008,-3.05612606326164,-0.755122978178729,-0.0838775932921834,1
8.08,-1.55386848846106,-1.41030686218681,-1.73673482709312,-3.05183510484032,-0.759965925954155,-0.083280436892385,1
8.1,-1.56140457052557,-1.40913747486459,-1.74311534147232,-3.04728412311387,-0.767475450639263,-0.0823664536454606,1
8.12,-1.56901026037052,-1.40807022794689,-1.7494118426332,-3.04270601632698,-0.775054754444676,-0.08145834200174,1
8.14,-1.577583527579,-1.40665243685019,-1.75280520144837,-3.04144677936024,-0.783598764879167,-0.0804514016244075,1
8.16,-1.58627687201079,-1.40532654930067,-1.75602353624705,-3.04026216496803,-0.792262951544351,-0.0794478393027644,1
8.18,-1.59512852629169,-1.40388971492053,-1.75703617584434,-3.04138850700736,-0.801085425568371,-0.0784434739884926,1
8.2,-1.60408151435626,-1.40254603730123,-1.75780886339122,-3.04265121070011,-0.810009403374775,-0.0774449317769583,1
8.22,-1.61303860035618,-1.40127602934682,-1.75797597303234,-3.0444281272488,-0.818937955721933,-0.0764627675505486,1
8.24,-1.62179477144655,-1.40000197649887,-1.75640553587357,-3.04791463457183,-0.827666690775128,-0.0755183598753485,1
8.26,-1.6304750035634,-1.39881996983189,-1.75431958713311,-3.05180305725558,-0.836320156454915,-0.0745969783680869,1
8.28,-1.6386117101471,-1.39767846993808,-1.75054172177245,-3.05729000241149,-0.844432150371692,-0.0737462739854003,1
8.3,-1.64682539888306,-1.39664710598951,-1.74667459345238,-3.06274804970672,-0.852621251826864,-0.0728998674166675,1
8.32,-1.65459779127534,-1.39570282194004,-1.74184194159577,-3.06904241118777,-0.860370700343734,-0.0721100179137443,1
8.34,-1.66227995377516,-1.39486078184567,-1.73665462455565,-3.07557195195325,-0.868030484423849,-0.0713396194000592,1
8.36,-1.66978208734202,-1.39412237698876,-1.73105750873364,-3.08238541880231,-0.875511042925635,-0.0705968633038688,1
8.38,-1.67685252071101,-1.39348102235786,-1.72473059487024,-3.08979484279961,-0.882561388186625,-0.0699052860450871,1
8.4,-1.68397745735613,-1.39294721478619,-1.71831652529607,-3.09717836557998,-0.889666316478517,-0.0692164431919666,1
8.42,-1.69157279011302,-1.39252959871214,-1.71232978671856,-3.10403749933419,-0.897240572442448,-0.0684908042939245,1
8.44,-1.69929958239962,-1.39222180293021,-1.70634498574846,-3.11078278479793,-0.904946183353793,-0.0677615524853213,1
8.46,-1.69499018833642,-1.39212791787885,-1.70032182668978,-3.11664858014762,-0.900648570649117,-0.0681671733184271,0
8.48,-1.68664397657512,-1.39217726012713,-1.69422822672438,-3.12219739995214,-0.892325406861144,-0.068960682263404,0
8.5,-1.67834898765868,-1.39233372460107,-1.68804760906437,-3.12771736137313,-0.884053633397685,-0.0697599421820084,0
8.52,-1.6701063593987,-1.39259697462755,-1.68177999500735,-3.13320876318625,-0.87583438851524,-0.0705649680158939,0
8.54,-1.66191718952055,-1.3929666516613,-1.67542538757449,-3.13867194679464,-0.867668770347259,-0.0713757732185133,0
8.56,-1.65378253627653,-1.39344237711992,-1.66898377161436,-3.14410729432098,-0.859557837510938,-0.0721923697409374,0
8.58,-1.64570341768133,-1.39402375355657,-1.66245511310263,-3.14951522813519,-0.851502608342551,-0.0730147680291529,0
8.6,-1.63768081083061,-1.3947103658654,-1.65583935842544,-3.15489621036169,-0.843504060216051,-0.0738429770237723,0
8.62,-1.62971565130361,-1.39550178251814,-1.64913643364524,-3.16025074236894,-0.835563128945759,-0.0746770041621437,0
8.64,-1.62180883265038,-1.39639755683055,-1.6423462437476,-3.16557936424433,-0.827680708273701,-0.0755168553828371,0
8.66,-1.61396120596369,-1.39739722825734,-1.63546867186743,-3.17088265425729,-0.819857649441731,-0.0763625351324805,0
8.68,-1.60617357953552,-1.398500323714,-1.62850357849283,-3.17616122831388,-0.81209476084829,-0.0772140463749067,0
8.7,-1.59844671859764,-1.39970635892449,-1.62145080064493,-3.18141573940608,-0.804392807789331,-0.0780713906025641,0
8.72,-1.59211096974605,-1.40079701782002,-1.61509961236348,-3.18618047266066,-0.798077760119196,-0.0787839220047002,1
8.74,-1.6011458042776,-1.39948753600537,-1.61773931861679,-3.1855544530532,-0.807083151061305,-0.0777704741294973,1
8.76,-1.61027653616275,-1.39828662351376,-1.62025943825207,-3.18492811065028,-0.816184639114081,-0.076763873317899,1
8.78,-1.61954544886629,-1.39722591020251,-1.62169146650064,-3.1852414108818,-0.825424373753413,-0.0757595087209121,1
8.8,-1.62889985438335,-1.39627088489896,-1.62315733145894,-3.18540296594502,-0.834749833139589,-0.0747631009859224,1
8.82,-1.6382115430874,-1.395374260442,-1.62622979376834,-3.18387853774356,-0.844033190319727,-0.0737878244515858,1
8.84,-1.63617537736671,-1.39548192268545,-1.62767923981546,-3.18218090065514,-0.842003168397948,-0.0739993195632266,1
8.86,-1.62681282356601,-1.39630703275449,-1.62757274023873,-3.18080297696239,-0.832669217691011,-0.0749839383805903,1
8.88,-1.61747498902127,-1.39727705737455,-1.62640313302223,-3.1803272765776,-0.823360388114856,-0.075982365601484,1
8.9,-1.60823276856376,-1.3983564160316,-1.62514525758464,-3.17981902425652,-0.81414737347354,-0.0769876793820858,1
8.92,-1.59910008353931,-1.39956327556463,-1.62316592834911,-3.17989429674992,-0.805044052312179,-0.0779984054641256,1
8.94,-1.59006832021425,-1.40088497735766,-1.6208581479166,-3.18017213792961,-0.796041839118749,-0.0790155142375736,1
8.96,-1.58359265782332,-1.40186138773188,-1.6205792305927,-3.17895503332166,-0.789587686682837,-0.0797558631951023,1
8.98,-1.58903695158334,-1.40076846035059,-1.63007176973574,-3.17099294408529,-0.795013878051441,-0.079132799585121,1
9,-1.59725664571391,-1.39946093708162,-1.63598563314911,-3.16703390862288,-0.803206604000804,-0.0782045654256204,1
9.02,-1.6056271065659,-1.39825246831214,-1.64156959306931,-3.16330162580423,-0.811550037446125,-0.0772742682842509,1
9.04,-1.61454181567928,-1.39711905913132,-1.64560432467523,-3.16106813651371,-0.820436429229512,-0.0762995457823268,1
9.06,-1.62354173615376,-1.39609304418281,-1.64955132948856,-3.15880391083852,-0.829408234443519,-0.0753317532817032,1
9.08,-1.63282174042399,-1.39517218016785,-1.65232190089707,-3.15761360735848,-0.838659728856988,-0.0743503524429059,1
9.1,-1.6421992860975,-1.39436071430325,-1.65495489885885,-3.15644061723111,-0.848008943347544,-0.0733750771980635,1
9.12,-1.64648904205574,-1.39396359333675,-1.66291380542013,-3.14916969586288,-0.852285894921531,-0.0729342894966433,1
9.14,-1.64080375109121,-1.39437591733136,-1.66806914230718,-3.14321576810478,-0.846617594700563,-0.073519189998388,1
9.16,-1.63203200257359,-1.39513446172788,-1.67086489901777,-3.13905290143954,-0.837872398658935,-0.0744332324139976,1
9.18,-1.62296240197994,-1.39603570471915,-1.6721381732269,-3.13623264758873,-0.828830696091757,-0.0753935703412216,1
9.2,-1.61393478803411,-1.39705145041867,-1.6731315461552,-3.13356360104682,-0.819831314823517,-0.0763654029524133,1
9.22,-1.60879589255728,-1.3977057933643,-1.67594752353157,-3.12970976029875,-0.814708703471776,-0.0769259274411056,1
9.24,-1.61558820257824,-1.39698007745043,-1.68368359889619,-3.12320509410497,-0.821479523183078,-0.076186196032776,1
9.26,-1.6244459891188,-1.39606627153355,-1.68800331007398,-3.12044374162544,-0.830309688203019,-0.0752353967399914,1
9.28,-1.63343808979687,-1.39525036572996,-1.69200320193732,-3.11789728995534,-0.839274201553379,-0.0742857502857613,1
9.3,-1.64271897570643,-1.39450538651519,-1.69502826048919,-3.11625801268022,-0.848527076609084,-0.0733215006282244,1
9.32,-1.6520847783371,-1.39387051911646,-1.69796499253296,-3.11458563073681,-0.85786507202316,-0.0723642374450399,1
9.34,-1.64429098574214,-1.39450990557396,-1.70024390803471,-3.11114469313079,-0.850094387496849,-0.0731597339078423,1
9.36,-1.63513711662444,-1.39524879020396,-1.69846319025055,-3.11155747846044,-0.840968065856772,-0.0741080366054826,1
9.38,-1.62599373464422,-1.39605923187902,-1.69504526536745,-3.11351975135855,-0.831852653230664,-0.0750708380247643,1
9.4,-1.61743453920727,-1.39688504314186,-1.68998987353584,-3.11712958491846,-0.823320065031021,-0.0759867278417838,1
9.42,-1.6091279438197,-1.39778321499774,-1.68428750449582,-3.12131731403814,-0.815039697777209,-0.0768895458722504,1
9.44,-1.60198334362279,-1.39861404057966,-1.67686759413302,-3.12736400658217,-0.80791798676476,-0.0776774131333153,1
9.46,-1.59541847311636,-1.3994620017837,-1.6685650661663,-3.13431001932001,-0.801374425032852,-0.0784108657737599,1
9.48,-1.59715486023379,-1.39919543116073,-1.66492574628807,-3.13835138184668,-0.803105149853057,-0.078215969593159,1
9.5,-1.60619316928661,-1.397973815961,-1.66534804823493,-3.13984475066183,-0.812114287916874,-0.0772118889079694,1
9.52,-1.61530897118706,-1.39686351018664,-1.665487641616,-3.14149702728685,-0.821201169898579,-0.076216422410099,1
9.54,-1.62451899813989,-1.39586312939693,-1.66552126276135,-3.14313417478558,-0.830382471420426,-0.0752276239444789,1
9.56,-1.6336210576272,-1.39499438025091,-1.66445537726367,-3.14571390034651,-0.839456612679503,-0.0742665864213048,1
9.58,-1.64258388624825,-1.39426015172161,-1.66215723338841,-3.14936507013457,-0.848392391576869,-0.0733354227191906,1
9.6,-1.6371690450637,-1.39471942529185,-1.65916018501871,-3.15153092366258,-0.84299384078085,-0.0738962078886524,1
9.62,-1.62788751827164,-1.39558217029797,-1.65619195065562,-3.15298517520178,-0.833740605837695,-0.0748701162682237,1
9.64,-1.61866148094517,-1.39655511625469,-1.65334668098262,-3.15419249707442,-0.824543166919532,-0.0758545517685518,1
9.66,-1.60975260232578,-1.39762227868179,-1.6493696786193,-3.15644295862421,-0.81566236971665,-0.0768211656386891,1
9.68,-1.60110032507433,-1.39878500742463,-1.64450479185083,-3.15948801050552,-0.80703781879154,-0.0777755315970902,1
9.7,-1.59275613787898,-1.40003076369671,-1.63900035091832,-3.1630969014739,-0.798720808612849,-0.0787109652059954,1
9.72,-1.58496839390204,-1.4013317411797,-1.63222819226162,-3.16794694764907,-0.790958830050725,-0.0795977885624362,1
9.74,-1.57829920057335,-1.40259247877119,-1.6242523574859,-3.17411855017566,-0.784312018368861,-0.0803681271576955,1
9.76,-1.57359723517276,-1.40369000297176,-1.61413813389567,-3.18274550266307,-0.779626012899946,-0.080917430557272,1
9.78,-1.58010349953078,-1.4026522453172,-1.61341934106752,-3.18503990815421,-0.786110232808756,-0.0801587099296275,1
9.8,-1.5890380383849,-1.40125445941572,-1.61459225450369,-3.18598654673905,-0.795014961259471,-0.0791326762135968,1
9.82,-1.58927391806632,-1.40153383776603,-1.60686841147039,-3.19344981437444,-0.795250060827393,-0.0791058253609007,0
9.84,-1.58640863087624,-1.40246656122065,-1.59593193074452,-3.20322434629184,-0.792394272337584,-0.0794327609923443,0
9.86,-1.58354781288645,-1.40349461194298,-1.58490310244426,-3.21299430386892,-0.789542991664964,-0.0797610230920664,0
9.88,-1.58069151480809,-1.40461792652304,-1.57378065675824,-3.22276100692845,-0.786696269888466,-0.0800906238703736,0
9.9,-1.57880856508726,-1.40559090005059,-1.56390557815085,-3.2315088010928,-0.784819662964851,-0.0803089309247579,1
9.92,-1.58749587491414,-1.40400646021405,-1.56839146935584,-3.22931211655865,-0.793477905831059,-0.0793084903047716,1
9.94,-1.59634383248473,-1.40254232596294,-1.57243924402901,-3.22742779980153,-0.802296764473981,-0.0783069203908651,1
9.96,-1.60532386025856,-1.40119556001437,-1.57616245744131,-3.22574264339943,-0.811247762782907,-0.0773077132691745,1
9.98,-1.61440876445154,-1.39996018506865,-1.57970733508133,-3.22411416061747,-0.820303797169298,-0.0763139743356783,1
10,-1.62359284686467,-1.39883532119038,-1.58310521434496,-3.22251142968994,-0.829459186812796,-0.0753263027513261,1
10.02,-1.63273451410158,-1.3977863433192,-1.5870744502297,-3.22024077930298,-0.838572768290752,-0.0743595007315149,1
10.04,-1.63234087850023,-1.39764125594254,-1.58981077946769,-3.21762193551805,-0.838180332091636,-0.0744007885318935,1
10.06,-1.62294592332876,-1.39859719216376,-1.58771384474345,-3.21809429977161,-0.828814268547479,-0.0753953296700687,1
10.08,-1.6136888459781,-1.39969112693126,-1.58494950788945,-3.21908773924352,-0.819586148545484,-0.076392106704607,1
10.1,-1.60455906532648,-1.40090874735666,-1.58179079642585,-3.22034295281789,-0.810485420844922,-0.0773921475001323,1
10.12,-1.59555950511345,-1.40224642129307,-1.57827364838973,-3.22182804669591,-0.801514996420538,-0.0783950119230543,1
10.14,-1.58667639970049,-1.40369738849289,-1.57451285581978,-3.22343409775206,-0.792661151231528,-0.079402130981396,1
10.16,-1.57791101991534,-1.4052609166443,-1.57050323426688,-3.22516726650738,-0.78392514961837,-0.0804132805194367,1
10.18,-1.5739483515454,-1.4055876399866,-1.57495064687315,-3.22006464699222,-0.779975932249209,-0.0808762320828968,1
10.2,-1.58111679677205,-1.40397236589756,-1.5829759438655,-3.2142460129073,-0.787120122563352,-0.0800414304601372,1
10.22,-1.58897979837774,-1.40242741969525,-1.58983094557116,-3.20957025249649,-0.794956913876161,-0.0791393060532946,1
10.24,-1.59722221189427,-1.4009849281367,-1.5958325212477,-3.2056603505228,-0.80317228226236,-0.0782084232715481,1
10.26,-1.60594101444936,-1.39966238449068,-1.6004805745983,-3.20300454229871,-0.811862940112649,-0.0772396677862614,1
10.28,-1.614955855959,-1.39846455803504,-1.60418731042771,-3.20117024687361,-0.820849165771715,-0.0762546686828425,1
10.3,-1.62387605059614,-1.3973500551516,-1.60866131889497,-3.19846097612054,-0.829741513443103,-0.0752961104521181,1
10.32,-1.63304820429521,-1.39635948921091,-1.61236644025236,-3.19639762949282,-0.838885502943796,-0.0743266075261509,1
10.34,-1.64095566788095,-1.39546234670657,-1.61861042778352,-3.19159845733562,-0.846769055264578,-0.0735034848898521,1
10.36,-1.63150291588384,-1.39629239252781,-1.61684770615169,-3.19187495936816,-0.837344926891082,-0.0744888239140634,1
10.38,-1.62224398430438,-1.39727602081051,-1.6137351369804,-3.19334348541295,-0.828114508012916,-0.0754703190990524,1
10.4,-1.61319540365382,-1.39838542205385,-1.60985137333465,-3.19545497653961,-0.819094263768747,-0.0764457202084714,1
10.42,-1.60431054510566,-1.39960818511803,-1.6055495243112,-3.19786585849811,-0.810237698491587,-0.0774196107304408,1
10.44,-1.59559594970608,-1.40094261027665,-1.60081909604285,-3.20058925943243,-0.80155132200555,-0.0783909156580158,1
10.46,-1.587173271669,-1.40238869030703,-1.59529571355733,-3.20399979565197,-0.793156373088052,-0.0793453358409961,1
10.48,-1.57953741220912,-1.40391769141574,-1.58808020958362,-3.20906721150564,-0.785546052104846,-0.0802243322640301,1
10.5,-1.57269973763631,-1.40549379150422,-1.57967563578737,-3.21532919176444,-0.778731578969139,-0.0810228718156085,1
10.52,-1.56665612834718,-1.40709693130942,-1.57033167468896,-3.22255953099231,-0.77270874553648,-0.0817379126000125,1
10.54,-1.56313968775214,-1.40842960431753,-1.5599094037626,-3.23134780017204,-0.76920451192119,-0.0821580319629959,1
10.56,-1.56966366404333,-1.40735426339022,-1.55953093814206,-3.23335813184998,-0.775705910408809,-0.0813809827472078,1
10.58,-1.57835138050613,-1.40568724273134,-1.56353481259747,-3.23174562547881,-0.78436402203071,-0.080362060515676,0
10.6,-1.58727562538949,-1.40434598716013,-1.56415615771251,-3.23319025776968,-0.793258387093802,-0.079333643258916,0
10.62,-1.59629994110791,-1.40311188644115,-1.56468952455558,-3.23460453476961,-0.802253016216817,-0.0783118465575321,0
10.64,-1.60542350680441,-1.40198559508688,-1.56513483991854,-3.23598779453638,-0.81134708998676,-0.0772967212115197,0
10.66,-1.61464540172068,-1.40096772381216,-1.56549202925379,-3.23733942508638,-0.820539689004253,-0.0762883150870505,0
10.68,-1.6239646045058,-1.40005883807578,-1.56576101687462,-3.23865886582923,-0.829829793189823,-0.0752866730203667,0
10.7,-1.63337999254727,-1.39925945674245,-1.56594172605354,-3.23994560895929,-0.839216281112293,-0.0742918367256037,0
10.72,-1.64289034157162,-1.39857005084636,-1.56603407911275,-3.24119920074342,-0.848697929586912,-0.0733038447086834,0
10.74,-1.65249432552429,-1.3979910424625,-1.56603799750664,-3.24241924269795,-0.858273413552894,-0.0723227321877245,0
10.76,-1.66219051673697,-1.39752280369211,-1.56595340189611,-3.24360539264848,-0.867941306238674,-0.0713485310203958,0
10.78,-1.6719773863892,-1.39716565576753,-1.56578021221437,-3.24475736566638,-0.877700079621628,-0.0703812696386012,0
10.8,-1.68185330526944,-1.39691986828161,-1.56551834772401,-3.24587493487692,-0.887548105187467,-0.0694209729908531,0
10.82,-1.69181654483903,-1.396785658546,-1.56516772706511,-3.24695793213416,-0.897483654992752,-0.0684676624926516,0
10.84,-1.70186527860072,-1.39676319108208,-1.56472826829401,-3.24800624855883,-0.907504903032269,-0.067521355985143,0
10.86,-1.71199758377179,-1.39685257724762,-1.56419988891248,-3.24901983493596,-0.917609926911144,-0.0665820677022893,0
10.88,-1.7222114432596,-1.3970538750016,-1.56358250588703,-3.24999870196992,-0.927796709819731,-0.0656498082467304,0
10.9,-1.73250474793584,-1.39736708880871,-1.56287603565798,-3.2509429203953,-0.93806314280742,-0.0647245845744749,0
10.92,-1.74287529920376,-1.39779216968455,-1.56208039413798,-3.251852620943,-0.948407027349655,-0.0638063999885007,0
10.94,-1.75332081185064,-1.39832901538151,-1.56119549669975,-3.25272799416154,-0.958826078200523,-0.0628952541413031,0
10.96,-1.7638389171763,-1.39897747071492,-1.56022125815254,-3.25356929009469,-0.969317926521564,-0.0619911430463655,0
10.98,-1.77442716638632,-1.39973732802777,-1.55915759270721,-3.25437681781715,-0.979880123275585,-0.0610940590984885,0
11,-1.78508303423717,-1.40060832779224,-1.5580044139294,-3.25515094483111,-0.990510142872636,-0.0602039911028543,0
11.02,-1.79580392291882,-1.40159015934485,-1.5567616346806,-3.25589209632686,-1.00120538705371,-0.0593209243126561,0
11.04,-1.80658716615888,-1.4026824617519,-1.5554291670468,-3.25660075431194,-1.01196318899626,-0.058444840475079,0
11.06,-1.81743003353117,-1.4038848248009,-1.55400692225433,-3.25727745661365,-1.02278081762421,-0.0575757178853654,0
11.08,-1.82832973494994,-1.40519679011323,-1.55249481057266,-3.25792279576053,-1.03365548210414,-0.0567135314486637,0
11.1,-1.83549703007937,-1.40533629312834,-1.56009897193952,-3.25046439683147,-1.04080649030661,-0.0561526582639521,1
11.12,-1.84227267100571,-1.40544040636484,-1.56859083157063,-3.24213275493456,-1.0475668594684,-0.0556267396234395,1
11.14,-1.8490578661216,-1.40564541766244,-1.57698864962311,-3.23378950896783,-1.0543368803211,-0.0551041740936028,1
11.16,-1.85585193954781,-1.40595129138151,-1.58529298827838,-3.22543416860663,-1.06111587621601,-0.0545849353199899,1
11.18,-1.86248894854599,-1.40632771728337,-1.5936146493931,-3.2169802584816,-1.06773826629785,-0.0540814861059096,1
11.2,-1.86660543883747,-1.40634082393768,-1.6035277145135,-3.20720318062313,-1.07184574301573,-0.0537710727598138,1
11.22,-1.87072144339833,-1.40645162716281,-1.61334849914316,-3.19741888886441,-1.07595277536337,-0.053462082332875,1
11.24,-1.87483682515269,-1.40666022671587,-1.62307784201265,-3.18762645732147,-1.0800592259783,-0.0531545049434805,1
11.26,-1.878951448027,-1.40696674480527,-1.63271653151554,-3.17782498796162,-1.08416495850003,-0.0528483307449089,1
11.28,-1.88092771619432,-1.4070094502026,-1.64296290163432,-3.16760433463481,-1.08613697034886,-0.0527017471864118,1
11.3,-1.88171229039307,-1.4069471847753,-1.65350937666311,-3.15714717825441,-1.08691985725289,-0.052643638273304,1
11.32,-1.88249577310275,-1.40698140047951,-1.66396845911609,-3.146680833323,-1.08770165640164,-0.0525856578982628,1
11.34,-1.88327816629025,-1.40711237553453,-1.67434103121866,-3.13620417087469,-1.08848236905898,-0.052527781874661,1
11.36,-1.88257457824457,-1.40709167556998,-1.68466396373823,-3.12587776120519,-1.08778029228218,-0.0525798286840475,1
11.38,-1.87986052900785,-1.40683086167045,-1.69495122175452,-3.1157577044258,-1.08507208047793,-0.0527808645835863,1
11.4,-1.87715314357492,-1.40666773504839,-1.70515497334342,-3.10562294850093,-1.08237053481648,-0.0529819804157702,1
11.42,-1.87445245695724,-1.40660268831147,-1.7152759501147,-3.0954723713927,-1.07967569026706,-0.0531831747223332,1
11.44,-1.87125865864922,-1.4065474736397,-1.7251714212964,-3.08551921466909,-1.07648882251656,-0.0534218545687825,1
11.46,-1.86549808726235,-1.40613438077833,-1.73424408896714,-3.07665331826252,-1.0707408121401,-0.0538544380000279,1
11.48,-1.85975742873176,-1.40582246939752,-1.74323436672831,-3.06776586585106,-1.06501275002081,-0.0542882375913501,1
11.5,-1.85403708296881,-1.4056122392471,-1.75214261127124,-3.05885600558251,-1.05930503593586,-0.0547232486703549,1
11.52,-1.84833744302127,-1.40550420181254,-1.76096914436644,-3.04992290925689,-1.05361806279167,-0.055159466302375,1
11.54,-1.84117528474502,-1.40519448603503,-1.76870970116606,-3.04221734344213,-1.04647193849722,-0.055711637881858,1
11.56,-1.83307541981627,-1.40479091651881,-1.77570846083887,-3.03530455729245,-1.03839036751283,-0.0563416308526195,1
11.58,-1.82501339897267,-1.40449390583038,-1.78262254641043,-3.02836395536237,-1.03034672914814,-0.0569746658326286,1
11.6,-1.81699033701073,-1.4043039898415,-1.78945194125395,-3.02139502101727,-1.02234213804849,-0.0576107374262005,1
11.62,-1.80900732427821,-1.40422168996745,-1.79619660860666,-3.01439727409054,-1.01437768437917,-0.0582498391193245,1
11.64,-1.80006585601787,-1.40398763192138,-1.80165695397395,-3.00878618584313,-1.00545722331949,-0.0589732362631271,1
11.66,-1.79090551538687,-1.40379360003368,-1.80670528536513,-3.00352740683309,-0.996318652448087,-0.0597228824233901,1
11.68,-1.78179940183873,-1.40371054862546,-1.81166565818211,-2.99823746180429,-0.987234436876324,-0.0604769330756239,1
11.7,-1.7727490800637,-1.40373888439803,-1.81653791852033,-2.99291610434863,-0.978206141069237,-0.0612353800829317,1
11.72,-1.7641853834125,-1.40386320632346,-1.82105302211195,-2.98786851260804,-0.96966353432666,-0.0619615840497765,1
11.74,-1.77227198055308,-1.4034891386057,-1.8150864877482,-2.99459479994996,-0.977730210097288,-0.0612756174221064,1
11.76,-1.7804075233693,-1.40322537902155,-1.80903389875539,-3.00129037897974,-0.985845928638918,-0.0605929850395473,1
11.78,-1.78867408962108,-1.40309146686964,-1.80299039647925,-3.00784429838979,-0.994092568692533,-0.0599068339770531,1
11.8,-1.79719709300779,-1.4031172283342,-1.79709842403532,-3.01408957584136,-1.0025952505896,-0.0592070620515313,1
11.82,-1.80576807156437,-1.40325248155707,-1.7911201174482,-3.02030469885237,-1.01114601481773,-0.0585109712088799,1
11.84,-1.81438571030989,-1.40349675660946,-1.78505558211769,-3.02649002594809,-1.01974354661269,-0.0578185692340318,1
11.86,-1.82304866020322,-1.40384955888377,-1.77890490873143,-3.03264595757929,-1.02838649710674,-0.0571298624021896,1
11.88,-1.83091817775641,-1.40412725822259,-1.77191607023961,-3.03967476755059,-1.03623802703912,-0.0565104267904331,1
11.9,-1.83787000653281,-1.40430256538037,-1.76398891308426,-3.04770134450849,-1.04317410456771,-0.0559679992305626,1
11.92,-1.84485158847565,-1.40458235775753,-1.75597873937999,-3.05570215731243,-1.05013999562201,-0.0554276453540427,1
11.94,-1.85186220245174,-1.40496610774493,-1.74788540395301,-3.06367787396962,-1.05713497923522,-0.0548893709913567,1
11.96,-1.85724943358242,-1.40515288162573,-1.7389487447708,-3.07262862794481,-1.06251028312645,-0.054478620601389,1
11.98,-1.86135773251571,-1.40520503764167,-1.72933451949907,-3.08234178271212,-1.06660953434555,-0.054167033521573,1
12,-1.86547857245976,-1.40535705455925,-1.71963862105656,-3.09203540753497,-1.07072134002365,-0.0538559080325614,1
12.02,-1.86961181334492,-1.40560847518756,-1.70986050593697,-3.10171049892319,-1.07484556018659,-0.053545247435017,1
12.04,-1.87229617678122,-1.40571910183387,-1.69982204001914,-3.1117337597448,-1.07752408662403,-0.0533442288433344,1
12.06,-1.87319158945378,-1.40563329667886,-1.68948232721666,-3.12219094065962,-1.07841755601686,-0.0532773046963457,1
12.08,-1.87408874473807,-1.40564473809894,-1.67905859707637,-3.13263487073691,-1.0793127661089,-0.0532103146155164,1
12.1,-1.87498764439196,-1.40575308055688,-1.66855001793696,-3.14306672692247,-1.08020971865931,-0.0531432586436004,1
12.12,-1.87586654246913,-1.40595452199023,-1.65795946836652,-3.15348667046558,-1.08108671476337,-0.0530777568422248,1
12.14,-1.87332670288669,-1.40570466017375,-1.64787310418893,-3.16373357077005,-1.0785523763802,-0.0532672117394385,1
12.16,-1.87078492863541,-1.40555195024297,-1.63769844948395,-3.17397087348663,-1.07601612252584,-0.0534573272174426,1
12.18,-1.86824124485469,-1.40549618175063,-1.6274346481119,-3.18419964067392,-1.07347797845203,-0.0536481071382219,1
12.2,-1.86569567699803,-1.40553717173596,-1.61708079127109,-3.19442095954351,-1.07093796972518,-0.05383955537993,1
12.22,-1.8612988898202,-1.40536287276303,-1.60755851093636,-3.20395780488714,-1.06655082094906,-0.0541714863682161,1
12.24,-1.8555495469089,-1.40505893767737,-1.59862049574055,-3.212987777279,-1.06081415221003,-0.0546079617088354,1
12.26,-1.84980431110969,-1.40485450273231,-1.58959009682639,-3.22200722440951,-1.05508166313038,-0.0550469323041184,1
12.28,-1.84406358451952,-1.40474953323677,-1.58046665270281,-3.23101681679171,-1.04935375636556,-0.0554884173118551,1
12.3,-1.83832776988322,-1.40474400879409,-1.57124945682984,-3.24001725577127,-1.04363083521937,-0.0559324358833696,1
12.32,-1.83014820779245,-1.4043611812362,-1.56422374292919,-3.24710240524526,-1.03546980959076,-0.0565707781131866,1
12.34,-1.82198682895188,-1.40408149837386,-1.55710645068993,-3.25416906279933,-1.02732710592629,-0.057213890060219,1
12.36,-1.81384641778766,-1.40390536520651,-1.5498957661817,-3.26121864916867,-1.01920550611052,-0.0578616840013892,1
12.38,-1.80572816466359,-1.40383287034491,-1.54259132306181,-3.2682513929933,-1.01110620152918,-0.0585141948306694,1
12.4,-1.80792474986889,-1.4034309569105,-1.54880524682395,-3.26253329847321,-1.01329764089199,-0.0583369935459011,1
12.42,-1.81300415017619,-1.40300726074479,-1.55872644400799,-3.2532507344102,-1.01836519557169,-0.0579290778766976,1
12.44,-1.81808813469074,-1.4026822408721,-1.56855162387843,-3.24396261374468,-1.02343739773405,-0.0575233381779951,1
12.46,-1.82317642123124,-1.40245589091433,-1.57828174328052,-3.23466800570976,-1.02851396475236,-0.0571197592173314,1
12.48,-1.82809022981163,-1.40230196036518,-1.58800489989703,-3.22529790215535,-1.03341652360965,-0.0567323557934501,1
12.5,-1.83134807745314,-1.40200180768327,-1.59844413141584,-3.21528930542869,-1.03666694894174,-0.0564767544574251,1
12.52,-1.8346052167264,-1.40179851322802,-1.60879062874231,-3.20527534358077,-1.03991669602721,-0.0562221893179221,1
12.54,-1.83786158133978,-1.40169217767041,-1.61904540160506,-3.19525491406563,-1.04316569838676,-0.055968653917462,1
12.56,-1.84111710546779,-1.40168293040389,-1.62920940342702,-3.18522694189002,-1.04641389000756,-0.0557161418259444,1
12.58,-1.84221901473796,-1.40147721587705,-1.63979696615004,-3.17488773779481,-1.04751332366888,-0.0556308881796818,1
12.6,-1.84252443316711,-1.40125905346864,-1.65048581252055,-3.16442885484655,-1.04781805636427,-0.0556072732448041,1
12.62,-1.84282937375164,-1.40113706640726,-1.66108717293087,-3.1539612536845,-1.04812231252891,-0.0555837035447737,1
12.64,-1.84313383774446,-1.40111151510516,-1.67160200332986,-3.14348371805216,-1.04842609341149,-0.0555601789351557,1
12.66,-1.84217930609734,-1.4010155993504,-1.68200236828582,-3.13314241780314,-1.0474737041852,-0.0556339585188663,1
12.68,-1.83966111322404,-1.40080877987851,-1.69228212118221,-3.12297181959849,-1.04496117371407,-0.0558289569887459,1
12.7,-1.8371497060079,-1.40069973618327,-1.702478065842,-3.11278680968311,-1.0424554301305,-0.0560239971890819,1
12.72,-1.83464510759848,-1.40068885059772,-1.71259093731457,-3.1025862730047,-1.03995649654113,-0.0562190776381115,1
12.74,-1.83214734047532,-1.40077653222757,-1.72262142440873,-3.09236911398783,-1.03746439538276,-0.0564141968598093,1
12.76,-1.82711234440972,-1.40060669074853,-1.73180008244151,-3.08315858514443,-1.03244087172415,-0.0568092709402491,1
12.78,-1.82174167946379,-1.40048850007149,-1.74078843841583,-3.07407003163786,-1.02708252023506,-0.0572333051474804,1
12.8,-1.81639239937282,-1.40047243627572,-1.74969449115984,-3.06495916781293,-1.02174558421159,-0.057658390311716,1
12.82,-1.81106480774031,-1.40055897870666,-1.75851856499134,-3.05582519790777,-1.01643036707273,-0.0580845200207415,1
12.84,-1.80575920143855,-1.40074861732351,-1.76726094999061,-3.04666735017953,-1.01113716549994,-0.0585116876402508,1
12.86,-1.79877083154399,-1.40076478362749,-1.77482526091809,-3.03878418054533,-1.0041652610664,-0.0590786849970606,1
12.88,-1.79142839547558,-1.4008240107341,-1.7820544191839,-3.03117123409879,-0.996840282998736,-0.0596798545010242,1
12.9,-1.78412474969312,-1.40099049628682,-1.78919942555343,-3.02353012793879,-0.98955416801504,-0.0602835239766067,1
12.92,-1.77686067477367,-1.40126469408711,-1.79626026898053,-3.01586043229747,-0.982307696373902,-0.0608896822747117,1
12.94,-1.76963692875971,-1.40164704556853,-1.80323691677441,-3.00816175284676,-0.975101625775498,-0.0614983174104916,1
12.96,-1.7624000845213,-1.40166412643525,-1.80674536401349,-3.00428890880119,-0.967882663212557,-0.0621140474895377,1
12.98,-1.76489472013453,-1.40093191403187,-1.80009536414368,-3.01179164772511,-0.970371114806848,-0.0619011103699923,1
13,-1.7723345513745,-1.40058061300172,-1.79334048132734,-3.01925228205462,-0.977792627624315,-0.0612703388590531,1
13.02,-1.77981732644531,-1.40033781048469,-1.78650085322997,-3.02668377399983,-0.985257162664783,-0.0606422588748706,1
13.04,-1.78734221909936,-1.40020308576372,-1.77957652767501,-3.03408648122876,-0.992763894039388,-0.0600168830631508,1
13.06,-1.79457165374773,-1.40012103360888,-1.77232189997567,-3.04174650077405,-0.999976047475409,-0.0594218050869306,1
13.08,-1.80050352183901,-1.39992757006427,-1.76401364154111,-3.0505086237083,-1.00589385537188,-0.0589376378420277,1
13.1,-1.80646251870218,-1.39983843329282,-1.75562302332348,-3.05924559265649,-1.01183883366005,-0.0584548995277222,1
13.12,-1.81244822562836,-1.39985314175548,-1.7471498441636,-3.06795808024033,-1.0178105638683,-0.0579735983739927,1
13.14,-1.81846021404339,-1.39997121899838,-1.73859387178699,-3.07664678574575,-1.02380861764836,-0.0574937422522766,1
13.16,-1.82284127604381,-1.39996232109051,-1.72931964757929,-3.08610998792726,-1.02817958926867,-0.0571462651641962,1
13.18,-1.82596990371082,-1.3998781292204,-1.71947825690107,-3.09616279743784,-1.03130104369252,-0.0568992427019372,1
13.2,-1.82910811649705,-1.39989319333953,-1.70955473268192,-3.10619773530862,-1.03443208817577,-0.056652389306681,1
13.22,-1.83225586283945,-1.40000708851527,-1.69954845282029,-3.11621584495113,-1.03757267122715,-0.0564057074566032,1
13.24,-1.83511167039986,-1.40018093795714,-1.68943335361933,-3.1262701813986,-1.04042200282716,-0.0561826942741862,1
13.26,-1.8353818421857,-1.40012175245419,-1.67901589606476,-3.13675747914998,-1.04069156298573,-0.0561616315755327,1
13.28,-1.83565250425612,-1.4001594452475,-1.6685135314855,-3.14723281668592,-1.04096161251289,-0.0561405373233639,1
13.3,-1.8359236575071,-1.40029370155707,-1.65792537924619,-3.15769738941754,-1.04123215230343,-0.0561194114779142,1
13.32,-1.83619530308832,-1.40052423817244,-1.64725050605972,-3.16815241384796,-1.04150318350533,-0.0560982539797479,1
13.34,-1.8347398287642,-1.40062896651746,-1.63678996394214,-3.17845087045294,-1.04005100316726,-0.056211689510601,1
13.36,-1.83216225139384,-1.4006863947572,-1.626436399408,-3.18864486950867,-1.03747927242763,-0.0564130303543774,1
13.38,-1.82958328463867,-1.40084048421318,-1.61599281723769,-3.1988314114534,-1.03490617327032,-0.0566150925441566,1
13.4,-1.82700295775078,-1.40109108155092,-1.60545822362384,-3.20901163854295,-1.03233173506904,-0.0568178802581641,1
13.42,-1.82415068686084,-1.40140047260859,-1.59495059911897,-3.21909427113768,-1.02948599462063,-0.0570427671458319,1
13.44,-1.81918164607826,-1.40151320839049,-1.58528183318938,-3.22844664398332,-1.02452838440702,-0.0574363961639733,1
13.46,-1.81421645179327,-1.40172451322187,-1.57551951227136,-3.2377912548538,-1.01957468095768,-0.0578320977811182,1
13.48,-1.80925536634188,-1.40203435162051,-1.56566274463366,-3.24712901224787,-1.0146251470313,-0.0582298864960971,1
13.5,-1.80429865211968,-1.40244271109052,-1.55571058436553,-3.2564608558827,-1.0096800454473,-0.058629776828134,1
13.52,-1.80211727187458,-1.4029886268711,-1.54779839842714,-3.26373289629873,-1.00750379866008,-0.0588065505383184,1
13.54,-1.81274917559945,-1.40381960572527,-1.54964759070721,-3.26150652724014,-1.01811081384262,-0.0579494935681299,1
13.56,-1.82343191084019,-1.40475994078619,-1.55140667661086,-3.25924944477277,-1.02876886780105,-0.0570995604072478,1
13.58,-1.8293168935261,-1.40580482526953,-1.54722282076483,-3.26262638927036,-1.03464038926547,-0.0566359994683337,0
13.6,-1.8291674343525,-1.40694333655722,-1.53563818364331,-3.27306652213447,-1.03449127076467,-0.0566477311764608,0
13.62,-1.82901772743757,-1.40817742937746,-1.52395249032207,-3.28351211716128,-1.03434190514777,-0.0566594844137237,0
13.64,-1.82886777186867,-1.40950729146944,-1.51216399918954,-3.29396472817282,-1.03419229150454,-0.0566712592632162,0
13.66,-1.82871756699043,-1.41093316037018,-1.50027087795461,-3.30442594988304,-1.03404242918147,-0.0566830557879062,0
13.68,-1.82856711214507,-1.41245532541803,-1.4882712002666,-3.31489741926398,-1.03389231752259,-0.0566948740510172,0
13.7,-1.82841640667238,-1.41407413003919,-1.47616294084727,-3.32538081812724,-1.03374195586954,-0.0567067141160302,0
13.72,-1.82826544990967,-1.41578997420465,-1.46394397024409,-3.33587787591369,-1.0335913435615,-0.0567185760466843,0
13.74,-1.82811424119183,-1.41760331707456,-1.45161204916991,-3.34639037270951,-1.03344047993518,-0.0567304599069789,0
13.76,-1.82796277985126,-1.4195146798486,-1.43916482238987,-3.35692014250886,-1.03328936432487,-0.0567423657611744,0
13.78,-1.82781106521785,-1.42152464884312,-1.42659981211239,-3.36746907674584,-1.03313799606235,-0.0567542936737942,0
13.8,-1.82765909661905,-1.42363387881803,-1.41391441083554,-3.37803912812107,-1.03298637447691,-0.0567662437096253,0
13.82,-1.82750687337975,-1.42584309657927,-1.40110587359492,-3.38863231475147,-1.03283449889537,-0.0567782159337206,0
13.84,-1.82735439482235,-1.42815310488563,-1.38817130955209,-3.39925072467499,-1.032682368642,-0.0567902104113995,0
13.86,-1.8272016602667,-1.43056478669195,-1.37510767285575,-3.40989652074618,-1.03252998303858,-0.05680222720825,0
13.88,-1.82704866903012,-1.43307910976508,-1.36191175269876,-3.42057194596322,-1.03237734140431,-0.0568142663901297,0
13.9,-1.82689542065596,-1.43569712246963,-1.34858017915438,-3.43127930077062,-1.03222444378286,-0.0568263451119612,0
13.92,-1.82674191399928,-1.43841999615244,-1.33510934480439,-3.44202106334609,-1.03207128803469,-0.0568384292663065,0
13.94,-1.82658814859842,-1.44124897591599,-1.32149549145815,-3.45279972566173,-1.03191787419821,-0.0568505360048768,0
13.96,-1.82643412376017,-1.44418542392919,-1.30773462970574,-3.46361791491568,-1.03176420158218,-0.0568626653946392,0
13.98,-1.81660406707138,-1.44223349300322,-1.31233083780727,-3.46057056848388,-1.02195676193151,-0.0576415174892226,1
14,-1.80629944613038,-1.4401174425506,-1.31783526549401,-3.45674736011874,-1.01167614332046,-0.0584680622425955,1
14.02,-1.79605272542203,-1.43811052644389,-1.32323862536187,-3.45290571050055,-1.00145359861738,-0.0593005750850602,1
14.04,-1.79785743973169,-1.43718969225818,-1.32829938138852,-3.44884514345986,-1.00325403209615,-0.0591531631809348,1
14.06,-1.80801470664036,-1.4370539914056,-1.33309323308254,-3.44462611130551,-1.0133873872208,-0.0583297470959162,1
14.08,-1.81821493159989,-1.43702652381413,-1.33778845422572,-3.44038674957181,-1.02356390171579,-0.0575132511195711,1
14.1,-1.82845576409918,-1.43710692744955,-1.34238540220656,-3.43612713368291,-1.03378122367008,-0.056703627944584,1
14.12,-1.83873482393081,-1.43729481543048,-1.34688441267571,-3.43184738916175,-1.04403697142435,-0.0559008281293396,1
14.14,-1.84910215377316,-1.43763226557007,-1.35110269953429,-3.42769028879004,-1.05438106930972,-0.0551007766020232,1
14.16,-1.85990596202696,-1.43840062243628,-1.35382847131388,-3.42459906219312,-1.06516095638663,-0.0542769790444875,1
14.18,-1.87074581313558,-1.43927536288089,-1.35646003339171,-3.42148448568719,-1.07597709209135,-0.0534602570856233,1
14.2,-1.88161890212556,-1.44025595782222,-1.35899748433024,-3.41834708062147,-1.08682666974552,-0.0526505525995211,1
14.22,-1.89252240828645,-1.44134184683785,-1.3614409140802,-3.41518741194715,-1.09770686687137,-0.0518478052497091,1
14.24,-1.9034534998221,-1.4425324390121,-1.36379040438687,-3.41200608678745,-1.10861484984524,-0.0510519526077603,1
14.26,-1.91440933829014,-1.44382711379778,-1.36604602918447,-3.40880375300352,-1.11954777834025,-0.0502629302637703,1
14.28,-1.92167027116455,-1.44448535502622,-1.36885501714528,-3.40556086731878,-1.12679366150646,-0.0497446114034019,1
14.3,-1.91093183494131,-1.44165853410835,-1.37470523460688,-3.40220392106038,-1.11607752023926,-0.0505124584000892,1
14.32,-1.90022598029072,-1.4389352884898,-1.38045597710725,-3.39883295318659,-1.10539412691481,-0.0512860266067119,1
14.34,-1.88964157959691,-1.43691083084778,-1.38289795190295,-3.39806488140311,-1.09483217116558,-0.0520590219205566,1
14.36,-1.87925769129162,-1.43617955486556,-1.37882761306603,-3.40251172512828,-1.0844705416172,-0.05282559617613,1
14.38,-1.86889973440862,-1.43555339941168,-1.374661152056,-3.40693949015823,-1.0741350324605,-0.0535986692447096,1
14.4,-1.85857014089227,-1.43503285918651,-1.37039833340935,-3.41134782847651,-1.06382807734039,-0.0543782992337318,1
14.42,-1.84827133260461,-1.43461840486484,-1.36603890570185,-3.41573643486049,-1.05355209977209,-0.0551645425937438,1
14.44,-1.83800571766474,-1.4343104827641,-1.3615826012355,-3.42010504766544,-1.04330950947737,-0.0559574540189237,1
14.46,-1.82777568696128,-1.43410951467724,-1.35702913523834,-3.42445344992566,-1.03310269889461,-0.0567570863629713,1
14.48,-1.81758361067047,-1.43401589777076,-1.352378205029,-3.42878147042229,-1.02293403969447,-0.0575634905570783,1
14.5,-1.80720751732062,-1.43209031994411,-1.35725953124484,-3.42538904989162,-1.01258208701911,-0.0583948004072518,1
14.52,-1.79688566688293,-1.43024025580313,-1.36220732587383,-3.42184395620724,-1.00228456309216,-0.059232497067206,1
14.54,-1.78662440349203,-1.42849907836484,-1.36705778101074,-3.41827676786157,-0.992047803152782,-0.0600762736176184,1
14.56,-1.77642605457328,-1.42686703519014,-1.37181137362885,-3.41468674488957,-0.981874134788641,-0.0609261350577667,1
14.58,-1.76629288504836,-1.42534434606122,-1.37646855975524,-3.41107320116693,-0.97176582299316,-0.0617820832532387,1
14.6,-1.75622709410528,-1.42393120167585,-1.38102977537067,-3.40743550486408,-0.961725066934753,-0.0626441169088715,1
14.62,-1.74627490785502,-1.42262626654575,-1.38551376276106,-3.40375848685854,-0.95179798061391,-0.0635083751515612,1
14.64,-1.75208620843195,-1.42089477741397,-1.39642494506098,-3.39487126409471,-0.95759458210312,-0.0630022475379853,1
14.66,-1.75791020306956,-1.41926672380342,-1.40721981322497,-3.38599278699597,-0.96340396551591,-0.0624991403254609,1
14.68,-1.76374645174148,-1.41774162428451,-1.41790024088726,-3.37712168831927,-0.969225690258461,-0.0619990338870325,1
14.7,-1.76959451384265,-1.41631904048938,-1.42846800528591,-3.36825665442466,-0.975059315149069,-0.0615019085195938,1
14.72,-1.77545394648031,-1.41499857406318,-1.43892479231597,-3.35939642324367,-0.980904396715258,-0.0610077444101976,1
14.74,-1.78132430468476,-1.4137798643173,-1.44927220105013,-3.35053978209693,-0.98676048940465,-0.0605165216415761,1
14.76,-1.78809602823336,-1.41287631684313,-1.45853463584281,-3.34248916644258,-0.993515893701272,-0.0599545742711583,1
14.78,-1.79677680502315,-1.41252898363839,-1.46562842715673,-3.33612933870639,-1.00217595949624,-0.0592413903532011,1
14.8,-1.80548755139447,-1.41228688864951,-1.47262449928271,-3.32975387526574,-1.01086615279258,-0.0585336349671932,1
14.82,-1.81422680473025,-1.41214985228587,-1.47952334908979,-3.3233625123677,-1.01958500985958,-0.0578312702652432,1
14.84,-1.82299308800822,-1.41211768643023,-1.48632544199758,-3.31695502794742,-1.02833105253586,-0.0571342573993255,1
14.86,-1.83178491197643,-1.41219019390078,-1.49303121332048,-3.31053124076708,-1.03710279040293,-0.0564425565640656,1
14.88,-1.84060077674442,-1.41236716774748,-1.49964106951596,-3.30409100981116,-1.04589872237742,-0.055756127035148,1
14.9,-1.84943917338043,-1.41264839059435,-1.50615538937928,-3.29763423368765,-1.05471733830941,-0.0550749272085082,1
14.92,-1.85829858551038,-1.41303363402596,-1.51257452518832,-3.2911608500339,-1.0635571205826,-0.0543989146401995,1
14.94,-1.86717749091462,-1.41352265801609,-1.5188988038017,-3.28467083492579,-1.07241654571221,-0.0537280460868282,1
14.96,-1.87578888011854,-1.41403514978489,-1.52548662583838,-3.27787616366993,-1.08100922040252,-0.053083542362667,1
14.98,-1.88338584659789,-1.41436192868234,-1.53326663172489,-3.27003267717684,-1.08858981896595,-0.0525198471268182,1
15,-1.89099110201549,-1.41478998537141,-1.5409508170045,-3.26217817398798,-1.09617881833751,-0.0519599998533383,1
15.02,-1.89860371245995,-1.41531914725755,-1.54853967825829,-3.25431237864626,-1.10377528361163,-0.0514039664357827,1
15.04,-1.90622274690926,-1.41594924238322,-1.5560336779872,-3.24643504954777,-1.11137828276521,-0.0508517125767427,1
15.06,-1.91384727766329,-1.41668009847809,-1.56343324593952,-3.23854597853343,-1.11898688709215,-0.0503032038053909,1
15.08,-1.92147638096792,-1.41751154212401,-1.57073878035793,-3.23064499044753,-1.12660017182802,-0.0497584054958015,1
15.1,-1.9291091376255,-1.41844339794656,-1.57795064917308,-3.22273194272314,-1.13421721676101,-0.0492172828850778,1
15.12,-1.93674463359079,-1.41947548783185,-1.58506919114754,-3.21480672499233,-1.14183710682839,-0.0486798010912636,1
15.14,-1.94249844353365,-1.42014582533626,-1.59354652746129,-3.20582543181837,-1.14757922863298,-0.0482772480565953,1
15.16,-1.94677129646388,-1.42055161316511,-1.60307054740726,-3.1960172664424,-1.1518434409308,-0.0479796533125701,1
15.18,-1.95104091650122,-1.42105493633067,-1.61250194279045,-3.18620248410798,-1.15610445962281,-0.0476834105471874,1
15.2,-1.95530716708994,-1.42165586508329,-1.62184145005003,-3.17638029145396,-1.160362147857,-0.0473885095668441,1
15.22,-1.95956991299946,-1.42235448776807,-1.63108975891296,-3.16654992367486,-1.16461637010764,-0.0470949402345119,1
15.24,-1.96382902029415,-1.42315090964714,-1.64024751406257,-3.15671064402814,-1.16886699214572,-0.0468026924730945,1
15.26,-1.96808435634732,-1.42404525176972,-1.64931531666142,-3.14686174344056,-1.17311388105296,-0.0465117562656796,1
15.28,-1.97019404044348,-1.42453556573281,-1.65899213436181,-3.13675018406309,-1.17521938847099,-0.0463679029221772,1
15.3,-1.96951470495115,-1.42446914772598,-1.66949101101035,-3.12629989144346,-1.17454139671689,-0.0464141840553191,1
15.32,-1.96883646585432,-1.42449951078736,-1.67990406257316,-3.11583859351394,-1.17386450071419,-0.046460442951461,1
15.34,-1.96815932132713,-1.42462699720847,-1.69023208457922,-3.10536523073539,-1.17318869711235,-0.0465066271512739,1
15.36,-1.96748327084226,-1.42485192518927,-1.70047593311939,-3.09487855090574,-1.17251398690858,-0.0465527891092119,1
15.38,-1.96680831245359,-1.42517469403476,-1.71063630594136,-3.08437753494345,-1.17184036663468,-0.0465988764550922,1
15.4,-1.96613444562361,-1.4255956783999,-1.72071396310716,-3.07386097052558,-1.1711678372753,-0.04664494156233,1
15.42,-1.96298192846086,-1.42549227196322,-1.73047822585043,-3.06411584220394,-1.16802158548555,-0.0468607329948029,1
15.44,-1.95736778758118,-1.42486674925492,-1.7399304756879,-3.0551369255218,-1.16241864407168,-0.047246462594375,1
15.46,-1.95176578498801,-1.42434028329035,-1.74930162910416,-3.04613765357438,-1.15682787104403,-0.0476332269937678,1
15.48,-1.94617630595513,-1.42391341974094,-1.7585921146873,-3.03711705115503,-1.15124965164546,-0.0480210250958043,1
15.5,-1.94059973275308,-1.42358672168883,-1.76780232371971,-3.02807416328701,-1.14568436811038,-0.0484098556099326,1
15.52,-1.9350364446681,-1.42336076879868,-1.77693261115463,-3.01900805508118,-1.140132399683,-0.0487997170446772,1
15.54,-1.92948681783677,-1.42323615637451,-1.78598329648048,-3.00991781181754,-1.13459412245206,-0.049190607706576,1
15.56,-1.92318451296935,-1.42297729342967,-1.79448211718135,-3.0014879937718,-1.12830477787857,-0.0496369696119705,1
15.58,-1.91425765372068,-1.42200620107984,-1.80126747880561,-2.99539847657437,-1.11939640929493,-0.0502737968124997,1
15.6,-1.90535875720788,-1.42113921965506,-1.80796843536587,-2.98928261437692,-1.11051610534084,-0.0509141274433284,1
15.62,-1.89648937045283,-1.42037708733712,-1.81458491379,-2.98313972125149,-1.10166541328629,-0.0515579699015663,1
15.64,-1.88765102468505,-1.41972052882034,-1.82111682280613,-2.97696914503957,-1.09284586457466,-0.0522053313206439,1
15.66,-1.87884523395532,-1.41917025390006,-1.82756405352125,-2.97077026822452,-1.08405897343373,-0.0528562175586937,1
15.68,-1.87007349347722,-1.41872695589849,-1.83392647998444,-2.96454250898118,-1.07530623521659,-0.0535106331777574,1
15.7,-1.86133727799708,-1.41839131009509,-1.84020395974378,-2.95828532222436,-1.06658912477105,-0.0541685814247466,1
15.72,-1.85263804019706,-1.4181639721641,-1.84639633439789,-2.95199820065235,-1.0579090948422,-0.0548300642142317,1
15.74,-1.84281571807324,-1.41753524993364,-1.85087271172687,-2.9477769942232,-1.04810868772814,-0.0555847670790161,1
15.76,-1.83289188979827,-1.41695149401732,-1.8550504189791,-2.9437947394541,-1.03820725401649,-0.0563559747556841,1
15.78,-1.82301818575667,-1.41647886284917,-1.85913831152716,-2.93978200667676,-1.02835609264516,-0.057132272536603,1
15.8,-1.81319668586412,-1.41611792193231,-1.86313618680268,-2.93573841662291,-1.01855728370853,-0.0579136661497087,1
15.82,-1.80342942443836,-1.41586919245759,-1.86704383961861,-2.93166364088213,-1.00881286163557,-0.0587001589766723,1
15.84,-1.79371838751706,-1.41573314979459,-1.87086106264739,-2.9275574029752,-0.999124812506864,-0.059491752032669,1
15.86,-1.78406551025881,-1.4157102220457,-1.87458764688398,-2.92341947937276,-0.989495071454895,-0.0602884439476795,1
15.88,-1.77447267447495,-1.41580078869029,-1.87822338210396,-2.91924970042069,-0.979925520195574,-0.0610902309525427,1
15.9,-1.76556048292975,-1.41629781845219,-1.88279489618617,-2.91375823387313,-0.971035230792753,-0.0618444050686048,1
15.92,-1.75680290980081,-1.4169544444817,-1.88743876400966,-2.90803165919008,-0.962299441089679,-0.0625944801707357,1
15.94,-1.74810351100486,-1.41772486830054,-1.89199336408381,-2.9022728310615,-0.953621945458427,-0.0633486668055483,1
15.96,-1.73946356830989,-1.41860931882971,-1.89645842648455,-2.89648181050097,-0.945004025212238,-0.0641069489027769,1
15.98,-1.73088431458062,-1.41960798075495,-1.9008336762736,-2.8906587107781,-0.936446912709829,-0.0648693086277711,1
16,-1.72236693278986,-1.42072099356118,-1.90511883403034,-2.88480369782985,-0.927951790367329,-0.0656357263945573,1
16.02,-1.71391255516595,-1.42194845064608,-1.90931361637728,-2.87891699059273,-0.919519789806296,-0.0664061808854174,1
16.04,-1.71070044539081,-1.42406701001019,-1.91622783975875,-2.86970480883105,-0.916316257363398,-0.0667014994932509,1
16.06,-1.71045755576636,-1.42674196621193,-1.92466779009543,-2.85857627496316,-0.916074017923741,-0.0667238853737373,1
16.08,-1.71021515472681,-1.42953018520075,-1.93303123416512,-2.84741100263551,-0.915832266002653,-0.0667462345310721,1
16.1,-1.70997324062327,-1.43243249234101,-1.94131803881373,-2.83620829959488,-0.915590999954426,-0.0667685470743888,1
16.12,-1.70973181214629,-1.43544971803446,-1.94952804132945,-2.8249674981272,-0.915350218471877,-0.0667908230817486,1
16.14,-1.70949086799048,-1.43858269640434,-1.95766105045366,-2.81368795534366,-0.915109920251872,-0.0668130626310387,1
16.16,-1.70899437436658,-1.4395875586124,-1.96017110283613,-2.81014504642965,-0.914614759259679,-0.0668589449972222,1
16.18,-1.70800974834525,-1.43643406340418,-1.95204190635686,-2.8213721507325,-0.913632777874421,-0.0669499994789242,1
16.2,-1.70702413073497,-1.43339650725174,-1.94383585460915,-2.83255995983695,-0.912649811585581,-0.0670412839503003,1
16.22,-1.70603752084873,-1.43047404840716,-1.93555314532815,-2.84370911678483,-0.911665859734473,-0.0671327993849142,1
16.24,-1.70504991804027,-1.42766584836298,-1.92719394619878,-2.8548202914242,-0.910680921703224,-0.0672245467584345,1
16.26,-1.70757127947074,-1.42523334866246,-1.9198155199882,-2.86477444802246,-0.913195487987972,-0.0669905918269682,1
16.28,-1.71368079993565,-1.42318052021955,-1.9134264047015,-2.87355924351199,-0.919288652028589,-0.0664274398108202,1
16.3,-1.719828770965,-1.42124136363099,-1.90695267866598,-2.88231120547403,-0.925420316623851,-0.0658660019318353,1
16.32,-1.72601482841671,-1.41941554746168,-1.90039463981294,-2.8910303447476,-0.931590118088636,-0.0653062941103422,1
16.34,-1.73223859006085,-1.4177027178499,-1.89375256854861,-2.8997167128964,-0.937797674639225,-0.0647483318603612,1
16.36,-1.73849965665125,-1.41610250037209,-1.88702672726711,-2.90837040088977,-0.944042587462125,-0.0641921302300018,1
16.38,-1.74494771131579,-1.41466516721778,-1.88040245283155,-2.91676342592419,-0.950474158115204,-0.0636245510370713,1
16.4,-1.75458758034486,-1.41440047835709,-1.87756016661237,-2.92035476150101,-0.960089664008267,-0.0627856650024443,1
16.42,-1.76429513946773,-1.41425021689292,-1.87462581268628,-2.92391400534598,-0.969773018525105,-0.0619522231874313,1
16.44,-1.77406853687179,-1.41421416707509,-1.87159956131556,-2.9274411942632,-0.979522370090717,-0.061124234550277,1
16.46,-1.7839058550695,-1.41429205753393,-1.86848158501616,-2.930936422894,-0.98933580138261,-0.0603017053250683,1
16.48,-1.79380511426318,-1.41448356258594,-1.86527205813662,-2.93439984281184,-0.999211332691634,-0.0594846390985506,1
16.5,-1.80376427485988,-1.4147883033454,-1.8619711564679,-2.93783166178204,-1.0091469244371,-0.0586730368189867,1
16.52,-1.81378124015048,-1.41520584895047,-1.85857905684544,-2.94123214290544,-1.01914047984632,-0.0578668968105781,1
16.54,-1.82385385914386,-1.41573571789879,-1.85509593674377,-2.9446016036509,-1.02918984778937,-0.0570662147934014,1
16.56,-1.83302877105535,-1.41591884542253,-1.84991674609994,-2.94996649252893,-1.03834382461252,-0.056345276447724,1
16.58,-1.84207955995288,-1.4161307422885,-1.84436486806162,-2.95566091999031,-1.04737418201533,-0.0556416717736946,1
16.6,-1.8511732752189,-1.41645230937624,-1.8387263130638,-2.9613248490142,-1.05644758248506,-0.0549420776606216,1
16.62,-1.86030828715283,-1.41688293213861,-1.8330012709559,-2.96695871406161,-1.0655623962659,-0.054246492504237,1
16.64,-1.86948293681261,-1.41742196870413,-1.82718991957209,-2.972562991669,-1.07471696431303,-0.0535549130700186,1
16.66,-1.87869553793741,-1.4180687514863,-1.82129242420981,-2.97813819932474,-1.08390960021617,-0.0528673345081011,1
16.68,-1.8879443789461,-1.41882258881891,-1.8153089370868,-2.98368489433541,-1.09313859219865,-0.0521837503754502,1
16.7,-1.89722772498137,-1.4196827666115,-1.80923959679427,-2.98920367267175,-1.10240220516229,-0.0515041526604715,1
16.72,-1.90654381999338,-1.42064855002152,-1.80308452774548,-2.99469516779864,-1.1116986827718,-0.0508285318099431,1
16.74,-1.91319906739936,-1.42086107573518,-1.79481337288335,-3.00296457063676,-1.11834002623116,-0.0503496775775442,1
16.76,-1.91952566564718,-1.42106588708319,-1.78619974756603,-3.01156985646564,-1.12465349021848,-0.0498973285788621,1
16.78,-1.925869868431,-1.42137305900242,-1.77750589851926,-3.02014979265161,-1.13098460169257,-0.0494464559998611,1
16.8,-1.93223111726205,-1.42178197155557,-1.7687316092898,-3.02870521707654,-1.13733280220234,-0.048997061204867,1
16.82,-1.93860884850072,-1.42229201507963,-1.75987663109556,-3.03723699025865,-1.14369752813569,-0.0485491452140894,1
16.84,-1.94500249364571,-1.42290259121756,-1.75094068210552,-3.04574599503522,-1.15007821100893,-0.0481027087051775,1
16.86,-1.95141147965744,-1.42361311394986,-1.74192344663344,-3.05423313633091,-1.15647427779025,-0.0476577520161448,1
16.88,-1.95606220236046,-1.42397847539714,-1.73253356856342,-3.06338632378673,-1.16111567108936,-0.0473364324724218,1
16.9,-1.95725489583423,-1.42357429410685,-1.72249367104313,-3.07386309708797,-1.16230597808408,-0.0472542381187954,1
16.92,-1.95844963306277,-1.42326872327021,-1.71237202954217,-3.08432293625615,-1.16349832721076,-0.0471719877929179,1
16.94,-1.95964641302608,-1.42306132708334,-1.70216797541426,-3.09476694536381,-1.1646927174535,-0.0470896816309062,1
16.96,-1.96084523489381,-1.42295169697392,-1.69188079409587,-3.10519624717417,-1.16588914798558,-0.0470073197580551,1
16.98,-1.9620460978003,-1.42293945239755,-1.68150972393312,-3.11561198351267,-1.16708761794499,-0.0469249023000783,1
17,-1.96324900084444,-1.42302424175644,-1.67105395469135,-3.12601531583871,-1.16828812643426,-0.046842429383105,1
17.02,-1.96382216180954,-1.42306095081063,-1.6606864155833,-3.13636153163017,-1.16886014702318,-0.0468031526890755,1
17.04,-1.96010311459021,-1.42221155615886,-1.65141185624089,-3.14638522756848,-1.16514850772743,-0.0470582951834107,1
17.06,-1.95638052015596,-1.42146006237115,-1.64204831929285,-3.15639872399754,-1.16143335171634,-0.0473144873264501,1
17.08,-1.95265446259901,-1.42080629613209,-1.63259518883803,-3.16640278641825,-1.15771476357916,-0.0475717462145573,1
17.1,-1.94892502686387,-1.42025010701149,-1.62305179414304,-3.17639822628033,-1.15399282848167,-0.0478300794491667,1
17.12,-1.94519229872098,-1.41979136361853,-1.61341741828951,-3.18638588212585,-1.15026763241697,-0.0480894946803848,1
17.14,-1.94145636476123,-1.41942995475128,-1.60369129654425,-3.19636662006973,-1.14653926220007,-0.0483499996070567,1
17.16,-1.9363061006837,-1.4188307895641,-1.59488233758592,-3.20562547377744,-1.14139946725831,-0.0487105685031459,1
17.18,-1.9288988237713,-1.41779493882091,-1.58759555219336,-3.21372921469255,-1.13400733432334,-0.0492321412104888,1
17.2,-1.92149371498855,-1.41685917788566,-1.58021581554877,-3.22182084948064,-1.12661747003899,-0.0497571721803584,1
17.22,-1.91409160613832,-1.4160236536876,-1.57274277981987,-3.22990053214778,-1.11923070716073,-0.0502856941223642,1
17.24,-1.90669333374746,-1.41528851166401,-1.56517606690699,-3.2379684486884,-1.11184788316723,-0.0508177396662709,1
17.26,-1.89929973866643,-1.41465389664571,-1.5575152674002,-3.2460248172694,-1.10446983985802,-0.0513533413421327,1
17.28,-1.89191166555198,-1.41411995371081,-1.54975993936778,-3.25406988861285,-1.09709742283568,-0.0518925315648534,1
17.3,-1.88452996233801,-1.41368682906409,-1.5419096070898,-3.26210394640847,-1.08973148097631,-0.0524353426185674,1
17.32,-1.8759267470501,-1.41302305931068,-1.5354525486939,-3.26892716212398,-1.08114678912108,-0.0530732722338984,1
17.34,-1.86706966783011,-1.41238962645888,-1.52922789631864,-3.27547089801588,-1.07230895805688,-0.0537361539149222,1
17.36,-1.858230367233,-1.4118596831301,-1.52290911232776,-3.28199769744542,-1.06348905271533,-0.0544040944809004,1
17.38,-1.84941035121019,-1.41143346976941,-1.51649591333564,-3.28850753982145,-1.05468858032072,-0.0550771374713611,1
17.4,-1.84061112150095,-1.41111121438641,-1.50998799209759,-3.29500044216286,-1.04590904386437,-0.0557553256838325,1
17.42,-1.8318341741346,-1.41089313310929,-1.50338501649835,-3.30147645961959,-1.0371519406053,-0.056438701134536,1
17.44,-1.82308099786981,-1.41077943075514,-1.49668662848434,-3.30793568603251,-1.02841876050831,-0.0571273050188771,1
17.46,-1.81435307263148,-1.41077030144109,-1.48989244295162,-3.31437825449594,-1.0197109846798,-0.0578211776724828,1
17.48,-1.80565186794939,-1.41086592923799,-1.48300204658613,-3.32080433792392,-1.01103008380529,-0.0585203585328936,1
17.5,-1.79697884140255,-1.41106648886854,-1.47601499665322,-3.32721414962155,-1.00237751659265,-0.0592248861020065,1
17.52,-1.78833543707329,-1.41137214645165,-1.46893081973251,-3.33360794386299,-0.993754728225229,-0.0599347979093809,1
17.54,-1.78070452379921,-1.41202220408736,-1.4606015789418,-3.34093955380987,-0.986142209403293,-0.0605682038020314,1
17.56,-1.77420856383983,-1.41304703240225,-1.4508647652417,-3.34934969287812,-0.979662054846683,-0.0611124506231127,1
17.58,-1.76772768153633,-1.414174068078,-1.44102198845197,-3.3577587166748,-0.97319707903749,-0.0616601726763309,1
17.6,-1.76126247977622,-1.41540358455045,-1.43107192748737,-3.36616764224932,-0.966747885549192,-0.0622113933354765,1
17.62,-1.75481355758371,-1.41673588331225,-1.42101318814819,-3.37457753215064,-0.960315074084038,-0.0627661357478119,1
17.64,-1.74838150948035,-1.41817129574665,-1.41084429960939,-3.38298949611515,-0.953899239834896,-0.0633244228255717,1
17.66,-1.74196692513432,-1.41971018519336,-1.40056371057679,-3.39140469285819,-0.94750097313435,-0.0638862772371054,1
17.68,-1.74498803997252,-1.42148961125754,-1.39139161014312,-3.39895187848606,-0.950514384152988,-0.0636210175905913,1
17.7,-1.75291086094384,-1.42344605299813,-1.38274110771818,-3.4060449416755,-0.958417158487249,-0.0629307607529273,1
17.72,-1.76088372633563,-1.42550969233815,-1.3739822408914,-3.4131327884149,-0.966370074340591,-0.0622438375151319,1
17.74,-1.76890563339389,-1.42768070582879,-1.36511375333551,-3.42021648059278,-0.974372129389605,-0.0615602631085952,1
17.76,-1.77697554405116,-1.42995928425474,-1.35613432142295,-3.42729713533841,-0.982422285962927,-0.0608800514687589,1
17.78,-1.785092387284,-1.43234563511758,-1.34704255177684,-3.4343759250398,-0.990519473394406,-0.0602032151905717,1
17.8,-1.7935489752613,-1.43477235738642,-1.33827778434905,-3.44109395403856,-0.99895580381566,-0.0595056487273653,1
17.82,-1.80240597071829,-1.43722654416384,-1.32992892425173,-3.4473769577017,-1.00779181729586,-0.0587831273444705,1
17.84,-1.8113114722354,-1.43978937387535,-1.32146814448613,-3.45365563936228,-1.01667645684,-0.0580647288213407,1
17.86,-1.82026396521304,-1.44246096807516,-1.31289408636091,-3.45993123674046,-1.02560820796709,-0.0573504576147232,1
17.88,-1.82895417931262,-1.44399023429964,-1.30981390968084,-3.46183533974132,-1.03427850198832,-0.0566644766827531,1
17.9,-1.83700194005453,-1.44290648093944,-1.31881444939002,-3.45423788674231,-1.04230799792671,-0.0560354907293035,1
17.92,-1.84506633632906,-1.44193002265456,-1.32769846526869,-3.44664299884997,-1.05035426283074,-0.0554110931916268,1
17.94,-1.85314621979548,-1.44106028449231,-1.33646739753391,-3.43904986461461,-1.05841614724049,-0.0547912457821843,1
17.96,-1.86124044007113,-1.44029671276127,-1.34512261129579,-3.4314577272525,-1.0664924996419,-0.0541759097955193,1
17.98,-1.86934784556591,-1.43963877296447,-1.35366540148482,-3.42386588174948,-1.07458216730145,-0.0535650461062986,1
18,-1.87746728445246,-1.43908594806646,-1.36209699630264,-3.41627367310025,-1.08268399723725,-0.052958615196416,1
18.02,-1.88559760562516,-1.438637736866,-1.37041856045709,-3.40868049465781,-1.09079683717868,-0.0523565771820867,1
18.04,-1.88495030397511,-1.43980509635972,-1.36377541693338,-3.41413423880085,-1.09015092139508,-0.0524043054050861,0
18.06,-1.88114774914756,-1.44161887774749,-1.35167290902331,-3.42429249305817,-1.08635652996157,-0.0526854457761568,0
18.08,-1.87734351557679,-1.44353723444707,-1.33943949755018,-3.43447556831038,-1.08256049564228,-0.0529678199543819,0
18.1,-1.87353770551591,-1.44556110303464,-1.32707226218841,-3.44468541620077,-1.07876292141619,-0.0532514527880322,0
18.12,-1.86973042174208,-1.44769150924048,-1.31456810015773,-3.45492410268834,-1.07496391031911,-0.0535363531570952,0
18.14,-1.86592176771147,-1.44992956357736,-1.30192373409028,-3.46519378348682,-1.07116356606739,-0.0538225299919947,0
18.16,-1.86211184754738,-1.45227646694455,-1.28913570025027,-3.47549671024144,-1.06736199304591,-0.0541099922735283,0
18.18,-1.86376520821708,-1.45368083716145,-1.28378231514861,-3.47950588877795,-1.0690117270932,-0.0539850973350371,1
18.2,-1.87339252832452,-1.45347195827544,-1.2901823618694,-3.47365933844156,-1.07861805904927,-0.0532622951727107,1
18.22,-1.88189287643783,-1.45277018682443,-1.29849731190137,-3.46634245896617,-1.08710005512538,-0.0526302700972748,1
18.24,-1.88686339335427,-1.45100766137552,-1.30981691564166,-3.45695523303413,-1.09205991665289,-0.052263306711445,1
18.26,-1.87777560416348,-1.4492110702702,-1.31240473501971,-3.455851559814,-1.08299165128627,-0.052935690519872,1
18.28,-1.8671516100722,-1.44862124479627,-1.30868080647656,-3.45978931521628,-1.0723907213748,-0.0537299921757685,1
18.3,-1.85628806904984,-1.44787171378905,-1.30593448677603,-3.46288843783943,-1.06155104176741,-0.0545517389916645,1
18.32,-1.84515646456832,-1.44656304983081,-1.30599004293934,-3.46372184749076,-1.05044418937934,-0.055404147692863,1
18.34,-1.84054486077982,-1.4436881284394,-1.31695795892556,-3.45545098893743,-1.04584293219917,-0.0557604586239646,1
18.36,-1.84307642670124,-1.44125645522836,-1.32985393444541,-3.44508461864359,-1.04836881149826,-0.0555646258433699,1
18.38,-1.85182032668223,-1.44117732713061,-1.33512645206865,-3.44022403276422,-1.0570931964578,-0.0548925735578344,1
18.4,-1.86280410500309,-1.44230742900693,-1.33615528062614,-3.43847139336007,-1.06805273123742,-0.0540576716776048,1
18.42,-1.86294405725668,-1.44070118462372,-1.34417343876397,-3.43206457427757,-1.06819237646255,-0.0540470981225653,1
18.44,-1.85230742226182,-1.43899975696112,-1.34614811273152,-3.4313982355421,-1.05757921059633,-0.054855331131583,1
18.46,-1.84301693485715,-1.43926840362491,-1.3394855254685,-3.43743878597992,-1.04830945309554,-0.0555692214303549,1
18.48,-1.83739874275283,-1.44095943417223,-1.32826643676041,-3.44674850114922,-1.04270390451661,-0.0560046311323522,1
18.5,-1.83440892683398,-1.44337211850211,-1.31532873021638,-3.45715588234457,-1.03972085082007,-0.056237502997387,1
18.52,-1.83565849940464,-1.44634594167001,-1.30221100435048,-3.46734907519794,-1.04096759429128,-0.0561400768874191,1
18.54,-1.84659866641582,-1.44814676394564,-1.29949119990735,-3.46869211669443,-1.05188316672507,-0.0552931034650319,1
18.56,-1.85784700614072,-1.4495635539728,-1.29904156770713,-3.4681472209788,-1.06310653708004,-0.0544332106850675,1
18.58,-1.86885981938689,-1.45107417518455,-1.29839435286314,-3.4676840860627,-1.07409520442606,-0.0536016650316518,1
18.6,-1.8619955529271,-1.45203744559223,-1.29014330894938,-3.4747238801667,-1.06724595376313,-0.0541187857221118,1
18.62,-1.85135134348424,-1.45158241517228,-1.28648878732669,-3.47843897198266,-1.05662525504464,-0.0549284505804918,1
18.64,-1.84080242497566,-1.45130314193967,-1.28246060160661,-3.48234332907382,-1.04609991706624,-0.0557405083599628,1
18.66,-1.84066014825643,-1.45278630770097,-1.27588341573573,-3.48743182930692,-1.04595796031333,-0.0557515271700572,1
18.68,-1.85146165025219,-1.45346050626644,-1.27824431496649,-3.48480950379566,-1.05673531673022,-0.0549200104927796,1
18.7,-1.85745307605101,-1.45343492356579,-1.28146547460606,-3.48183738781218,-1.06271347614027,-0.0544631422420413,0
18.72,-1.84619719311346,-1.45205535838392,-1.28178129678458,-3.48247809873084,-1.05148259050948,-0.0553239970688189,0
18.74,-1.83498854580913,-1.45078314302203,-1.28200336405078,-3.48309310934168,-1.04029915698531,-0.0561922939787545,0
18.76,-1.8238302565383,-1.44961877499503,-1.28213178886239,-3.48368173306374,-1.02916629933214,-0.0570680796344416,0
18.78,-1.81272540310533,-1.44856271353766,-1.28216667518969,-3.48424333549065,-1.01808709663172,-0.0579513973491647,0
18.8,-1.80167701465054,-1.4476153785887,-1.2821081200486,-3.48477733404413,-1.00706457920294,-0.058842287009595,0
18.82,-1.79068806630957,-1.44677714972817,-1.28195621346318,-3.48528319923454,-0.996101723258313,-0.0597407849769791,0
18.84,-1.7797614740105,-1.44604836521741,-1.28171103841009,-3.48576045582409,-0.985201445698432,-0.0606469239957008,0
18.86,-1.77466293613733,-1.44470674216384,-1.28612461789894,-3.48245142440331,-0.980115317145625,-0.0610742288141841,1
18.88,-1.7746356115193,-1.44167830763576,-1.29962962432891,-3.47197357276826,-0.980088059259411,-0.0610765266624249,1
18.9,-1.76782932389616,-1.4389528318568,-1.310122627139,-3.46388416803695,-0.973298470852286,-0.0616515454678651,1
18.92,-1.75760463138169,-1.43764245272628,-1.3135332866452,-3.46128857365522,-0.963099157497728,-0.0625254361110723,1
18.94,-1.74697856675218,-1.4374420036401,-1.31210142553991,-3.46239075629402,-0.952499853230191,-0.063446869325046,1
18.96,-1.73656159514062,-1.43764375068179,-1.30925560842091,-3.46449947239523,-0.942109510497819,-0.0643637577034417,1
18.98,-1.7270547998342,-1.43837069404025,-1.30452919186378,-3.46799643939493,-0.932627371302574,-0.0652127036059541,1
19,-1.73723757095867,-1.43898037711822,-1.30326231713764,-3.46919135680128,-0.942783746166866,-0.0643038411982852,1
19.02,-1.74784040862332,-1.43912212142323,-1.30457567801638,-3.46827997748141,-0.953359509698463,-0.0633716205382555,1
19.04,-1.75852582521384,-1.43948674255356,-1.30528539489822,-3.46773738904025,-0.964018050103363,-0.0624461978328166,1
19.06,-1.76834662236412,-1.44114354495703,-1.30027752097959,-3.4715632425558,-0.97381449472375,-0.0616076566177416,1
19.08,-1.76975368082362,-1.44386693737918,-1.28847697403703,-3.48070734908065,-0.975218090795283,-0.0614884333315413,1
19.1,-1.75906245370771,-1.44330181765254,-1.28828125650533,-3.48095273669662,-0.964553339405768,-0.0624000852269471,1
19.12,-1.74848243094804,-1.44226535122844,-1.29057117770072,-3.47917365228871,-0.953999905760959,-0.0633156242059405,1
19.14,-1.73803189653182,-1.44124766650609,-1.29318481771567,-3.47704286684979,-0.943576029102656,-0.0642335094432166,1
19.16,-1.72752738489036,-1.44069573231297,-1.29409612830163,-3.47612976421711,-0.933098722535147,-0.0651702217288176,1
19.18,-1.73477461372922,-1.44217074238177,-1.28855957042984,-3.48057508957981,-0.940327137522808,-0.0645224337452132,1
19.2,-1.7449818570157,-1.44343162933722,-1.28473603174332,-3.48366512382804,-0.950508216926108,-0.0636215595584869,1
19.22,-1.7553608064824,-1.4446988607536,-1.28129279262956,-3.48636203653087,-0.960860950224332,-0.0627188679459016,1
19.24,-1.76601124236568,-1.44572744828544,-1.27932377821997,-3.48782136897674,-0.971484876092005,-0.0618060416105705,1
19.26,-1.77311350115477,-1.4445950054161,-1.28618116967268,-3.48243388337269,-0.9785696701048,-0.061204662988555,0
19.28,-1.773805789971,-1.44150649668706,-1.30016504261122,-3.47157108441303,-0.979260264703038,-0.0611463243095255,0
19.3,-1.77449709252237,-1.43852773425707,-1.3139954310206,-3.46075188188471,-0.979949877813888,-0.061088149919727,0
19.32,-1.77518741042981,-1.4356571787603,-1.32767667795745,-3.44997347302263,-0.980638511023727,-0.0610301388949119,0
19.34,-1.77587674522061,-1.43289343813412,-1.34121283709613,-3.43923325993546,-0.981326164287042,-0.0609722369711533,0
19.36,-1.77656509946453,-1.43023518958133,-1.35460781457734,-3.42852862808019,-0.982012840939902,-0.0609144705298725,0
19.38,-1.77725247537222,-1.42768122897985,-1.36786528392108,-3.41785710854458,-0.982698543177279,-0.0608568390319082,0
19.4,-1.77793887480644,-1.42523046373824,-1.380988700976,-3.40721636951944,-0.983383272083051,-0.060799315689224,0
19.42,-1.77862430098697,-1.42288184075807,-1.39398143443458,-3.39660400299536,-0.9840670331514,-0.0607419787241353,0
19.44,-1.77930875507931,-1.42063447375991,-1.40684654086286,-3.38601793205829,-0.984749825242518,-0.060684748851017,0
19.46,-1.7799922396075,-1.41848750587779,-1.41958701137552,-3.37545599196895,-0.985431651628402,-0.0606276517943417,0
19.48,-1.78067475674629,-1.41644017151834,-1.43220566303276,-3.36491613173214,-0.986112514468568,-0.0605706870298401,0
19.5,-1.78135630833236,-1.41449179149468,-1.44470514886146,-3.35439640822674,-0.9867924148409,-0.0605138284605546,0
19.52,-1.78203689752063,-1.41264170694014,-1.45708807782461,-3.34389478107288,-0.987471358116158,-0.0604571522946353,0
19.54,-1.78271652514298,-1.4108894126685,-1.46935677657604,-3.33340954998616,-0.988149342144385,-0.0604005559788156,0
19.56,-1.78339519466087,-1.40923436848135,-1.48151362971703,-3.32293875086479,-0.98882637332359,-0.0603441405089349,0
19.58,-1.78407290690715,-1.40767619206647,-1.49356073358135,-3.31248078974861,-0.989502449535637,-0.060287804392107,0
19.6,-1.78474966531429,-1.40621446275141,-1.50550025112706,-3.30203380575742,-0.990177577119219,-0.0602316475818296,0
19.62,-1.78542547071628,-1.40484891011483,-1.51733407186609,-3.29159629875385,-0.990851753987799,-0.0601755696321847,0
19.64,-1.78610032651693,-1.40357922275278,-1.52906415904415,-3.28116649939252,-0.991524986421476,-0.0601196694674739,0
19.66,-1.78677423386772,-1.4024052213404,-1.5406922362072,-3.27074295216052,-0.992197273394705,-0.0600638722129346,0
19.68,-1.78744719488008,-1.40132673997038,-1.55222000326646,-3.26032412309548,-0.99286861701556,-0.0600081777531582,0
19.7,-1.7881192125966,-1.40034362629651,-1.56364913761715,-3.24990840054127,-0.993539022441597,-0.0599526588286493,0
19.72,-1.78879028785391,-1.39945585080233,-1.57498109404738,-3.2394944754675,-0.994208487663391,-0.0598972175535289,0
19.74,-1.78946042398561,-1.39866333882128,-1.58621741363296,-3.22908076663122,-0.994877018817621,-0.059841950335378,0
19.76,-1.79012962182905,-1.39796614452722,-1.59735940373668,-3.21866602767519,-0.995544613924693,-0.0597867602898647,0
19.78,-1.79079788469029,-1.39736427599243,-1.60840846143531,-3.20824873966218,-0.996211279065128,-0.0597317428399095,0
19.8,-1.79146521340747,-1.39685786510025,-1.61936575884927,-3.19782771271868,-0.996877012288877,-0.059676802090215,0
19.82,-1.79213161125943,-1.39644699698377,-1.63023256054137,-3.18740148439365,-0.997541819620968,-0.0596220324913155,0
19.84,-1.79279707908502,-1.39613187589773,-1.6410099140053,-3.17696891603236,-0.998205699140468,-0.0595673391246038,0
19.86,-1.79346162013619,-1.3959126589455,-1.65169896131563,-3.16652859672237,-0.998868656817566,-0.0595128154803342,0
19.88,-1.7941252352524,-1.39578961794258,-1.66230063461012,-3.15607943457997,-0.999530690760022,-0.0594583676044312,0
19.9,-1.7947879273639,-1.395762987092,-1.67281594363755,-3.14562010251329,-1.00019180591909,-0.0594040649853918,0
19.92,-1.79544969849006,-1.39583306255078,-1.68324578758145,-3.13514940600814,-1.00085200428656,-0.0593499067401042,0
19.94,-1.7961105497702,-1.39600019948614,-1.69359095923114,-3.12466627990605,-1.00151128498962,-0.0592958235970825,0
19.96,-1.79677048438979,-1.39626471558722,-1.70385233047329,-3.1141694254072,-1.00216965386235,-0.0592419066758881,0
19.98,-1.79742950347862,-1.39662702387988,-1.71403059642073,-3.10365781683061,-1.00282711002892,-0.0591880869934078,0
20,-1.7980876090422,-1.39708753625807,-1.72412646077354,-3.09313033862205,-1.00348365549162,-0.0591343644392406,0
20.02,-1.79874480393709,-1.39764666445242,-1.73414063505154,-3.08258578698594,-1.00413929505616,-0.0590808060535846,0
20.04,-1.79940108900461,-1.39830490973995,-1.74407366171734,-3.07202322627604,-1.00479402694097,-0.0590273216225012,0
20.06,-1.80005646736666,-1.39906272650933,-1.75392618233041,-3.0614414537339,-1.00544785685161,-0.0589740000101787,0
20.08,-1.80071093986485,-1.39992066438059,-1.76369865577257,-3.05083956798617,-1.00610078303313,-0.0589207519091181,0
20.1,-1.80136450959595,-1.40087922636697,-1.77339164007045,-3.04021640213294,-1.00675281114006,-0.0588676652921753,0
20.12,-1.80201717740173,-1.40193900706901,-1.78300551477505,-3.02957108819773,-1.00740393944366,-0.0588146517470963,0
20.14,-1.80266894635413,-1.40310055477968,-1.79254075843557,-3.01890249441737,-1.008054173548,-0.0587617983662906,0
20.16,-1.80331981729516,-1.40436450574692,-1.80199767501816,-3.00820978581059,-1.0087035117503,-0.0587090176219049,0
20.18,-1.80396979327206,-1.4057314502032,-1.81137666717513,-2.99749186549971,-1.00935195960466,-0.0586563957366377,0
20.2,-1.804618875127,-1.40720206268883,-1.82067796659376,-2.98674793155865,-1.00999951543385,-0.0586038460561664,0
20.22,-1.8052670658829,-1.40877697199556,-1.82990190319393,-2.97597692220022,-1.01064618474265,-0.0585514539440846,0
20.24,-1.80591436638196,-1.41045688753411,-1.8390486393058,-2.96517806906462,-1.01129196587899,-0.0584991336090009,0
20.26,-1.80656077962304,-1.41224247318814,-1.84811843491873,-2.9543503461099,-1.01193686429889,-0.0584469695658189,0
20.28,-1.80720630644836,-1.41413446970609,-1.8571113855928,-2.94349301949895,-1.01258087837508,-0.0583948768756045,0
20.3,-1.80785094983296,-1.41613357246653,-1.86602768387343,-2.93260510003492,-1.0132240135154,-0.0583429392148474,0
20.32,-1.80849471088203,-1.41824054272229,-1.87486737675177,-2.92168585591233,-1.01386626898371,-0.0582910932508448,0
20.34,-1.8091375917581,-1.42045612502155,-1.88363054383124,-2.91073443799378,-1.01450764754018,-0.0582393595395221,0
20.36,-1.80977959409205,-1.42278109009381,-1.89231720148658,-2.89975008445724,-1.01514815020597,-0.0581877171083235,0
20.38,-1.81042072054929,-1.42521619194049,-1.90092739787928,-2.88873191876205,-1.01578778142768,-0.058136227223033,0
20.4,-1.81106097197166,-1.42776224239454,-1.90946104108314,-2.8776793208064,-1.01642653965026,-0.0580848074407924,0
20.42,-1.8117003512643,-1.43042000782822,-1.91791813369789,-2.8665914229723,-1.01706443014025,-0.0580335389830137,0
20.44,-1.81233885952343,-1.43319030896224,-1.92629854012706,-2.85546761458852,-1.01770145220659,-0.05798236037523,0
20.46,-1.81297649861493,-1.43607395260814,-1.93460214218918,-2.84430720706236,-1.01833760771215,-0.0579312715138404,0
20.48,-1.81452165851448,-1.43910806869984,-1.94260453350213,-2.83333545017774,-1.01987917933139,-0.0578077049881797,1
20.5,-1.81877630010597,-1.44236496587334,-1.94985831258878,-2.82300166606679,-1.02412397391197,-0.0574686106129474,1
20.52,-1.8230333022379,-1.44573658025016,-1.95703029250636,-2.8126329254903,-1.02837117441207,-0.0571310768946652,1
20.54,-1.827479976011,-1.44921946756285,-1.96404225782921,-2.80231845967276,-1.03280766333944,-0.056780344527595,1
20.56,-1.83197936077036,-1.45281688281511,-1.97095050095617,-2.79199300407036,-1.03729679732289,-0.0564273395890013,1
20.58,-1.83695373038053,-1.45651102429213,-1.97755751247812,-2.78188838924634,-1.04225989715637,-0.0560392409635583,1
20.6,-1.84214131730163,-1.46031257804572,-1.98398312950439,-2.77186320979733,-1.04743580068814,-0.055636896011658,1
20.62,-1.84733312482283,-1.46423027855935,-1.99032306339584,-2.76180473141034,-1.0526159850593,-0.0552366228463366,1
20.64,-1.85281185535774,-1.46824566253193,-1.99643102873552,-2.75188833126639,-1.05808252438954,-0.0548167844090396,1
20.66,-1.85836559373017,-1.47237262594005,-2.00241539057808,-2.7419834639735,-1.06362398107418,-0.0543938270141646,1
20.68,-1.86392379432576,-1.47661590640718,-2.00831177031047,-2.73204711989796,-1.06916996569054,-0.0539731296292997,1
20.7,-1.86964695182789,-1.48096183679315,-2.01403108398452,-2.72218781318988,-1.07488062215286,-0.0535426123316793,1
20.72,-1.87550498140907,-1.48541270097388,-2.01958902444869,-2.71238625995916,-1.08072593592038,-0.0531046955539595,1
20.74,-1.88136729141387,-1.48997951419258,-2.02505665261334,-2.70255568453961,-1.08657560005167,-0.0526691844784334,1
20.76,-1.88737854081943,-1.49464639489814,-2.030348138739,-2.69280273774682,-1.09257396293516,-0.0522253827338347,1
20.78,-1.89361926859162,-1.4994039343088,-2.03541518651825,-2.68318758077092,-1.09880139683373,-0.0517675490157753,1
20.8,-1.89986410713022,-1.50427619536918,-2.04038928799722,-2.67354693192675,-1.10503301716989,-0.0513123182862971,1
20.82,-1.90672188220878,-1.50916758819786,-2.0448691522595,-2.66439719958034,-1.11187637180104,-0.0508156791856369,1
20.84,-1.91416528396299,-1.51388491459349,-2.04858814928128,-2.65619620534491,-1.11930423169797,-0.0502804148557248,1
20.86,-1.92491206432039,-1.51655619107858,-2.04767132853867,-2.65477229293871,-1.13002876898068,-0.0495143525640892,1
20.88,-1.93559299134578,-1.51869682504473,-2.04578759902196,-2.65483332036544,-1.1406878113571,-0.0487606265859234,1
20.9,-1.94613599712759,-1.51980957046378,-2.04225725939587,-2.65755461361306,-1.1512094242164,-0.048023828761683,1
20.92,-1.9567042200607,-1.52102607162065,-2.03863098090977,-2.66025892973737,-1.16175640385595,-0.0472921774031776,1
20.94,-1.96729511647158,-1.52234532924961,-2.03490918595304,-2.66294690976293,-1.17232620558222,-0.0465656376957004,1
20.96,-1.97797808356486,-1.52521639090136,-2.03320287597462,-2.66206041364077,-1.18298808412748,-0.0458393029122054,1
20.98,-1.98870439718619,-1.52881599253814,-2.03231677542979,-2.65961671900426,-1.19369340782603,-0.0451163587685389,1
21,-1.99839706883761,-1.53340597768287,-2.03324989410874,-2.65432932047352,-1.20336726504379,-0.0444683385936767,1
21.02,-2.00781220284086,-1.53834505075863,-2.03461516731073,-2.64824669464938,-1.21276425717534,-0.0438434788808134,1
21.04,-2.01750302897658,-1.54323390579013,-2.03550693153789,-2.64268696352695,-1.22243654306128,-0.0432048934953693,1
21.06,-2.02719120489026,-1.54821415414014,-2.03629559491757,-2.63713157104831,-1.23210631366791,-0.042570951700754,1
21.08,-2.02271542837167,-1.55026066380076,-2.0418298842651,-2.62945303039552,-1.22763902426842,-0.0428632775268392,1
21.1,-2.01420597807632,-1.5497984003744,-2.04635228727388,-2.62520278829992,-1.21914578517507,-0.0434216454066607,1
21.12,-2.00411061092186,-1.54515551089178,-2.04614197020881,-2.62982310452084,-1.20906978236199,-0.0440886135843773,1
21.14,-1.99401663860913,-1.54060397502681,-2.0458281182283,-2.63444751966594,-1.19899532005324,-0.0447605938022263,1
21.16,-1.98669512160792,-1.53543697489398,-2.04289230910156,-2.64237038422322,-1.19168805041065,-0.0452513101573433,1
21.18,-1.98040828147401,-1.52988268392934,-2.0386069054648,-2.65205205378066,-1.18541351056497,-0.0456749621462333,1
21.2,-1.9726935022605,-1.52566677880172,-2.03681775881302,-2.65785869883544,-1.17771391144165,-0.0461977986918957,1
21.22,-1.96202495276345,-1.52416289807764,-2.04039918628096,-2.65549850565508,-1.16706651501806,-0.046926352841372,1
21.24,-1.95137762441827,-1.52276059508327,-2.04388455999897,-2.65312359821458,-1.15644049060036,-0.0476600959176616,1
21.26,-1.94080907392903,-1.52157236546324,-2.04740547136266,-2.65049140490612,-1.14589328445088,-0.0483952239607822,1
21.28,-1.93035406061323,-1.5206650220602,-2.05103927622114,-2.64745880658884,-1.13545958776952,-0.049129390706541,1
21.3,-1.91990589461919,-1.51849342948962,-2.05266635636121,-2.64768739345779,-1.12503293235606,-0.0498702297988215,1
21.32,-1.90968062081875,-1.51509003561423,-2.05223597784985,-2.65120210235142,-1.11482891898842,-0.0506024461320161,1
21.34,-1.90223245344138,-1.51019596717568,-2.04826989729966,-2.65982356988721,-1.10739637220554,-0.0511404195725064,1
21.36,-1.89479204440635,-1.50541308657434,-2.04420672644776,-2.66842581391044,-1.09997168389395,-0.051681837360074,1
21.38,-1.88858140309859,-1.50053135617169,-2.03923441592581,-2.67807216774143,-1.09377425625304,-0.0521369093624897,1
21.4,-1.88258171507338,-1.49572935474151,-2.0340317811996,-2.68787250974737,-1.087787413782,-0.0525793008006331,1
21.42,-1.87658625783545,-1.49104319484017,-2.02873727781361,-2.69764537959629,-1.08180487395923,-0.0530241640775788,1
21.44,-1.87059548587514,-1.48647302284611,-2.02335149758883,-2.70739001343385,-1.07582709181416,-0.0534715176599099,1
21.46,-1.86499443975941,-1.48198085157141,-2.01766133865296,-2.71737139355728,-1.0702382665909,-0.0538923875977128,1
21.48,-1.85939929307856,-1.47760527585926,-2.01188100822102,-2.72732325779144,-1.06465540284766,-0.0543153914535881,1
21.5,-1.85380869658546,-1.47334641358915,-2.00601201909718,-2.73724389222318,-1.05907715555191,-0.0547406742805621,1
21.52,-1.8484039475009,-1.46919094706821,-1.99996253285373,-2.74724529996926,-1.05368441900053,-0.0551543602022356,1
21.54,-1.84326607307134,-1.46513312765772,-1.99369201757935,-2.75737717071193,-1.04855803253537,-0.0555499784534372,1
21.56,-1.83813219105138,-1.46119209200974,-1.98733541512971,-2.76747557006376,-1.04343569753951,-0.0559476279494412,1
21.58,-1.83304276833263,-1.45736549200598,-1.98087438060552,-2.77756276678018,-1.03835779012555,-0.0563441824511855,1
21.6,-1.82827190194668,-1.45363895449092,-1.97418113481742,-2.78779198147904,-1.03359778108735,-0.056718076307001,1
21.62,-1.8235046060118,-1.45002854960627,-1.96740394315657,-2.7979865335746,-1.02884139611632,-0.0570938141057259,1
21.64,-1.81874170131882,-1.44653386119014,-1.96054297421876,-2.80814667927117,-1.02408945499479,-0.0574713610513314,1
21.66,-1.81445391335253,-1.44313880398572,-1.95339809307214,-2.81850832133825,-1.01981159137458,-0.0578131185433365,1
21.68,-1.81016877661499,-1.43985878382938,-1.94617135061538,-2.82883470795528,-1.01553642517022,-0.0581564644539446,1
21.7,-1.80659679349564,-1.43669198917717,-1.93862021419569,-2.83940059171211,-1.01197279377715,-0.0584440633875604,1
21.72,-1.80591953067561,-1.4348714220024,-1.93362390204399,-2.84618846763919,-1.01129711867719,-0.0584987377295787,1
21.74,-1.81363932618474,-1.43764695723313,-1.93884989931879,-2.83851424233751,-1.01899889551277,-0.0578782479358686,1
21.76,-1.82138036637111,-1.44053561231012,-1.94398665880139,-2.83080988616001,-1.0267220383915,-0.0572619305649033,1
21.78,-1.8291416332658,-1.44353732419108,-1.9490337415657,-2.82307594024295,-1.03446552852788,-0.0566497578630909,1
21.8,-1.83692210101812,-1.44665199087022,-1.9539906999083,-2.81531299439254,-1.04222833924369,-0.0560417015794254,1
21.82,-1.84472073754159,-1.44987947141258,-1.95885707888526,-2.80752168549897,-1.05000943761058,-0.0554377329632121,1
21.84,-1.85253650536596,-1.45321958514147,-1.96363241694919,-2.79970269768048,-1.05780778530271,-0.0548378227836545,1
21.86,-1.86036836249039,-1.45667211086801,-1.96831624659448,-2.79185676237666,-1.06562233945044,-0.0542419413497411,1
21.88,-1.86821526323596,-1.46023678616551,-1.97290809501041,-2.78398465838848,-1.07345205349347,-0.0536500585303861,1
21.9,-1.87607615909587,-1.4639133066909,-1.97740748474206,-2.77608721186294,-1.0812958780316,-0.0530621437747882,1
21.92,-1.88394999958175,-1.46770132555589,-1.98181393435891,-2.76816529622016,-1.08915276167164,-0.0524781661329619,1
21.94,-1.89183573306428,-1.47160045275006,-1.98612695913065,-2.76021983202065,-1.09702165186868,-0.0518980942764067,1
21.96,-1.89973230760681,-1.47561025461854,-1.99034607171005,-2.75225178677103,-1.10490149576018,-0.0513218965188711,1
21.98,-1.90763867179016,-1.47973025339653,-1.99447078282238,-2.74426217466594,-1.11279124099152,-0.0507495408371731,1
22,-1.91555377552735,-1.48395992680311,-1.99850060196092,-2.73625205626461,-1.12068983653123,-0.0501809948920429,1
22.02,-1.92347657086672,-1.48829870769657,-2.00243503808793,-2.72822253810023,-1.12859623347474,-0.0496162260489446,1
22.04,-1.93140601278213,-1.49274598379364,-2.00627360034064,-2.72017477222056,-1.13650938583521,-0.0490552013988479,1
22.06,-1.93934105994893,-1.49730109745458,-2.01001579874138,-2.71210995565853,-1.14442825132003,-0.0484978877789107,1
22.08,-1.94728067550441,-1.50196334553639,-2.01366114491118,-2.70402932983127,-1.15235179209195,-0.0479442517930401,1
22.1,-1.95522382779171,-1.50673197931609,-2.01720915278604,-2.69593417986687,-1.16027897551349,-0.0473942598323008,1
22.12,-1.96316949108593,-1.51160620448569,-2.02065933933491,-2.6878258338576,-1.1682087748737,-0.0468478780951379,1
22.14,-1.97111664630151,-1.51658518122092,-2.02401122527849,-2.6797056620391,-1.17614017009612,-0.046305072607388,1
22.16,-1.97906428168001,-1.52166802432495,-2.0272643358078,-2.67157507589503,-1.18407214842703,-0.0457658092420454,1
22.18,-1.98701139345719,-1.52685380344869,-2.03041820130144,-2.66343552718688,-1.19200370510324,-0.0452300537387639,1
22.2,-1.99495698650884,-1.53214154338878,-2.03347235804045,-2.65528850690877,-1.19993384399838,-0.0446977717230626,1
22.22,-2.00290007497454,-1.53753022446437,-2.03642634891959,-2.64713554416774,-1.20786157824722,-0.0441689287252162,1
22.24,-2.01083968285868,-1.54301878297342,-2.03927972415369,-2.63897820498968,-1.21578593084723,-0.0436434901988072,1
22.26,-2.01615738804497,-1.54580263796914,-2.03985306437847,-2.6357418664102,-1.22109346870282,-0.0432932946008394,1
22.28,-2.01128451284162,-1.54391167662598,-2.04023133321587,-2.63714389706609,-1.21622990880043,-0.0436141435465906,1
22.3,-2.00497765795334,-1.5392317256727,-2.03756635570002,-2.64434282278496,-1.20993516053436,-0.0440311329482966,0
22.32,-1.99882057940809,-1.53360760966336,-2.03328691873122,-2.65410078954003,-1.20378995676452,-0.0444401349614368,0
22.34,-1.99265907010888,-1.52809056309422,-2.02891099190195,-2.66384502203278,-1.19764038714,-0.0448513704143255,0
22.36,-1.98649356661655,-1.52268117249291,-2.02443913390848,-2.67357434611119,-1.19148688880469,-0.04526485932188,0
22.38,-1.98032451007862,-1.51737997957393,-2.01987190029832,-2.68328763556136,-1.18532990349053,-0.0456806217452722,0
22.4,-1.97415234598963,-1.51218748226021,-2.01520984337293,-2.69298381118938,-1.17916987727788,-0.0460986777925374,0
22.42,-1.96797752404594,-1.50710413543058,-2.01045351142889,-2.70266184084082,-1.1730072604502,-0.046519047613951,0
22.44,-1.96180049799502,-1.50213035171952,-2.00560344801057,-2.7123207393564,-1.16684250734321,-0.0469417513973006,0
22.46,-1.95562172547942,-1.49726650236577,-2.00066019117486,-2.72195956846704,-1.1606760761887,-0.0473668093630506,0
22.48,-1.94944166787535,-1.49251291810592,-1.99562427276799,-2.73157743663187,-1.15450842895299,-0.0477942417594079,0
22.5,-1.94326079012606,-1.48786989010964,-1.99049621771488,-2.74117349882238,-1.14834003117015,-0.0482240688572851,0
22.52,-1.93707956057009,-1.4833376709527,-1.98527654332084,-2.75074695625639,-1.14217135177013,-0.0486563109451685,0
22.54,-1.93089845076441,-1.47891647562467,-1.97996575858588,-2.76029705608499,-1.13600286290168,-0.049090988323892,0
22.56,-1.92471793530265,-1.47460648256757,-1.97456436353146,-2.76982309103612,-1.12983503975053,-0.0495281213013196,0
22.58,-1.91853849162848,-1.47040783474251,-1.96907284853948,-2.77932439901816,-1.12366836035251,-0.0499677301869431,0
22.6,-1.91236059984431,-1.46632064072095,-1.96349169370348,-2.78880036268671,-1.11750330540217,-0.0504098352863933,0
22.62,-1.90618474251537,-1.46234497579753,-1.95782136819159,-2.79825040897817,-1.11134035805667,-0.0508544568958749,0
22.64,-1.90001140446947,-1.45848088312166,-1.95206232962093,-2.8076740086132,-1.10518000373537,-0.0513016152965251,0
22.66,-1.89384107259241,-1.45472837484499,-1.94621502344317,-2.81707067557332,-1.09902272991508,-0.0517513307487002,0
22.68,-1.88767423561936,-1.45108743328207,-1.94027988234055,-2.82643996655386,-1.09286902592129,-0.0522036234861985,0
22.7,-1.88151138392227,-1.44755801208168,-1.93425732563199,-2.83578148039618,-1.08671938271538,-0.0526585137104205,0
22.72,-1.87535300929366,-1.44414003740654,-1.9281477586886,-2.84509485750231,-1.08057429267828,-0.0531160215844726,0
22.74,-1.86919960472677,-1.44083340911902,-1.92195157235799,-2.85437977923476,-1.07443424939043,-0.0535761672272208,0
22.76,-1.86305166419248,-1.43763800197087,-1.91566914239657,-2.86363596730436,-1.0682997474085,-0.0540389707072984,0
22.78,-1.85690968241313,-1.43455366679495,-1.90930082890916,-2.87286318314883,-1.06217128203908,-0.0545044520370746,0
22.8,-1.85077415463337,-1.43158023169722,-1.90284697579508,-2.88206122730473,-1.05604934910933,-0.0549726311665876,0
22.82,-1.84464557638851,-1.42871750324734,-1.89630791019971,-2.89122993877519,-1.04993444473519,-0.0554435279774519,0
22.84,-1.83852444327039,-1.42596526766633,-1.88968394197083,-2.90036919439597,-1.04382706508701,-0.055917162276742,0
22.86,-1.83241125069112,-1.42332329200997,-1.88297536311847,-2.90947890820206,-1.03772770615315,-0.0563935537908626,0
22.88,-1.83182980231757,-1.42417749059784,-1.88663435501568,-2.90494258959512,-1.037147578727,-0.0564390432270021,1
22.9,-1.83379679020833,-1.4267037477792,-1.89503683185558,-2.8940919407177,-1.03911010161856,-0.0562852818606846,1
22.92,-1.83660170908222,-1.429402693304,-1.90313880314451,-2.88340161326991,-1.0419086712297,-0.0560666313372183,1
22.94,-1.83954590190679,-1.4322230792164,-1.91112456600575,-2.87271059016166,-1.04484622185554,-0.0558378920626459,1
22.96,-1.8427634082575,-1.43516967706053,-1.9189382946233,-2.86207496637133,-1.04805649528473,-0.0555888088987388,1
22.98,-1.84643669342373,-1.43825266761371,-1.92651751576173,-2.85155371588818,-1.0517215556155,-0.055305565516731,1
23,-1.8499142626857,-1.4414373373738,-1.93408077504078,-2.84093786730365,-1.05519136998631,-0.0550385046534417,1
23.02,-1.85264752657258,-1.4446934537652,-1.94181025173754,-2.83005515740814,-1.05791856017095,-0.054829339301334,1
23.04,-1.84450017320147,-1.44323102688342,-1.94165829991661,-2.83136044518899,-1.04978936712852,-0.0554547402361729,1
23.06,-1.83435696404819,-1.44097753642604,-1.93995448173915,-2.83492265931651,-1.03966900576638,-0.0562415576111895,1
23.08,-1.82536151135939,-1.43839400812169,-1.93645752332285,-2.84064300063006,-1.03069404413785,-0.0569472062150324,1
23.1,-1.81708558214903,-1.43564672375883,-1.9318075957513,-2.8477005881301,-1.02243716285325,-0.0576031500071061,1
23.12,-1.81897153198107,-1.43573363016366,-1.93133234988017,-2.8481672403666,-1.02431875015275,-0.0574529205382909,1
23.14,-1.82867120481255,-1.43802573466107,-1.93403050807091,-2.84357187795301,-1.03399617287616,-0.056686701912973,1
23.16,-1.83823468372738,-1.44028939217275,-1.93632129110156,-2.83939640035338,-1.04353795901533,-0.0559396662379124,1
23.18,-1.84063901490267,-1.43793151142386,-1.92838522654516,-2.84978399342425,-1.04593687452713,-0.0557531649526748,1
23.2,-1.83715253060232,-1.43485854325693,-1.92073384694424,-2.8603723322494,-1.04245824834552,-0.0560237775052838,1
23.22,-1.83380285146383,-1.43190495339804,-1.91295825951872,-2.87096954737387,-1.03911614913105,-0.0562848085957555,1
23.24,-1.83095956251725,-1.42908901847982,-1.90494022393587,-2.88169050535478,-1.03627931765024,-0.0565071844872663,1
23.26,-1.82811538537118,-1.42638429130652,-1.89684331111372,-2.89237817219209,-1.033441621748,-0.0567303783718254,1
23.28,-1.82505665290101,-1.42377801615907,-1.88873246398494,-2.90297168325177,-1.03038988398033,-0.0569712532097694,1
23.3,-1.82196655510324,-1.42127991979463,-1.88055203654466,-2.91352422535603,-1.02730687869961,-0.0572154954304051,1
23.32,-1.81450092866341,-1.42034083242269,-1.88059107000999,-2.91411528279701,-1.01985849758236,-0.0578093615170119,1
23.34,-1.80488071549226,-1.42024204602669,-1.88471166470331,-2.90968548558412,-1.01026074142235,-0.0585826897462259,1
23.36,-1.79511729381787,-1.42013788604888,-1.8883618431056,-2.90571384139526,-1.00052038977213,-0.0593771161980198,1
23.38,-1.78541212423372,-1.4201471590251,-1.89192076821389,-2.9017107176502,-0.990838440358865,-0.0601767011286594,1
23.4,-1.77562087054384,-1.42016114259515,-1.89502444527526,-2.89814200019458,-0.98107091359504,-0.0609937235877734,1
23.42,-1.76566305931106,-1.42011738190119,-1.89746191423645,-2.89527658084015,-0.971137553576416,-0.0618356729100638,1
23.44,-1.76071277472048,-1.42159026451707,-1.90384588703846,-2.8871802440378,-0.966199548166026,-0.0622584867343855,1
23.46,-1.75827350443758,-1.42388282330616,-1.91218839862943,-2.87642593209379,-0.963766359359256,-0.0624678913767798,1
23.48,-1.75682488912507,-1.42638664085143,-1.92060466204243,-2.8654346474275,-0.962321365412613,-0.0625925861541262,1
23.5,-1.75549971719962,-1.429015509056,-1.92896268406436,-2.85438236570625,-0.96099951265827,-0.0627068751592113,1
23.52,-1.75310525225695,-1.43164252493741,-1.9370610933146,-2.84353816228725,-0.958611060754828,-0.062913921439236,1
23.54,-1.7503103478977,-1.43434010847545,-1.94501179504121,-2.83275021603108,-0.955823200625884,-0.0631564734893851,1
23.56,-1.7544522024187,-1.43656625054234,-1.95051175900202,-2.82523068565978,-0.959954625943854,-0.0627973671875909,1
23.58,-1.75981406999323,-1.43842313105629,-1.9546434283136,-2.81950599930467,-0.965303081660172,-0.0623355559702684,1
23.6,-1.75118697462864,-1.43965490237985,-1.95894422678012,-2.81354691385516,-0.956697614938067,-0.0630802941566571,1
23.62,-1.74261812055322,-1.44100239691146,-1.96315359781044,-2.80755600990804,-0.948150505191315,-0.0638290041970384,1
23.64,-1.73758093852356,-1.4390907781175,-1.95871885764276,-2.81364227974949,-0.943126230463694,-0.0642734283164254,1
23.66,-1.74165561093389,-1.43635775762903,-1.95133419195156,-2.82397064229222,-0.947190454681776,-0.0639136764450705,1
23.68,-1.74516085060886,-1.43365662973457,-1.94369610019974,-2.83448916838266,-0.950686755128819,-0.0636058790617854,1
23.7,-1.74770200133217,-1.43093112793731,-1.93569207550675,-2.84534758017586,-0.953221453196117,-0.0633836986260514,1
23.72,-1.75025196768803,-1.42832021726852,-1.92761019824012,-2.85616877503006,-0.955764967852522,-0.0631615501100263,1
23.74,-1.75179619775525,-1.42572182224293,-1.91927824915272,-2.86717643296475,-0.957305302124437,-0.0630274074216768,1
23.76,-1.75324985846155,-1.42322686079788,-1.91085347706278,-2.8781686387108,-0.958755303248536,-0.0629013978489971,1
23.78,-1.75562335383813,-1.42094157374105,-1.90253411663474,-2.88889097973038,-0.961122839363481,-0.0626962032386531,1
23.8,-1.75884687270074,-1.41885741509057,-1.8943040159802,-2.89936382539486,-0.964338296280389,-0.0624186057777158,1
23.82,-1.76762505369935,-1.41854639407024,-1.89109841408565,-2.90330506270499,-0.973094704211675,-0.0616688848733346,1
23.84,-1.77765257634207,-1.41868602140918,-1.8888206610423,-2.90591553028447,-0.983097670656951,-0.0608233179269082,1
23.86,-1.78738452446876,-1.41865681532654,-1.88546468366971,-2.90974650707879,-0.99280609780881,-0.06001338465193,1
23.88,-1.79717680897658,-1.41874129175118,-1.88201717131305,-2.91354587380323,-1.00257501465718,-0.0592087184569866,1
23.9,-1.80695916146704,-1.41889697702633,-1.87833697919837,-2.91749433409114,-1.0123343127924,-0.0584148291303186,1
23.92,-1.81673823639703,-1.41912911238137,-1.87444398089377,-2.92156738389458,-1.02209062074378,-0.0576308245515729,1
23.94,-1.82623409161313,-1.41957853768392,-1.87110814119914,-2.92484319591213,-1.03156462709995,-0.0568784260623618,1
23.96,-1.8297659436541,-1.42200593826202,-1.87920568255511,-2.91446040878909,-1.03508841611487,-0.0566007609144962,1
23.98,-1.82569076981877,-1.42339374519357,-1.88692575569209,-2.90518837777007,-1.03102254869914,-0.0569212442772396,0
24,-1.81970054632486,-1.42459958638458,-1.89448974959537,-2.89617375222588,-1.02504608778307,-0.0573951802369101,0
24.02,-1.8137359326861,-1.42591681066131,-1.90197331510044,-2.88712502370163,-1.01909527761639,-0.0578705204565518,0
24.04,-1.80779735412315,-1.42734603577123,-1.90937626512498,-2.87804177046343,-1.01317054320577,-0.0583472574972456,0
24.06,-1.80188522561709,-1.42888787038465,-1.91669838911341,-2.86892360392089,-1.0072722993094,-0.058825383592382,0
24.08,-1.79599995217182,-1.43054291307033,-1.9239394536945,-2.85977016900261,-1.00140095069834,-0.05930489063387,0
24.1,-1.79014192865327,-1.43231175093108,-1.93109920313715,-2.85058114506099,-0.995556891995923,-0.0597857701752743,0
24.12,-1.78431153963951,-1.43419495821631,-1.93817735980458,-2.84135624680095,-0.989740507527868,-0.0602680134352356,0
24.14,-1.77850915928157,-1.43619309491182,-1.94517362460876,-2.83209522523088,-0.983952171183296,-0.0607516113011697,0
24.16,-1.77471853171004,-1.43854048272855,-1.95230189242369,-2.82244301290082,-0.980170776948815,-0.0610695537013674,1
24.18,-1.77754028396567,-1.4417817604702,-1.96006293020138,-2.81157230640733,-0.982985651449545,-0.0608327240162626,1
24.2,-1.78157224535245,-1.44507290847554,-1.96732802098032,-2.80120230957427,-0.987007829994292,-0.0604958582469176,1
24.22,-1.78650923632351,-1.44843105463881,-1.97420117421791,-2.79119618320338,-0.991932912853641,-0.0600858072714292,1
24.24,-1.79173121716521,-1.45187123365441,-1.9808489958682,-2.78134295424756,-0.997142381413461,-0.059654948496636,1
24.26,-1.79772014388414,-1.45533372887175,-1.98702496883113,-2.77196949665502,-1.00311706157119,-0.0591643658161672,1
24.28,-1.80372053355889,-1.45891295658109,-1.99311461273739,-2.76256166569475,-1.00910328600479,-0.058676578967414,1
24.3,-1.80973191282426,-1.46260912614237,-1.99911742642437,-2.75311977682901,-1.01510058082987,-0.0581915702240173,1
24.32,-1.81614506183844,-1.46635653895081,-2.00479664019804,-2.74396262162263,-1.02149881938219,-0.0576781121702174,1
24.34,-1.82262739810222,-1.47021113732007,-2.01035265039831,-2.73481942981184,-1.02796620268585,-0.0571631859264337,1
24.36,-1.82912168869087,-1.47418247507172,-2.01581913747691,-2.72564459330371,-1.03444562942491,-0.0566513237234742,1
24.38,-1.83562733567694,-1.4782705345269,-2.02119554182719,-2.71643871773515,-1.04093650106843,-0.0561425049298281,1
24.4,-1.84214373921893,-1.48247525772256,-2.02648129360167,-2.70720245961975,-1.04743821716661,-0.0556367087424062,1
24.42,-1.84851496746708,-1.48682435291198,-2.03177242587579,-2.69780621424172,-1.05379519147493,-0.0551458371661238,1
24.44,-1.85489234979239,-1.49129064348391,-2.03697376925824,-2.68837834105993,-1.0601584090273,-0.0546580323474676,1
24.46,-1.86127796621155,-1.49587350615657,-2.04208308301781,-2.67892183435998,-1.06652994331869,-0.0541730698163792,1
24.48,-1.86767125655675,-1.50057274458654,-2.04709976095946,-2.66943752518784,-1.07290923358372,-0.0536909291174038,1
24.5,-1.87407166059381,-1.50538811669074,-2.05202318939832,-2.65992629806391,-1.07929571898758,-0.0532115896869103,1
24.52,-1.87255737171319,-1.50964069600727,-2.05867345924014,-2.64896999112541,-1.07778471450176,-0.0533247002047269,1
24.54,-1.86934465077791,-1.5138731316532,-2.06563264976914,-2.63766416068538,-1.07457897947516,-0.0535652857410679,1
24.56,-1.85975116832482,-1.51364147597309,-2.06836128204366,-2.63481971400404,-1.065006503392,-0.0542887122396919,1
24.58,-1.84929590141835,-1.51286919513565,-2.07040252755386,-2.6331608681088,-1.05457438540748,-0.0550859150181897,1
24.6,-1.83888895252975,-1.51220639573047,-2.07234277906642,-2.6314834565039,-1.04419075260493,-0.0558888639258759,1
24.62,-1.82853277242205,-1.51165366421984,-2.07418179320166,-2.62978710105221,-1.03385805629313,-0.0566975773475692,1
24.64,-1.82189769814488,-1.51407444478389,-2.07888399741216,-2.62239491953457,-1.02723818008531,-0.0572209482836023,1
24.66,-1.81751046167434,-1.518356032323,-2.08529543872428,-2.61152106875638,-1.02286105981499,-0.0575693140139085,1
24.68,-1.82433514340157,-1.51868473809531,-2.08425822925968,-2.61250987996971,-1.02967002816142,-0.0570282004968533,1
24.7,-1.83413674851509,-1.51806080415581,-2.08119711455795,-2.6165880525885,-1.03944928927564,-0.0562587431256813,1
24.72,-1.84417523168292,-1.51797471630471,-2.07853662368519,-2.61972595304875,-1.04946515340141,-0.0554798037173876,1
24.74,-1.85465063072263,-1.518881133367,-2.0768128143109,-2.62093979903211,-1.05991722498535,-0.0546764578600675,1
24.76,-1.86517286239683,-1.5198959768373,-2.07498724725393,-2.62213681175107,-1.07041629877659,-0.053878941277703,1
24.78,-1.87573938291183,-1.52101853904269,-2.07306015177897,-2.62331751359074,-1.08095983027076,-0.0530872300192144,1
24.8,-1.88638688164341,-1.52251223724779,-2.07136362724403,-2.62388777006468,-1.09158442405668,-0.05229840455267,1
24.82,-1.89708218837774,-1.52417419392287,-2.06964426937243,-2.62430278454312,-1.10225697647712,-0.0515147574053975,1
24.84,-1.90781322577509,-1.52594057219305,-2.06782328769664,-2.62470491490946,-1.11296542953422,-0.0507369551385485,1
24.86,-1.91857729831631,-1.52781038590978,-2.06590090566705,-2.62509498781462,-1.12370708664273,-0.0499649614696271,1
24.88,-1.92937169254149,-1.52978260041769,-2.06387736115334,-2.62547386764385,-1.13447923321479,-0.0491987379713444,1
24.9,-1.94018754427158,-1.53196438716629,-2.06189802300319,-2.62558890806343,-1.14527301634385,-0.0484386732886765,1
24.92,-1.95099541876179,-1.53480112381626,-2.06056183044375,-2.62439513934779,-1.15605905336494,-0.0476865615383789,1
24.94,-1.96182313886087,-1.53773535734369,-2.05912343317475,-2.6231963591085,-1.16686510310262,-0.0469401980503535,1
24.96,-1.97157444778683,-1.54197847950754,-2.05971043337219,-2.61862512935895,-1.17659706690747,-0.046273913810909,1
24.98,-1.98067118318581,-1.54705176875104,-2.06147961916652,-2.61201692900927,-1.18567589665479,-0.0456572029971227,1
25,-1.98977037434975,-1.55222185680377,-2.06314519449998,-2.60540873176076,-1.19475730882849,-0.0450448502916099,1
25.02,-1.98737516788848,-1.54680164783074,-2.05762236224396,-2.61629255652571,-1.19236676987847,-0.0452056113062692,1
25.04,-1.98457806088841,-1.54112920644993,-2.05176288733058,-2.62775472456027,-1.18957512482259,-0.0453937343814963,1
25.06,-1.98756443247996,-1.54454735802834,-2.05462061692168,-2.62155328791362,-1.19255566533002,-0.0451928971861605,1
25.08,-1.99205845995784,-1.55042315302868,-2.05968519202109,-2.61072356861643,-1.19704094390667,-0.0448915621698297,1
25.1,-1.99562678181928,-1.55571486658211,-2.06430236878211,-2.60090136615984,-1.20060234094698,-0.0446530524930914,1
25.12,-1.9857681478855,-1.55094850323507,-2.06368118659673,-2.6060468829694,-1.19076288642858,-0.0453136422749675,1
25.14,-1.97567887842845,-1.54651861186834,-2.06338059525835,-2.6105213971892,-1.18069340199469,-0.0459950853470422,1
25.16,-1.96522077330449,-1.54257340185088,-2.0636590501493,-2.61391382348247,-1.17025597907952,-0.0467074236988554,1
25.18,-1.95477492745113,-1.53872313981044,-2.06383362032766,-2.61730618165754,-1.15983097467647,-0.0474252403258981,1
25.2,-1.94403695469633,-1.53590216891671,-2.06524864513323,-2.61841095693283,-1.14911462478006,-0.0481699631613198,1
25.22,-1.93320319517469,-1.53353905850036,-2.06707930671744,-2.61862914837046,-1.13830289294813,-0.0489286215390975,1
25.24,-1.92239529301738,-1.53127606153848,-2.0688082592134,-2.61883904915476,-1.12751718633197,-0.0496930530985788,1
25.26,-1.91161597890274,-1.529114321989,-2.07043529235544,-2.6190396507699,-1.11676023687417,-0.0504633009841459,1
25.28,-1.90086797237563,-1.52705493863073,-2.07196021119263,-2.61922997796077,-1.1060347653265,-0.0512394063454849,1
25.3,-1.89019328431388,-1.5255360378084,-2.07393149910039,-2.61842467345145,-1.09538269995648,-0.0520185236915188,1
25.32,-1.87956664819532,-1.52423510098157,-2.07594265827442,-2.61735184707866,-1.08477883274744,-0.0528026675688802,1
25.34,-1.86898071323208,-1.52304058714358,-2.07785232528725,-2.61626402474951,-1.07421583481861,-0.053592592004081,1
25.36,-1.85843807352101,-1.52195328698595,-2.0796602564351,-2.61516060950004,-1.06369630108034,-0.0543883245510706,1
25.38,-1.8479412891396,-1.52097393440077,-2.08136622270371,-2.6140410505733,-1.053222792354,-0.05518989035453,1
25.4,-1.83838169587592,-1.52183084845666,-2.08492115511234,-2.60926082473008,-1.04368463959224,-0.0559282477621868,1
25.42,-1.82895494878137,-1.52296909421,-2.08856694652988,-2.6041034738573,-1.03427926970275,-0.0566644162942253,1
25.44,-1.81929403837931,-1.52113214284486,-2.08839149498862,-2.60572268612903,-1.02464051740284,-0.0574274668197565,1
25.46,-1.80984174431115,-1.51821447553934,-2.08662591956994,-2.61001059075064,-1.01521015596338,-0.0581827426258664,1
25.48,-1.81567881342923,-1.51446570453252,-2.08071049475909,-2.6199201759308,-1.02103365103631,-0.0577153054549132,1
25.5,-1.82154130365584,-1.51084232136884,-2.07470688306933,-2.62978955271711,-1.02688260537483,-0.0572491785885305,1
25.52,-1.82886247962454,-1.50865818052257,-2.07006831113193,-2.63690931082941,-1.03418701142077,-0.0566716780533475,1
25.54,-1.83926502819394,-1.50937444063773,-2.06841147585785,-2.63826137794559,-1.04456598081957,-0.0558596800388585,1
25.56,-1.84971816759134,-1.51020057120587,-2.0666533008302,-2.63959469506465,-1.05499571136157,-0.0550535359679512,1
25.58,-1.86021941322013,-1.51113595421755,-2.06479399739925,-2.64090970624616,-1.06547371784987,-0.0542532258817917,1
25.6,-1.8679875556491,-1.50939186826333,-2.05986358499494,-2.64786592416306,-1.07322484257451,-0.0536671630306963,1
25.62,-1.86949884487748,-1.50581044942149,-2.0542295271556,-2.65713547130619,-1.07473283773357,-0.0535537198319454,1
25.64,-1.86299513255458,-1.5010189151819,-2.04936402904066,-2.66655811084492,-1.06824333976016,-0.054043240713434,1
25.66,-1.85649945149294,-1.49634359356403,-2.04440502828054,-2.67595385625909,-1.06176195718117,-0.0545356551082988,1
25.68,-1.85001239174254,-1.49178474416349,-2.03935314235312,-2.68532180098338,-1.05528928066067,-0.0550309840838219,1
25.7,-1.84353454273011,-1.48734257940641,-2.03420898112447,-2.69466109351412,-1.04882590023735,-0.0555292485824472,1
25.72,-1.83698624577388,-1.48303297243627,-2.02902394124356,-2.70390128780705,-1.04229233909893,-0.056036711554896,1
25.74,-1.83037255644196,-1.47885510333856,-2.02379590467324,-2.71304529298479,-1.03569364743996,-0.0565531876489817,1
25.76,-1.82377073750523,-1.47479405730094,-2.0184769823406,-2.72215883279451,-1.02910691686685,-0.0570727822288959,1
25.78,-1.8171814172459,-1.47084990443096,-2.01306774929405,-2.73124123287148,-1.02253277628099,-0.0575955164652433,1
25.8,-1.81060522144987,-1.46702267362254,-2.00756877077032,-2.74029187027497,-1.01597185208188,-0.0581214113295117,1
25.82,-1.80408217015007,-1.46330530695245,-2.00195688834235,-2.74934263067792,-1.0094640722963,-0.058647298367433,1
25.84,-1.79816763452257,-1.45959848904453,-1.99589831201924,-2.75885101468501,-1.00356349208672,-0.0591278601258107,1
25.86,-1.79226405773445,-1.45600899520581,-1.98975316051666,-2.76832478903346,-0.997673950005516,-0.0596111479486965,1
25.88,-1.78637189089289,-1.45253659122151,-1.98352193776595,-2.77776366127477,-0.991795897661648,-0.0600971789675994,1
25.9,-1.78126101877136,-1.44909451841971,-1.97685157383522,-2.7876428462799,-0.98669735669098,-0.0605217969679756,1
25.92,-1.77708763197884,-1.44566485337849,-1.96967059491553,-2.79806050730662,-0.982534101015919,-0.0608706551541628,1
25.94,-1.77350842027065,-1.442356820146,-1.96230780026146,-2.80856400467214,-0.978963623005118,-0.0611713922394799,1
25.96,-1.77389267852987,-1.43919784652675,-1.95419161497032,-2.81985721888261,-0.979346941380294,-0.0611390282642253,1
25.98,-1.76846220330153,-1.437579268716,-1.9509827753024,-2.82442777425249,-0.973929791000259,-0.0615978544447691,0
26,-1.75828676968539,-1.43725043639701,-1.95179357062927,-2.82345379759801,-0.963779591476485,-0.0624667509028631,0
26.02,-1.74818061398667,-1.43703643746759,-1.95250793182455,-2.82245058588269,-0.953698853128533,-0.063341941897851,0
26.04,-1.73814584311628,-1.43693739908172,-1.95312585338999,-2.82141801554531,-0.943689682862957,-0.0642234268904877,0
26.06,-1.72818448657283,-1.43695337983988,-1.95364734006747,-2.82035602644835,-0.93375411009337,-0.0651112022645012,0
26.08,-1.71829849586064,-1.43708437077599,-1.95407240751592,-2.81926462022915,-0.923894086151345,-0.0660052613658734,0
26.1,-1.70848974224515,-1.4373302953114,-1.95440108232672,-2.81814386032028,-0.914111482042023,-0.0669055945093146,0
26.12,-1.69876001474851,-1.4376910093845,-1.95463340201952,-2.81699387180232,-0.904408086440116,-0.0678121889916231,0
26.14,-1.68911101839026,-1.43816630175488,-1.95476941501868,-2.81581484108982,-0.894785603931116,-0.0687250291118571,0
26.16,-1.68770417842424,-1.44104181326721,-1.96180027485694,-2.80582438681758,-0.89338266388536,-0.0688592967460082,1
26.18,-1.68727871523319,-1.4443763171866,-1.96976547613998,-2.79449920196063,-0.892958381457402,-0.068899948450243,1
26.2,-1.68612017808974,-1.44782983365161,-1.97755588633112,-2.78318568000248,-0.891803065141787,-0.0690108359133537,1
26.22,-1.68487739790273,-1.45139939157013,-1.98524983694557,-2.77184727670351,-0.890563746243231,-0.0691300017137007,1
26.24,-1.68314000602975,-1.45507397717675,-1.9927635499745,-2.76055383101993,-0.888831204879624,-0.0692969952753447,1
26.26,-1.68140845137423,-1.45886843767619,-2.00019710217279,-2.74922050569503,-0.887104498052524,-0.0694638958801581,1
26.28,-1.679362396359,-1.46276698906735,-2.00746954362319,-2.73792440092321,-0.885064189009844,-0.0696617168574101,1
26.3,-1.67719723764268,-1.46678007596654,-2.01462854379023,-2.72661912191348,-0.882905131706314,-0.0698717738282396,1
26.32,-1.67499700941842,-1.47091165625067,-2.02169277140991,-2.71528711942684,-0.88071112597289,-0.0700859981402853,1
26.34,-1.67243287374054,-1.47513787360766,-2.02856435864275,-2.7040295112915,-0.878154270500834,-0.0703366354544453,1
26.36,-1.66987941663648,-1.47948660329534,-2.03535221946228,-2.69273261530172,-0.875608094091579,-0.0705872880884514,1
26.38,-1.66712127717431,-1.48393677614911,-2.0419825279143,-2.681477658786,-0.87285785381198,-0.0708592316923422,1
26.4,-1.66413018887492,-1.488485407726,-2.04844370806472,-2.67027707294009,-0.869875373207282,-0.0711555650520091,1
26.42,-1.66115295037543,-1.49315740260747,-2.05481865413036,-2.65903861107881,-0.866906745743344,-0.0714520112717354,1
26.44,-1.65872956462982,-1.49800662423171,-2.06129171981925,-2.6475592197573,-0.864490401279588,-0.0716944150461106,1
26.46,-1.65633900935209,-1.50298299339132,-2.06768613543316,-2.63603238503842,-0.862106820435346,-0.0719345160581396,1
26.48,-1.6619896650521,-1.50435320033061,-2.07065067939212,-2.63206477778577,-0.867741036016812,-0.0713685482736182,1
26.5,-1.67129151534089,-1.50417331883468,-2.07202677650837,-2.6314601384052,-0.877016162648165,-0.070448542614099,1
26.52,-1.68030507278241,-1.50241476344901,-2.07098067072474,-2.63482323264327,-0.88600421571633,-0.0695704933972011,1
26.54,-1.68938215969933,-1.5006953997991,-2.06973324737679,-2.6383380774744,-0.895055994617517,-0.0686991862550103,1
26.56,-1.69853740409725,-1.49908837057691,-2.06838434940888,-2.64183263981097,-0.904186082939456,-0.0678330925954611,1
26.58,-1.70786188602555,-1.49799103941508,-2.06749343938044,-2.64435528060019,-0.913485313048167,-0.0669636853744341,1
26.6,-1.71756160442652,-1.4982932736873,-2.06831458594042,-2.64377303244371,-0.923159145709114,-0.0660724350521935,1
26.62,-1.72598739299222,-1.49959149412317,-2.07025250155422,-2.6409950622039,-0.931562754427727,-0.0653087651587977,1
26.64,-1.72917687918446,-1.50446216817182,-2.07685886118324,-2.62968863621717,-0.93474391708879,-0.0650221759253355,1
26.66,-1.73862197884958,-1.50588850720923,-2.07861616841517,-2.62700129623726,-0.944164595523216,-0.0641813141289659,1
26.68,-1.74834759648947,-1.50730432792267,-2.0801070894166,-2.6245919633797,-0.953865412720586,-0.0633273799991586,1
26.7,-1.7547838487368,-1.51012437446286,-2.08339951167565,-2.61880124581684,-0.960285439791384,-0.0627687028590751,1
26.72,-1.75503451419698,-1.51545927136955,-2.09012486277226,-2.60675341527021,-0.960535476198428,-0.0627470427272521,1
26.74,-1.75087212958731,-1.5168415756601,-2.09207110888557,-2.60321759565593,-0.956383564184075,-0.0631076434635335,1
26.76,-1.7420472360783,-1.51399660084082,-2.08892454318037,-2.60876156903491,-0.947581078853093,-0.0638792110368521,1
26.78,-1.73406568799215,-1.51077661169227,-2.08504530532811,-2.61544628966969,-0.939620043353134,-0.0645854976761293,1
26.8,-1.73680378874039,-1.50951721482137,-2.08338727578446,-2.61850696744841,-0.942351080432077,-0.0643422833679355,1
26.82,-1.74656112504757,-1.51079477485417,-2.08470852567408,-2.61640973288475,-0.952083471011586,-0.0634833498670217,1
26.84,-1.74965050240373,-1.51086761150317,-2.08465282828275,-2.61654854637098,-0.955165022246406,-0.0632138766116363,1
26.86,-1.7403687948623,-1.50862238085569,-2.08214300465367,-2.62083093443418,-0.945906931603748,-0.0640270612478954,1
26.88,-1.73132002082462,-1.50633891945971,-2.07933141360366,-2.62545311035118,-0.93688148778699,-0.0648303610351249,1
26.9,-1.72386226530785,-1.50283807025311,-2.074659396007,-2.63322706104374,-0.929443194548083,-0.0655004702322591,1
26.92,-1.71562923337417,-1.50080839266327,-2.07172278171329,-2.63774309482349,-0.92123190113544,-0.0662489418290929,1
26.94,-1.70599375064341,-1.50134035561099,-2.07199818710474,-2.63639527918173,-0.911622207543507,-0.0671368628832232,1
26.96,-1.69643648992456,-1.50198450396536,-2.07217153057138,-2.63502695598233,-0.902090909296268,-0.0680307337475321,1
26.98,-1.68728844594985,-1.50352598610305,-2.073335986732,-2.63177959034374,-0.892968085554915,-0.0688990322291087,1
27,-1.67833372931354,-1.50545519907584,-2.07478229911743,-2.62786025835775,-0.884038418048449,-0.0697614224319186,1
27.02,-1.6694574514809,-1.50749614528244,-2.07612691396139,-2.62392177501553,-0.875187335069191,-0.070628811746937,1
27.04,-1.66022977360928,-1.50743906263144,-2.07441087356053,-2.62510501226052,-0.865986247898774,-0.0715442365460447,1
27.06,-1.65236272933321,-1.50676480904937,-2.0719140752311,-2.62776068120658,-0.858142204672756,-0.072336065318876,1
27.08,-1.65307493907011,-1.50165032230135,-2.06517281738701,-2.63966356506374,-0.85885231930182,-0.0722639400794693,1
27.1,-1.65480439716808,-1.49669219004373,-2.05860963334832,-2.6512989483383,-0.860576700532975,-0.0720891660481602,1
27.12,-1.65737587641271,-1.49188297416258,-2.05217579047434,-2.66271056508273,-0.863140658943769,-0.0718302556591243,1
27.14,-1.65995854330398,-1.48719770336149,-2.04565590055491,-2.67408376900041,-0.865715805463554,-0.0715713595209668,1
27.16,-1.6625739956512,-1.48263779715478,-2.03905779138978,-2.68541069667227,-0.868323675538487,-0.071310330709758,1
27.18,-1.66521897313429,-1.47820247749179,-2.03238081826445,-2.69669252573347,-0.870961019174934,-0.0710475246967826,1
27.2,-1.667875423908,-1.47388971932397,-2.02561944751138,-2.7079356388657,-0.873609837086721,-0.070784750895613,1
27.22,-1.67016017557594,-1.46967097979794,-2.01865454874627,-2.71926359279898,-0.875888050987275,-0.070559676185429,1
27.24,-1.67243458092516,-1.46557265613127,-2.01160090137996,-2.73055829281671,-0.878155972828044,-0.0703364682276415,1
27.26,-1.67451350836963,-1.46158523313525,-2.00440985117006,-2.74186641918578,-0.880228995343103,-0.0701331779843976,1
27.28,-1.67635322285387,-1.45770613543965,-1.99707100935909,-2.75319845323955,-0.882063501223758,-0.0699538594731432,1
27.3,-1.67812357314325,-1.45394516606092,-1.98963469035342,-2.76450497039128,-0.883828854146864,-0.0697818125836418,1
27.32,-1.67940638246943,-1.45029045138988,-1.98200936056338,-2.77586381899848,-0.885108051391407,-0.0696574571589764,1
27.34,-1.6806668078146,-1.44675443658498,-1.97430010704048,-2.78718623624814,-0.88636493504929,-0.069535524888396,1
27.36,-1.68160807839289,-1.44333404485176,-1.96645445634458,-2.79850971210798,-0.887303565480026,-0.0694446303595225,1
27.38,-1.68255188161373,-1.44003106274498,-1.95853055602132,-2.80979402808535,-0.888244725505098,-0.0693536306914322,1
27.4,-1.68592330277185,-1.43804796554534,-1.95402006687458,-2.81649152074021,-0.891606737682279,-0.069029697695624,1
27.42,-1.6804391477552,-1.43890093518098,-1.95533243911756,-2.81399349129872,-0.88613791415635,-0.0695575300009503,0
27.44,-1.67105548990046,-1.43984925833013,-1.95595044729843,-2.8118457112667,-0.876780810169123,-0.0704717106553347,0
27.46,-1.66175651811147,-1.44091121546682,-1.95647225252738,-2.80967015842799,-0.867508564280145,-0.0713917932689777,0
27.48,-1.65254352939081,-1.44208633626171,-1.95689786315847,-2.80746734181809,-0.858322472627274,-0.0723177475600229,0
27.5,-1.65100862898892,-1.44520063598879,-1.96400943308314,-2.79713960545352,-0.856792094801286,-0.0724734386497417,1
27.52,-1.65039647104717,-1.44865233416658,-1.97186062223461,-2.78579596530118,-0.856181743930901,-0.0725356475984953,1
27.54,-1.64978584177271,-1.45222189690963,-1.9796331732335,-2.77441316476023,-0.855572918168547,-0.0725977339700609,1
27.56,-1.64890553771753,-1.45592139173037,-1.98727437176635,-2.76301360212963,-0.854695219822157,-0.0726874358794737,1
27.58,-1.64796106047182,-1.45974298255911,-1.9948230023571,-2.75158009227897,-0.853753541646397,-0.0727837941010767,1
27.6,-1.64701925974756,-1.46368460388419,-2.00229157908755,-2.74010661336474,-0.852814536647015,-0.072880036933649,1
27.62,-1.64600290220133,-1.46774877751736,-2.0096617622271,-2.72860377310437,-0.851801201304339,-0.0729840760304827,1
27.64,-1.6446256343112,-1.47194273792372,-2.01686600334207,-2.71711244852488,-0.850428037386617,-0.0731253544860193,1
27.66,-1.64325288394164,-1.47625856665473,-2.02398828566761,-2.70558115078668,-0.849059387398776,-0.073266508824571,1
27.68,-1.64188464072415,-1.48069690116662,-2.03102812239836,-2.69400973049766,-0.847695240956901,-0.0734075385154331,1
27.7,-1.64052089416926,-1.48525835954994,-2.03798500379216,-2.68239808055878,-0.84633558755641,-0.0735484430379976,1
27.72,-1.63844002760859,-1.48992924793386,-2.04463729538138,-2.67093181275126,-0.844260985567738,-0.0737640963936252,1
27.74,-1.63606323743219,-1.49471726915431,-2.05111044792865,-2.65950614468943,-0.841891379225593,-0.0740113932088038,1
27.76,-1.6336967784057,-1.49962868269096,-2.0574971773565,-2.64804309330885,-0.839532103120191,-0.0742586570029739,1
27.78,-1.6306121588878,-1.50456597812409,-2.0634527044196,-2.63693361054985,-0.836456892218097,-0.0745825353660309,1
27.8,-1.62613667158398,-1.50943419463599,-2.06864937198407,-2.62655090108259,-0.831995149364673,-0.0750556637932123,1
27.82,-1.62039038983455,-1.51355256074662,-2.07222999925021,-2.61843771822345,-0.826266679738257,-0.0756688058620943,1
27.84,-1.6118340555192,-1.51585799864005,-2.07234084936142,-2.61539166815845,-0.817737220174285,-0.0765938895204049,1
27.86,-1.60336596726159,-1.51826881796,-2.07234991583332,-2.61233276331977,-0.809296156633783,-0.0775241115820509,1
27.88,-1.59500114940814,-1.5208154955918,-2.07230243436077,-2.60918649399968,-0.800958465039003,-0.078457804718711,1
27.9,-1.58674712049185,-1.52351298322066,-2.07222140263995,-2.60591563284226,-0.792731637062908,-0.0793940437593421,1
27.92,-1.57858245223104,-1.52631254013687,-2.07203869863321,-2.60263545158188,-0.784594313385731,-0.0803352016236313,1
27.94,-1.57106019519686,-1.52917056083477,-2.07197149053286,-2.59921899757447,-0.777097647499575,-0.0812159855684693,1
27.96,-1.57792166790187,-1.53103926488593,-2.07743188132142,-2.59246114873232,-0.783935761605208,-0.0804120412559512,1
27.98,-1.58523953144899,-1.53115449465222,-2.08078960524432,-2.58958464919461,-0.791229063914707,-0.0795666848751524,1
28,-1.59333120299029,-1.52813600967596,-2.08055830536198,-2.59347900022462,-0.799293986645037,-0.0786460125859661,1
28.02,-1.60150972345296,-1.52522012273063,-2.08022457046962,-2.59736458761702,-0.807445894948099,-0.07773001992518,1
28.04,-1.61007781280983,-1.52321756324263,-2.08087717303395,-2.59936455365119,-0.815986546876963,-0.0767855970934734,1
28.06,-1.61881567550008,-1.52153313122332,-2.08171511019949,-2.60085731477206,-0.824696879522759,-0.0758379617801479,1
28.08,-1.62764313426878,-1.51995446098298,-2.08245142256896,-2.60233602715242,-0.833496973176926,-0.0748959797471815,1
28.1,-1.63655933005401,-1.51848243174332,-2.08308591546199,-2.60379994186924,-0.842385969899868,-0.0739596904879306,1
28.12,-1.64560445632684,-1.51745195272481,-2.08403989221603,-2.60449556516177,-0.851403941698755,-0.0730249134685376,1
28.14,-1.65474790941889,-1.51662657939794,-2.08501405419687,-2.60495642129972,-0.860520378366004,-0.072094866635006,1
28.16,-1.66397659891536,-1.51591037246897,-2.0858863521952,-2.60539962367743,-0.869722226415136,-0.0711708220378068,1
28.18,-1.67328928347382,-1.51530389145121,-2.08665655973738,-2.60582479609092,-0.879008245243729,-0.0702528059636661,1
28.2,-1.68268170219826,-1.51483442602825,-2.08735728469353,-2.60617182395857,-0.888374182832654,-0.069341124815882,1
28.22,-1.69204902985772,-1.51542416979289,-2.08911729530561,-2.60438360914302,-0.897715499158801,-0.0684455987134307,1
28.24,-1.70149124809604,-1.51612594532868,-2.09077590629147,-2.60257432813935,-0.907131887832027,-0.0675563122024097,1
28.26,-1.7108139532808,-1.51719264826512,-2.0926312860143,-2.60018209157619,-0.91642946143133,-0.0666910391786051,1
28.28,-1.7184960945818,-1.52059700614038,-2.09701196644917,-2.59282327353096,-0.924091162079604,-0.0659872611344956,1
28.3,-1.72621686289183,-1.52412085407957,-2.10129711163029,-2.58543341805055,-0.931791624170853,-0.065288101078002,1
28.32,-1.72702421024091,-1.5189180082286,-2.09514900710339,-2.59682767128789,-0.932596861606018,-0.0652154542280218,1
28.34,-1.72689555440844,-1.51599216966916,-2.09159215208297,-2.60330347215649,-0.932468541800638,-0.0652270240267509,1
28.36,-1.72458388575757,-1.52128098756163,-2.09794687748056,-2.59153563007608,-0.930162922388919,-0.0654353057623274,1
28.38,-1.7222802840819,-1.52669942094576,-2.1042138622924,-2.57972553799584,-0.927865369560547,-0.0656435730679657,1
28.4,-1.71599431980051,-1.52403278242582,-2.10097265063625,-2.58528902530207,-0.921596017857811,-0.0662155544332847,1
28.42,-1.70902410415697,-1.52016238652634,-2.0961172894214,-2.59362570789993,-0.914644409258907,-0.0668561978991147,1
28.44,-1.69955378077402,-1.51927097824828,-2.09444337358009,-2.59564994628704,-0.905199689270066,-0.0677377118918376,1
28.46,-1.69015640481475,-1.51849167643029,-2.09266768365019,-2.59765346028233,-0.895828098114259,-0.0686254536195317,1
28.48,-1.68083351112344,-1.51782437180251,-2.09079060651829,-2.59963598439586,-0.886531170479283,-0.0695194171639698,1
28.5,-1.67149853498769,-1.51790896608395,-2.08957878436079,-2.60018547105445,-0.877222592253101,-0.0704282292105134,1
28.52,-1.66220194428434,-1.51841893191428,-2.0886421010212,-2.60002130138167,-0.867952700709971,-0.0713473922498814,1
28.54,-1.65298924826278,-1.51903848193694,-2.08760335854464,-2.59983919762031,-0.858766880434422,-0.0722726135505683,1
28.56,-1.6438616780338,-1.51976706592707,-2.08646281352862,-2.59963949599474,-0.849666361813548,-0.073203867386173,1
28.58,-1.6348575297743,-1.52088216133146,-2.08556741673267,-2.59880040431694,-0.840689327459349,-0.0741372435760226,1
28.6,-1.62600214282367,-1.52256243966613,-2.0851408725064,-2.59692153769739,-0.831861035478609,-0.0750699452926718,1
28.62,-1.6172353760088,-1.52434892188278,-2.08461214700849,-2.59502882669775,-0.823121525960403,-0.0760082116347517,1
28.64,-1.60855804745376,-1.52624068487465,-2.08398139817369,-2.59312310301584,-0.814471615861484,-0.0769520015747123,1
28.66,-1.60017234272045,-1.52864300493828,-2.0838038168102,-2.59025951192803,-0.806112837360102,-0.0778788245282707,1
28.68,-1.59233042665143,-1.53207503433576,-2.08478881813848,-2.5852305796605,-0.798296495723168,-0.0787590952272285,1
28.7,-1.58457028443481,-1.53560994024098,-2.08567097485571,-2.58019382537658,-0.79056204833697,-0.079643488001155,1
28.72,-1.57672753593838,-1.53696309077826,-2.08378682040601,-2.58008381002746,-0.782745671685125,-0.0805511596485479,1
28.74,-1.56883235873489,-1.53660952895329,-2.07969192215218,-2.58387157506604,-0.77487746531028,-0.0814794223548529,1
28.76,-1.5639361203926,-1.53509723168168,-2.07551161661319,-2.58914648799175,-0.769998172086696,-0.0820626140372973,1
28.78,-1.56843762238242,-1.52964256179479,-2.07125895449164,-2.59923806373691,-0.774484088796966,-0.0815262233929727,1
28.8,-1.57327315766829,-1.52453527728283,-2.06734692531747,-2.60866437111622,-0.779303040993544,-0.0809554822999227,1
28.82,-1.58157632139956,-1.52220498323244,-2.06831211050145,-2.6107147084558,-0.787578104181573,-0.0799883227836977,1
28.84,-1.58997163828499,-1.5199763835582,-2.06917672706891,-2.61275446814727,-0.795945476328815,-0.0790264986506359,1
28.86,-1.59845862423342,-1.5178506073961,-2.06994057163438,-2.61478264285158,-0.804404674765348,-0.0780700599601523,1
28.88,-1.60703671526427,-1.51582873544907,-2.07060345563048,-2.61679826216684,-0.812955136879734,-0.0771190547138354,1
28.9,-1.61456841954048,-1.51260562220207,-2.06909299322871,-2.62209487194762,-0.820462949292256,-0.076296661046784,1
28.92,-1.62126553182856,-1.50845747523703,-2.06584088535551,-2.62998544629166,-0.827139096879859,-0.0755750096696423,1
28.94,-1.62598203376006,-1.50385009076988,-2.06108753037608,-2.63968579088017,-0.831840988438418,-0.0750720800505445,1
28.96,-1.62899622871532,-1.49887897248789,-2.05505515472429,-2.65090388778512,-0.834845911811075,-0.0747529229745994,1
28.98,-1.63188202879196,-1.49402292404759,-2.04888117515351,-2.66213762310534,-0.837722882483841,-0.0744489846035359,1
29,-1.63368118125913,-1.48923540515457,-2.04221475911203,-2.67371769843404,-0.839516553416612,-0.0742602901676937,1
29.02,-1.63548717621888,-1.48457130968247,-2.03546358484025,-2.68525892809764,-0.841317063737147,-0.0740714879246497,1
29.04,-1.63730002737362,-1.48003013039586,-2.02862821042355,-2.69676125869964,-0.84312442718642,-0.073882579203086,1
29.06,-1.63884074532068,-1.47561406306001,-2.02163230722107,-2.70827960757442,-0.844660495099125,-0.0737225057409577,1
29.08,-1.64004596576729,-1.47132351070443,-2.01446026032516,-2.71982509089818,-0.845862086922679,-0.0735975930313579,1
29.1,-1.64125498041567,-1.46715464522094,-2.00720652546535,-2.73133054651029,-0.847067469289231,-0.073472553969416,1
29.12,-1.64246779864481,-1.46310679665585,-1.99987155598495,-2.74279619009936,-0.848276651587355,-0.0733473888840967,1
29.14,-1.64368442985576,-1.45917928045847,-1.99245578115914,-2.75422227601829,-0.849489643227581,-0.0732220981022056,1
29.16,-1.64427051050539,-1.45539847072392,-1.98482591101916,-2.76567277008791,-0.850073972484159,-0.0731618069924403,1
29.18,-1.64483248494568,-1.45173787209477,-1.97711146225242,-2.77708589594066,-0.850634270194595,-0.0731040859782582,1
29.2,-1.64539584942988,-1.44819562855492,-1.96931816427904,-2.78845952014615,-0.851195956204896,-0.0730463048519533,1
29.22,-1.6462044983008,-1.44478768525581,-1.96156353047005,-2.7996766968931,-0.852002197518439,-0.0729634250501233,1
29.24,-1.65157467125599,-1.44181076161469,-1.9559282752178,-2.80864825662539,-0.857356467832014,-0.0724159746486424,0
29.26,-1.65172241362687,-1.43862149481593,-1.94784818928942,-2.81992742025148,-0.857503774729663,-0.0724009833245669,0
29.28,-1.65187045876546,-1.43554772808776,-1.93969070539366,-2.83116849770049,-0.857651383614037,-0.0723859651087713,0
29.3,-1.65201880639542,-1.43258865034187,-1.93145602148525,-2.84237210206399,-0.857799294210227,-0.0723709200506883,0
29.32,-1.65216745738926,-1.42974345378707,-1.92314430657662,-2.853538872155,-0.857947507388816,-0.0723558480832598,0
29.34,-1.65231641262266,-1.42701133466649,-1.91475570105883,-2.86466947137358,-0.858096024023505,-0.0723407491392244,0
29.36,-1.6524656729744,-1.42439149450343,-1.90629031634057,-2.87576458682214,-0.858244844991135,-0.0723256231511168,0
29.38,-1.65261523932644,-1.42188314130453,-1.89774823447319,-2.88682492847715,-0.858393971171695,-0.0723104700512676,0
29.4,-1.65276511256391,-1.41948549072248,-1.88912950776029,-2.89785122841685,-0.858543403448335,-0.072295289771802,0
29.42,-1.6529152935751,-1.41719776718027,-1.88043415834955,-2.90884424010516,-0.858693142707383,-0.0722800822446393,0
29.44,-1.65306578325151,-1.41501920495921,-1.87166217780508,-2.91980473773139,-0.858843189838352,-0.0722648474014927,0
29.46,-1.65321658248785,-1.41294904925293,-1.86281352665794,-2.9307335156056,-0.858993545733957,-0.072249585173868,0
29.48,-1.65336769218203,-1.41098655718963,-1.85388813393296,-2.94163138760962,-0.85914421129013,-0.0722342954930631,0
29.5,-1.65351911323523,-1.40913099882496,-1.84488589664952,-2.95249918670336,-0.859295187406025,-0.0722189782901678,0
29.52,-1.65367084683804,-1.40738164966523,-1.8358066960837,-2.96333772854171,-0.85944647600388,-0.072203658723392,0
29.54,-1.65382289332593,-1.40573782529554,-1.82665033009473,-2.97414795491451,-0.85959807594955,-0.072188286263217,0
29.56,-1.65397525389583,-1.40419883189556,-1.81741661314263,-2.98493071761593,-0.859749989171905,-0.0721728860729535,0
29.58,-1.65412792946197,-1.40276400065611,-1.80810530863091,-2.99568692208687,-0.859902216583156,-0.0721574580828492,0
29.6,-1.65428092094188,-1.4014326803042,-1.79871614498841,-3.00641749120685,-0.860054759098796,-0.0721420022229412,0
29.62,-1.65443422925641,-1.40020423797133,-1.78924881496269,-3.0171233651322,-0.860207617637632,-0.0721265184230537,0
29.64,-1.65458785532972,-1.39907806005021,-1.77970297486933,-3.02780550119016,-0.860360793121789,-0.0721110066127977,0
29.66,-1.65474180008932,-1.39805355304256,-1.77007824379375,-3.03846487382917,-0.860514286476725,-0.0720954667215705,0
29.68,-1.65366903265372,-1.39747079872168,-1.76313882322026,-3.04591633042332,-0.859444667205372,-0.0722038441358823,1
29.7,-1.64684862413854,-1.3985979696792,-1.76913886663262,-3.0383344763581,-0.852644408059917,-0.0728974912134219,1
29.72,-1.6400837644019,-1.39983339565508,-1.77505184982592,-3.03072621118808,-0.845899771880704,-0.0735936798651048,1
29.74,-1.63337480194267,-1.40117710257225,-1.78087768140352,-3.02309164461359,-0.839211106306677,-0.0742923802600671,1
29.76,-1.62672205258952,-1.40262909173842,-1.78661625488647,-3.01543092723156,-0.832578726290325,-0.0749935619299532,1
29.78,-1.62012580157293,-1.40418934009456,-1.79226744992282,-3.00774424911478,-0.826002916165925,-0.075697193715497,1
29.8,-1.61368621331876,-1.40586030408166,-1.79795077745968,-2.99991709751316,-0.819583524194547,-0.0763923923455914,1
29.82,-1.6073260479199,-1.40763989151159,-1.80357549366434,-2.99203692800301,-0.813243545460942,-0.0770872468210037,1
29.84,-1.60102122663412,-1.40952741030919,-1.80911262632313,-2.98413168847204,-0.806958975935556,-0.0777843286364612,1
29.86,-1.5947719013669,-1.41152276095998,-1.81456200838285,-2.97620169464143,-0.800729966593278,-0.0784836054616853,1
29.88,-1.58857819751239,-1.41362581797894,-1.81992346092135,-2.96824730098731,-0.794556641883322,-0.0791850444724674,1
29.9,-1.5826874437613,-1.41583616230661,-1.82547040732096,-2.96001564541871,-0.788685501385503,-0.0798601086612543,1
29.92,-1.57742230011482,-1.41815306805644,-1.83156950809194,-2.95116853969698,-0.783438082963039,-0.0804701778721674,1
29.94,-1.57220079314046,-1.42057700084648,-1.8375817827883,-2.94229804195007,-0.778234340028541,-0.0810815721802877,1
29.96,-1.56702290643631,-1.42310792829868,-1.84350702963163,-2.93340442503859,-0.773074255458938,-0.0816942665598971,1
29.98,-1.56188860998148,-1.42574579666509,-1.84934503241861,-2.92448799795551,-0.767957798507185,-0.0823082358341427,1
30,-1.55792015424997,-1.42842990098311,-1.85610925023867,-2.9146944368546,-0.764003261707257,-0.0827872657449425,1
30.02,-1.55411239806327,-1.43121399353273,-1.86290851103782,-2.90477589307179,-0.76020896944652,-0.0832506297107857,1
30.04,-1.55033147609763,-1.43410544501687,-1.86962270333538,-2.89483355538875,-0.756441523455462,-0.0837144017637881,1
30.06,-1.54657731961839,-1.4371044186396,-1.8762516065319,-2.88486750184396,-0.75270085462537,-0.0841785689628933,1
30.08,-1.54409745801601,-1.44006630486655,-1.88365680834172,-2.8742748862835,-0.750229961806437,-0.0844872191300334,1
30.1,-1.54175773613123,-1.44312219294957,-1.8910670638298,-2.86359438177836,-0.747898745655434,-0.0847799312464141,1
30.12,-1.53943046016368,-1.44628725857289,-1.898394597296,-2.85288702788632,-0.745579972768572,-0.0850725493781721,1
30.14,-1.53711558642003,-1.44956189683172,-1.90563918925284,-2.84215265574973,-0.743273599340962,-0.0853650696763366,1
30.16,-1.53536205940023,-1.45284198723047,-1.9130640122757,-2.83128374616083,-0.741526539846877,-0.0855876340074124,1
30.18,-1.53485357206638,-1.45599732076774,-1.92100288749672,-2.82014185312585,-0.741019931543761,-0.0856522960993605,1
30.2,-1.53434650817997,-1.45926496248087,-1.92886214854372,-2.8089672872857,-0.74051474455017,-0.0857168844504923,1
30.22,-1.53384086257263,-1.46264556095953,-1.93664158553842,-2.7977596102699,-0.740010973697889,-0.0857813989801606,1
30.24,-1.53333662927825,-1.46613979031844,-1.94434089918384,-2.78651855912933,-0.739508609911905,-0.0858457329890704,1
30.26,-1.53337602859622,-1.46959203610958,-1.95209478161515,-2.7753161488541,-0.739547862990628,-0.0858407005742705,1
30.28,-1.53490994843344,-1.47272930593221,-1.96014190437457,-2.7642761081662,-0.741076100407531,-0.0856451553475301,1
30.3,-1.53644426756097,-1.47598307050843,-1.96811166673243,-2.75319632524261,-0.742604753589814,-0.0854501759195858,1
30.32,-1.53797897863047,-1.47935413789085,-1.97600382539752,-2.74207620078985,-0.744133816149854,-0.0852557953030183,1
30.34,-1.53951407393626,-1.4828433239522,-1.98381808887042,-2.73091521324237,-0.745663280304215,-0.0850620108366992,1
30.36,-1.53340811003736,-1.48481334660521,-1.98271821740217,-2.7294743920052,-0.73957982640953,-0.0858366392037438,1
30.38,-1.52886633249154,-1.48309476358965,-1.97579347739208,-2.73768619369957,-0.735054988334779,-0.0864195581802779,1
30.4,-1.52515154517825,-1.48067895550365,-1.96793727939001,-2.74760070129977,-0.731354182854054,-0.0869006910631018,1
30.42,-1.52145099403063,-1.47837859650223,-1.96000492309289,-2.75747315215682,-0.727667675309975,-0.0873839420411946,1
30.44,-1.5177647526497,-1.47619283085616,-1.95199667562875,-2.76730412906345,-0.723995539499503,-0.0878693176777558,1
30.46,-1.51409289251646,-1.47412080297746,-1.94391277691543,-2.77709424197961,-0.720337847097621,-0.0883568244894456,1
30.48,-1.51043548280639,-1.47216165883829,-1.93575343985417,-2.7868441264118,-0.716694667472682,-0.0888464689513657,1
30.5,-1.50857510756,-1.46947059404627,-1.92746881330241,-2.79763069045463,-0.714841576317339,-0.0890971048746233,1
30.52,-1.50672045094639,-1.46689069990113,-1.91910776764801,-2.80838197442981,-0.712994212489793,-0.0893480378983905,1
30.54,-1.50486755819087,-1.46442304002173,-1.91067053528653,-2.81909627624498,-0.711148636827465,-0.0895998051639846,1
30.56,-1.50301644288813,-1.46206681058299,-1.90215720971779,-2.82977430237566,-0.709304863032513,-0.0898524103408034,1
30.58,-1.5020345252929,-1.45952225458632,-1.89383257644708,-2.84054143798978,-0.708326852553984,-0.0899868447719293,1
30.6,-1.50295708289434,-1.45643191821225,-1.88600898566028,-2.8515512583781,-0.709245738982756,-0.0898605286188549,1
30.62,-1.50388296551728,-1.45345054121225,-1.87810444373485,-2.86253313406958,-0.710167945112842,-0.0897340288697466,1
30.64,-1.50481218646569,-1.45057758588569,-1.87011907424037,-2.87348747859865,-0.711093484249036,-0.0896073455513648,1
30.66,-1.50574475895028,-1.44781251322732,-1.86205297400347,-2.88441473352793,-0.712022369603466,-0.0894804787113791,1
30.68,-1.50750548254774,-1.4449669770746,-1.85444338993679,-2.89505048752059,-0.713776153425671,-0.0892416933316267,1
30.7,-1.51063147814477,-1.44192007376151,-1.84762863510031,-2.90523037672204,-0.716889897221977,-0.0888201258960443,1
30.72,-1.5137791346639,-1.43897840278719,-1.84072853590261,-2.91538942856329,-0.7200253053518,-0.0883986699175004,1
30.74,-1.51694854277458,-1.43614179878981,-1.83374326082383,-2.92552762398111,-0.723182468764638,-0.0879773350764502,1
30.76,-1.52013979077818,-1.43341008458516,-1.82667295796406,-2.93564497602406,-0.726361476044804,-0.0875561311510476,1
30.78,-1.52470827256817,-1.43061221984363,-1.82090913639374,-2.94465264429394,-0.7309125863607,-0.0869583678923428,1
30.8,-1.53009952440636,-1.42782031607323,-1.81585388574092,-2.95301800179895,-0.736283564064662,-0.0862607076531715,1
30.82,-1.5355429089007,-1.42513232357323,-1.81070972059768,-2.96136465624848,-0.741706721179507,-0.0855646407328234,1
30.84,-1.54103855175251,-1.42254853313304,-1.80547683825804,-2.96969206672898,-0.747182184380085,-0.084870200929649,1
30.86,-1.54682825808741,-1.42006717822256,-1.80054096825843,-2.97763810646789,-0.752950888181581,-0.0841474273330223,1
30.88,-1.55399190089152,-1.41767955255041,-1.79759863463919,-2.98360953973488,-0.760088900099755,-0.0832653534372717,1
30.9,-1.56123478808519,-1.41539718013134,-1.79456574812018,-2.98955930416567,-0.767306261947512,-0.0823868879189245,1
30.92,-1.56855684117791,-1.41322068892071,-1.79144244137107,-2.99548655533598,-0.774602896777819,-0.0815120846199593,1
30.94,-1.57595793081479,-1.4111506702254,-1.78822884617717,-3.00139048809093,-0.781978676752324,-0.0806409963593346,1
30.96,-1.58377788809529,-1.40922118898512,-1.78566981088396,-3.00651965434853,-0.789772297861428,-0.0797345549855837,1
30.98,-1.59173758440598,-1.40740491145054,-1.78314058140449,-3.0115020997628,-0.797705602719636,-0.0788261871708635,1
31,-1.59978220348488,-1.40569702409847,-1.78052096797255,-3.01645823337009,-0.80572396135478,-0.0779223053232324,1
31.02,-1.60791129772732,-1.40409806822597,-1.77781106347187,-3.02138734177695,-0.813826927632255,-0.07702296076299,1
31.04,-1.61612435221991,-1.4026085417151,-1.77501096100679,-3.02628875763421,-0.822013988060816,-0.07612820314609,1
31.06,-1.61545024594039,-1.40279797552405,-1.77588571796754,-3.02517495469004,-0.821341999000552,-0.076201082133706,1
31.08,-1.6077168447622,-1.40434768048004,-1.77966469190797,-3.01926943697274,-0.813633094972322,-0.0770443123510874,1
31.1,-1.60005948889427,-1.40600547075302,-1.7833547256439,-3.01333743160287,-0.806000348845984,-0.0778913986141259,1
31.12,-1.59247889449926,-1.40777180593305,-1.78695501083202,-3.00737933269768,-0.7984444757666,-0.0787423052003107,1
31.14,-1.58500335032151,-1.40964822780092,-1.79051806618598,-3.00134340745432,-0.790993669938256,-0.0795937775705212,1
31.16,-1.57765884565914,-1.41163611615363,-1.794094016323,-2.9951804971358,-0.783673828166918,-0.080442631993142,1
31.18,-1.57039054376683,-1.41373114048318,-1.79757991803455,-2.98899360627782,-0.776430293175574,-0.0812950451239213,1
31.2,-1.56319861244523,-1.41593278874664,-1.80097562516639,-2.98278347002582,-0.769263231336231,-0.0821509672114671,1
31.22,-1.55608317145291,-1.41824051249859,-1.80428098947019,-2.97655086372082,-0.762172760951013,-0.0830103475498884,1
31.24,-1.54935154233754,-1.42065450927749,-1.80797537208661,-2.96984392309924,-0.755465099971071,-0.0838352059804659,1
31.26,-1.54368090476017,-1.42317608801154,-1.81313843733406,-2.96164542282596,-0.749814919749874,-0.0845392250380078,1
31.28,-1.53806425533585,-1.42580244680671,-1.81821274832094,-2.95342690057107,-0.744218779546437,-0.0852450135027335,1
31.3,-1.53250149490886,-1.42853329089741,-1.8231981046949,-2.94518890582259,-0.73867657920108,-0.0859525364727797,1
31.32,-1.5269925055794,-1.43136829986204,-1.82809429693984,-2.93693202329172,-0.733188199803803,-0.0866617588907063,1
31.34,-1.52259172599118,-1.43419191595101,-1.83401660718341,-2.92775964752155,-0.728804065805905,-0.0872345497720245,1
31.36,-1.5192108354004,-1.43701221781076,-1.84089848533397,-2.91772584799337,-0.72543607479993,-0.0876784296482572,1
31.38,-1.51585386245007,-1.43993769019011,-1.84769495597047,-2.90767114080078,-0.722092007684644,-0.088122518146989,1
31.4,-1.51252071239423,-1.44296847180148,-1.85440584206844,-2.89759558247893,-0.718771769390607,-0.0885668040738133,1
31.42,-1.50983229946671,-1.44596706690461,-1.86142858838881,-2.88730237133329,-0.716093842424174,-0.0889276148377549,1
31.44,-1.50913497629805,-1.44863350854049,-1.86963731995,-2.87635630294253,-0.715399249678509,-0.0890215650760354,1
31.46,-1.50843988645574,-1.45140795149875,-1.87776596446471,-2.86538239178302,-0.714706885870673,-0.0891153640163301,1
31.48,-1.50774702107167,-1.45429097381298,-1.88581444852626,-2.85438013338136,-0.714016742138343,-0.0892090118592288,1
31.5,-1.50705637174691,-1.45728315461085,-1.89378267082354,-2.84334905011666,-0.713328810086815,-0.0893025087510986,1
31.52,-1.50784640104948,-1.45989030698611,-1.90210305367478,-2.83250235277972,-0.714115731473864,-0.0891955704784657,1
31.54,-1.50951170714703,-1.46231564469935,-1.91060212813175,-2.82174767931677,-0.715774504865743,-0.0889707895486335,1
31.56,-1.51117803496013,-1.4648525055651,-1.91902490600447,-2.81095699254974,-0.717434320911536,-0.0887467273956289,1
31.58,-1.51284537445412,-1.46750168755744,-1.92737129102298,-2.80012959412575,-0.719095169483197,-0.0885233808291457,1
31.6,-1.51451371552186,-1.47026399468253,-1.93564115788911,-2.78926480866751,-0.720757040380903,-0.0883007466818506,1
31.62,-1.51806854172649,-1.4722559856046,-1.94373597795829,-2.77953174903694,-0.724298161681688,-0.0878291648801642,1
31.64,-1.522154807465,-1.47411913566123,-1.9517282212429,-2.77007815480906,-0.72836880881963,-0.0872917244102803,1
31.66,-1.5262596474236,-1.47609539651264,-1.95964465020696,-2.76058396206347,-0.732458102329266,-0.0867567573379851,1
31.68,-1.53038296955338,-1.47818561771131,-1.96748501101422,-2.75104858008437,-0.736565949967166,-0.0862242571891555,1
31.7,-1.5303516183881,-1.4747548578319,-1.96046401242558,-2.76149735288791,-0.736534715925602,-0.0862282876239562,1
31.72,-1.53013499877167,-1.4711899682163,-1.95270703461199,-2.77279858897253,-0.736318905626919,-0.08625613767937,1
31.74,-1.52991800438346,-1.46774050980802,-1.94487078190337,-2.78406361916454,-0.736102722343337,-0.0862840492014955,1
31.76,-1.52970063417379,-1.46440576805189,-1.93695551233066,-2.79529289980416,-0.735886165031445,-0.0863120224064387,1
31.78,-1.5294828871001,-1.46118502534638,-1.92896145690697,-2.80648691729596,-0.735669232654966,-0.0863400575099029,1
31.8,-1.53030860262463,-1.45782696131768,-1.9212850336869,-2.81760013081922,-0.736491860886332,-0.08623381839099,1
31.82,-1.53158173599916,-1.45447438626959,-1.9136958379296,-2.82866293486073,-0.737760243883487,-0.0860703491043184,1
31.84,-1.53285989329101,-1.45123302039577,-1.90602543514152,-2.8396957351665,-0.739033645394423,-0.0859066930165215,1
31.86,-1.53414309335694,-1.44810232157274,-1.89827403285808,-2.8506988648499,-0.740312084291857,-0.0857428506751653,1
31.88,-1.53543135496938,-1.44508174273564,-1.89044181328007,-2.86167268728178,-0.741595579364655,-0.0855788226455469,1
31.9,-1.53844876759204,-1.44189183533492,-1.88353425032512,-2.87205174795354,-0.744601879808502,-0.0851964226853404,1
31.92,-1.54154551101002,-1.43880039611814,-1.87657713537581,-2.88238658710564,-0.747687294166845,-0.08480655452548,1
31.94,-1.54466208383877,-1.43581683081554,-1.86953575108237,-2.89269691747912,-0.750792541394887,-0.0844168006366117,1
31.96,-1.54779854962726,-1.43294087494372,-1.86241030447491,-2.90298278293399,-0.753917685281466,-0.0840271693080616,1
31.98,-1.55192132288895,-1.43008771143889,-1.85598712121512,-2.9126289210063,-0.758025690620684,-0.083518939761982,1
32,-1.55650788629414,-1.42730376155045,-1.84982699226197,-2.92197896691295,-0.762595974917465,-0.0829586944374161,1
32.02,-1.5611314201884,-1.42462652092683,-1.84358026749964,-2.93130648631776,-0.767203255639832,-0.0823993321881523,1
32.04,-1.5657919878064,-1.42205597060099,-1.8372471607852,-2.94061125241194,-0.771847596611027,-0.081840873409459,1
32.06,-1.57048964309558,-1.41959207305997,-1.8308278696754,-2.94989307337594,-0.776529052365984,-0.0812833384538798,1
32.08,-1.57609209774109,-1.41720855741249,-1.82520362806119,-2.95836893753119,-0.782112388347533,-0.0806253248072434,1
32.1,-1.5818156987688,-1.41492980169644,-1.81956404362039,-2.9667574606206,-0.787816678317266,-0.079960676594689,1
32.12,-1.58758970273148,-1.41275808397091,-1.81383691193191,-2.97512256309617,-0.79357142242658,-0.0792977780180014,1
32.14,-1.59341406852003,-1.41069349662326,-1.80802241415826,-2.9834639257009,-0.799376580424099,-0.0786366588477684,1
32.16,-1.59928873465815,-1.40873610904734,-1.8021207180335,-2.99178126621187,-0.805232091682139,-0.0779773485391152,1
32.18,-1.60577209187175,-1.40689152850701,-1.79679385820603,-2.99944930242045,-0.811694558398514,-0.0772582845409375,1
32.2,-1.61240973735113,-1.40515583778606,-1.79149194314647,-3.0069856032921,-0.818311080382758,-0.0765311860985719,1
32.22,-1.61910685925817,-1.40352826764327,-1.78610209425442,-3.01449644763577,-0.824987153525829,-0.0758066456919468,1
32.24,-1.625863210092,-1.40200892408942,-1.78062445301911,-3.02198153632746,-0.831722531310013,-0.075084697509868,1
32.26,-1.6301435472098,-1.40103028492353,-1.77643210007237,-3.02745682322997,-0.835989714461179,-0.0746318958515614,1
32.28,-1.62168429433107,-1.40234692807132,-1.77909028866254,-3.02287693173335,-0.827556557067198,-0.0755301807985197,1
32.3,-1.61330962127764,-1.40377393022746,-1.78165820195432,-3.01826811684125,-0.819208120740234,-0.0764333057670589,1
32.32,-1.6050201940441,-1.40531083596435,-1.78413575595176,-3.01363099021933,-0.810945070120008,-0.0773412236216473,1
32.34,-1.5968166044515,-1.40695714309282,-1.78652286655521,-3.00896621355347,-0.802767995624538,-0.0782538853379224,1
32.36,-1.58936012706707,-1.40817882229433,-1.78576477401613,-3.0079153272053,-0.795335985048831,-0.0790960232645289,0
32.38,-1.58356573706312,-1.40820522670169,-1.7774786322887,-3.01570961154913,-0.789560855917721,-0.0797589606838694,0
32.4,-1.57780429301057,-1.40833396361602,-1.76911235247674,-3.02347630538015,-0.783818783590043,-0.0804257008180531,0
32.42,-1.57207609942413,-1.40856443994915,-1.76066579683271,-3.03121613416763,-0.778110072823243,-0.0810962515673011,0
32.44,-1.56638144823034,-1.40889606841643,-1.7521387971914,-3.03892984865582,-0.772435015775115,-0.0817706205141807,0
32.46,-1.56072061839669,-1.40932826884836,-1.7435311546895,-3.04661822384692,-0.766793891633068,-0.0824488148453365,0
32.48,-1.55509387592644,-1.40986046925595,-1.73484263901684,-3.05428205867842,-0.761186966609096,-0.083130841354129,0
32.5,-1.54950147386654,-1.41049210688961,-1.72607298763266,-3.0619221757414,-0.755614493947728,-0.0838167064436019,0
32.52,-1.54394365232825,-1.41122262929294,-1.71722190494411,-3.06953942104107,-0.750076713946772,-0.0845064161297676,0
32.54,-1.53842063852027,-1.41205149535333,-1.708289061444,-3.07713466380085,-0.744573853990558,-0.0851999760452084,0
32.56,-1.53293264679418,-1.41297817635072,-1.69927409280464,-3.08470879631163,-0.739106128595456,-0.0858973914429756,0
32.58,-1.52857357611862,-1.41368179374382,-1.6896697483562,-3.09319486829166,-0.734763329678019,-0.086457332276923,1
32.6,-1.53225084097915,-1.41269415747035,-1.68954643652411,-3.09465598387657,-0.738426857587975,-0.0859846193704052,1
32.62,-1.5401172662392,-1.41091790816859,-1.69495229672365,-3.09176221529703,-0.746264265043346,-0.0849860420851964,1
32.64,-1.54823675553873,-1.40917249170218,-1.69965138023288,-3.08954961658497,-0.754354315385904,-0.0839729395456831,1
32.66,-1.55644500969475,-1.40752764062794,-1.70423928410928,-3.08733726868818,-0.76253332042877,-0.0829663387769076,1
32.68,-1.56177607553255,-1.40664126695579,-1.70939839694011,-3.08352943017155,-0.767845657184281,-0.0823217656826768,1
32.7,-1.55356318965937,-1.40840922138252,-1.70871342264443,-3.08172708649847,-0.759661711879412,-0.0833177679437498,1
32.72,-1.5451444280657,-1.4102455420439,-1.70612407583137,-3.08172380570896,-0.751273139537438,-0.0843567116590586,1
32.74,-1.53698324477595,-1.41206013430898,-1.70193416937769,-3.08334709183991,-0.743141744951759,-0.0853818377936461,1
32.76,-1.53003692336637,-1.41351331801464,-1.69454800148914,-3.08862491652964,-0.736221197053963,-0.0862687611896196,1
32.78,-1.52389931110588,-1.41481180960081,-1.68606774119144,-3.09521594014931,-0.7301066880351,-0.0870637733170131,1
32.8,-1.51780944025876,-1.41620716709316,-1.67750404236417,-3.1017868521885,-0.724040055406687,-0.0878634095520007,1
32.82,-1.51176751180286,-1.41769882483324,-1.66885656185644,-3.10833857322061,-0.718021500105262,-0.0886676677813648,1
32.84,-1.51459484549128,-1.4171023723738,-1.67625286264429,-3.1018228438078,-0.720837856337201,-0.0882899416696706,1
32.86,-1.51980516045957,-1.4159540137337,-1.68561698162268,-3.09412410521427,-0.726028125147218,-0.0876001564548225,1
32.88,-1.52522771125474,-1.41484476217134,-1.69475964018402,-3.08661990533362,-0.731430061095009,-0.0868907864206855,1
32.9,-1.53073231837763,-1.41381767569424,-1.70378383978358,-3.07915094481517,-0.736913994172692,-0.0861793629800746,1
32.92,-1.5379144630854,-1.4121978676404,-1.70855378467291,-3.07667650963648,-0.74406953767551,-0.0852639538051432,1
32.94,-1.54626658325817,-1.41020866558788,-1.71022385882042,-3.07776283674595,-0.752391239488369,-0.0842171550592803,1
32.96,-1.5547105501341,-1.40831381160544,-1.71161625214518,-3.07902124528003,-0.760804999386926,-0.0831775969114433,1
32.98,-1.56325204613287,-1.4065218479382,-1.71288170668677,-3.08029293119768,-0.769316478894404,-0.082144561574493,1
33,-1.57188948656847,-1.40483294115829,-1.71400213932348,-3.08159563695232,-0.777924098476118,-0.0811182275032716,1
33.02,-1.58058794189877,-1.40323419085895,-1.71460767933882,-3.08330925442763,-0.786593045250981,-0.0801026111069103,1
33.04,-1.58928020685019,-1.40172361407583,-1.71442362726979,-3.08570531666075,-0.795256329002876,-0.0791051159660417,1
33.06,-1.58354937208505,-1.4024594129357,-1.70969781337869,-3.0892349182502,-0.789544545650584,-0.0797608437385992,1
33.08,-1.57480186832645,-1.40390903405478,-1.70691431677327,-3.0898506648403,-0.780826542758498,-0.0807762059184799,1
33.1,-1.56622613521716,-1.40541499072629,-1.70332231579655,-3.09121415504369,-0.77228024036062,-0.081789123063968,1
33.12,-1.55780316438014,-1.40699575273832,-1.69927324492893,-3.09295434944917,-0.763886683910688,-0.0828014477966657,1
33.14,-1.54953959920786,-1.408649519053,-1.69479673626991,-3.09504443797528,-0.755652482625646,-0.0838120035208562,1
33.16,-1.54143481256287,-1.41037676874766,-1.68994322153799,-3.09743394132218,-0.747576999392708,-0.0848204465998453,1
33.18,-1.5334931612897,-1.41217491415229,-1.68472220056415,-3.10011686428832,-0.739664562052954,-0.0858257786458213,1
33.2,-1.52577237837833,-1.41402082549085,-1.67897741854438,-3.10327872675651,-0.731972671316995,-0.0868200064485559,1
33.22,-1.51862110018437,-1.41579157981724,-1.67204534581142,-3.10774142032612,-0.724848599736935,-0.0877562020127559,1
33.24,-1.51356086907112,-1.41699997330572,-1.66257911822371,-3.11549537597202,-0.719807886254499,-0.0884277973294414,0
33.26,-1.50885099787275,-1.41820165935341,-1.65272041411054,-3.12367614176807,-0.715116384445727,-0.0890598685360604,0
33.28,-1.50416773378445,-1.41949838793583,-1.64277638872807,-3.13184279852796,-0.710451584210902,-0.0896951766880733,0
33.3,-1.49951118836963,-1.42088981440096,-1.63274628263859,-3.13999644752942,-0.705813597301049,-0.0903337278883676,0
33.32,-1.49488146626104,-1.42237561936561,-1.6226292880731,-3.14813821343996,-0.701202528530718,-0.09097552805105,0
33.34,-1.49039068278943,-1.42391978140291,-1.61236291387487,-3.15637871148413,-0.696730034690553,-0.0916048004846192,1
33.36,-1.49044453036048,-1.42396402691262,-1.60813055013648,-3.16057264751652,-0.696783661783223,-0.0915972147954334,1
33.38,-1.49770015502158,-1.42156358255954,-1.61474625659784,-3.15713211573059,-0.704009836501527,-0.0905839543361209,1
33.4,-1.50503656293717,-1.41925841644412,-1.62127535891356,-3.15367350645831,-0.711316972871002,-0.0895767967647946,1
33.42,-1.51251477562905,-1.41703346611556,-1.62753014420169,-3.15040568805111,-0.718765855709784,-0.08856759869958,1
33.44,-1.52014780661464,-1.41488703299206,-1.63347856392082,-3.14736320961054,-0.726369461244771,-0.0875550772650108,1
33.46,-1.52786489658482,-1.41283863781256,-1.63934063908828,-3.14429918895922,-0.734057310343908,-0.0865488739285574,1
33.48,-1.5358041085303,-1.41085556745278,-1.64461598280628,-3.1417596209791,-0.741966956241046,-0.08553144782599,1
33.5,-1.54387895841564,-1.40896116748254,-1.64963298533368,-3.13938389308095,-0.750012254724017,-0.0845144929188928,1
33.52,-1.55206818232016,-1.40716180704786,-1.65443288747385,-3.13712214589107,-0.758172026366011,-0.0835009176187939,1
33.54,-1.56051624940373,-1.40542555420096,-1.65830308836746,-3.13573126398989,-0.766590238378072,-0.0824734478252671,1
33.56,-1.5688387878545,-1.40383786985203,-1.66267510291004,-3.13366059778955,-0.77488387229083,-0.0814786604802932,1
33.58,-1.57607065893492,-1.40259116796072,-1.67009041676699,-3.12809776187169,-0.782091022289195,-0.0806278287985091,1
33.6,-1.5809798969695,-1.40187975648139,-1.67920692586856,-3.12009646466806,-0.786983682722505,-0.0800572613829049,1
33.62,-1.5844227481678,-1.40153683921442,-1.68935278070788,-3.11057319988183,-0.790415004387811,-0.0796604327514645,1
33.64,-1.58055462371697,-1.4022515213067,-1.69117321352947,-3.10772366616041,-0.786559839118752,-0.0801064673109085,1
33.66,-1.57192328111688,-1.40370487102215,-1.68745924486126,-3.10926943694172,-0.777957777375334,-0.0811142472035751,1
33.68,-1.5633839071715,-1.40526302445838,-1.68365815571014,-3.11078665901296,-0.769447880700166,-0.0821287565733514,1
33.7,-1.55526596070826,-1.40681884555708,-1.67839831720643,-3.11378319087081,-0.761358441849489,-0.0831098641572217,1
33.72,-1.54725685188262,-1.4084682809991,-1.67294508192937,-3.1168716646822,-0.753377937533691,-0.0840942770635277,1
33.74,-1.53945574094879,-1.41018198364017,-1.66706191064193,-3.12032733044191,-0.745605160955683,-0.0850693631162725,1
33.76,-1.5318860331016,-1.41195032446256,-1.66067113317532,-3.12424055933516,-0.738063407543496,-0.0860313454199058,1
33.78,-1.52440196817229,-1.41381484356467,-1.65417521549363,-3.12815423785276,-0.730607441137754,-0.086998256395731,1
33.8,-1.517322455918,-1.41567973073222,-1.64687373424521,-3.13289632904317,-0.723554943120029,-0.0879278268595056,1
33.82,-1.51031170548169,-1.41764139476096,-1.6394866226017,-3.13761865878321,-0.716571373818965,-0.0888631117216944,1
33.84,-1.50369017844798,-1.41960239090427,-1.63146020969983,-3.14300556145778,-0.709975922909501,-0.0897603464251247,1
33.86,-1.49725192602023,-1.42162132743019,-1.62313506534634,-3.14863822120171,-0.703563412228321,-0.0906460490920484,1
33.88,-1.49129539810494,-1.42360343890983,-1.61418097112588,-3.15497460208761,-0.69763104964896,-0.0914774873280024,1
33.9,-1.48566959498245,-1.42559139365211,-1.60477592111247,-3.16178012053813,-0.692028386941874,-0.0922736394614487,1
33.92,-1.48008841894561,-1.4276727228995,-1.59528255347643,-3.1685743571467,-0.686470479649136,-0.0930741843871734,1
33.94,-1.47455194692532,-1.42984704863011,-1.58570012874502,-3.17535844255637,-0.68095740463372,-0.0938791191138246,1
33.96,-1.47438627425461,-1.42979452962089,-1.58980594225434,-3.17128630621418,-0.680792436858593,-0.0939033695159994,1
33.98,-1.47849110370323,-1.42812460788047,-1.60012148010961,-3.16310466525356,-0.684879882117529,-0.0933052982406177,1
34,-1.48401479788698,-1.42607526449527,-1.60963824041347,-3.15625191692478,-0.690380456191212,-0.0925098736149195,1
34.02,-1.48958232201738,-1.42411920000828,-1.61906705627599,-3.1493876998801,-0.695924986939186,-0.0917187867639041,1
34.04,-1.49573897252296,-1.42208295076798,-1.62776054723715,-3.14339081975353,-0.702056564499935,-0.0908561278489198,1
34.06,-1.50196957068238,-1.42013482760189,-1.63634477945003,-3.13740989972442,-0.708262156716638,-0.0899957486895298,1
34.08,-1.50862076601187,-1.41816775156655,-1.64428104541293,-3.13212595571247,-0.714887055625113,-0.089090941004068,1
34.1,-1.51544801309227,-1.4162615295665,-1.65195943209081,-3.12704235694037,-0.721687725258179,-0.0881764358856831,1
34.12,-1.52257546005252,-1.41437943595287,-1.65908708435814,-3.1225000631377,-0.728787861693946,-0.0872366775142129,1
34.14,-1.52995375225425,-1.41254011882324,-1.66577651823477,-3.11836166878754,-0.736138336923376,-0.086279462656589,1
34.16,-1.537514992134,-1.41076556906208,-1.6720999069119,-3.11452549570854,-0.743671535372012,-0.0853144941531282,1
34.18,-1.54537514245061,-1.40902267218546,-1.67777096412462,-3.11132077422793,-0.751503019372299,-0.0843279915590197,1
34.2,-1.55331936951517,-1.40737993441979,-1.68334939332608,-3.10809877106824,-0.759418758526025,-0.0833475984752153,1
34.22,-1.56158455371895,-1.40576249083339,-1.68802726267806,-3.10576276832924,-0.767654804641628,-0.0823447995554179,1
34.24,-1.56993746557845,-1.40424822516978,-1.6926186751768,-3.1033995510475,-0.775978770953644,-0.0813485969939711,1
34.26,-1.57847779889249,-1.40280218575124,-1.69663917804635,-3.10153671866368,-0.784490013434242,-0.0803473646132928,1
34.28,-1.58718825658119,-1.40143317491163,-1.70018875765363,-3.1000634680534,-0.79317130826115,-0.0793436239106461,1
34.3,-1.59598981192091,-1.40017049359175,-1.70365090291472,-3.09856034304033,-0.801943898625476,-0.0783466656134184,1
34.32,-1.60304937519536,-1.39902195525082,-1.70044805695402,-3.1034572842365,-0.808980583352978,-0.0775591787541165,1
34.34,-1.59749264399602,-1.39958277505227,-1.69294996101333,-3.10996609617111,-0.803441834315323,-0.0781781316815262,1
34.36,-1.59050952121318,-1.40044559983788,-1.6852279460121,-3.11627675702627,-0.796481584519699,-0.0789654133426917,1
34.38,-1.58497914820303,-1.40116165541644,-1.67640034228201,-3.12394575116928,-0.790969548499845,-0.0795965544010945,1
34.4,-1.58110511538283,-1.40168681022533,-1.66629886157223,-3.13320769752377,-0.787108480417895,-0.0800427809753066,1
34.42,-1.57540979587227,-1.40262845094727,-1.65867100258042,-3.13942508042836,-0.781432403323701,-0.0807050651886437,1
34.44,-1.56676093194078,-1.40419951295754,-1.65517487959277,-3.1406226760911,-0.77281318666553,-0.0817254380891072,1
34.46,-1.55822788656917,-1.40587063431185,-1.65146060355921,-3.14192927026144,-0.764309910577873,-0.0827499787191218,1
34.48,-1.54988009085751,-1.40762632344701,-1.64709564181497,-3.14379928210837,-0.755991754241637,-0.0837700168008965,1
34.5,-1.54162391014301,-1.40948416503147,-1.64264385142222,-3.14564331441969,-0.747765407466714,-0.0847967184283136,1
34.52,-1.53358243761309,-1.41141633782675,-1.63754049370393,-3.1480655668583,-0.739753507153196,-0.0858143805384668,1
34.54,-1.52563801529264,-1.41344657690321,-1.63231102445169,-3.15050638631012,-0.731838815414033,-0.0868374591972712,1
34.56,-1.51791554313503,-1.41554458388128,-1.62650227491796,-3.15346170939435,-0.724145750678197,-0.0878493840745899,1
34.58,-1.51030072365461,-1.41773499936066,-1.62052179989802,-3.15648876324416,-0.716560434911422,-0.0888645886079121,1
34.6,-1.5028912076038,-1.41999138362172,-1.61412295296597,-3.15987098756214,-0.709180125570919,-0.0898695395583968,1
34.62,-1.49585691033746,-1.42226712850855,-1.60681935095432,-3.16416036153726,-0.702174025574533,-0.0908397249945291,1
34.64,-1.48889591730215,-1.42463762112738,-1.59942866939434,-3.168433229825,-0.695241400442612,-0.0918157488345709,1
34.66,-1.48400921832449,-1.42649988197375,-1.58953331370654,-3.17593161082454,-0.690374899826865,-0.0925106716877381,0
34.68,-1.47965514486444,-1.42830423446868,-1.57893917586522,-3.18423779338813,-0.686039025171014,-0.0931367855301035,0
34.7,-1.47532559394342,-1.43020199752418,-1.5682528098719,-3.19253868796805,-0.681727763110214,-0.0937659836744998,0
34.72,-1.47102063202482,-1.43219305739989,-1.5574730286952,-3.20083559290374,-0.67744118028594,-0.0943982718896821,0
34.74,-1.46674032020474,-1.43427733557107,-1.54659858052701,-3.20912983634017,-0.673179337967768,-0.0950336558061622,0
34.76,-1.46248471409834,-1.4364547901558,-1.53562814614224,-3.21742277743049,-0.668942291940591,-0.0956721409197402,0
34.78,-1.45825386389743,-1.43872541746929,-1.52456033593476,-3.22571580774146,-0.664730092562237,-0.0963137325937335,0
34.8,-1.45458201382612,-1.44083328085105,-1.51414492885044,-3.23358003267372,-0.661074592678655,-0.0968761694339564,1
34.82,-1.46185574007715,-1.43778995156361,-1.51931138700711,-3.23232987205091,-0.668316077990429,-0.0957670891044396,1
34.84,-1.46827310990149,-1.43491515777427,-1.52789899284709,-3.22736999603312,-0.674705491032155,-0.0948053456406458,1
34.86,-1.47475698261,-1.43213280386852,-1.53639412740524,-3.22240199938016,-0.681161568163218,-0.0938491145935231,1
34.88,-1.48162373209355,-1.42938597206598,-1.54408793539865,-3.21822679068972,-0.687999360431966,-0.0928528857512105,1
34.9,-1.48859427606681,-1.42672757005367,-1.55162682891058,-3.21411235847631,-0.694940999140444,-0.0918584091338377,1
34.92,-1.49565932723891,-1.42416077815385,-1.55902349217688,-3.21004158752244,-0.701977241241373,-0.0908672077165028,1
34.94,-1.50299288503667,-1.42166220475435,-1.56581150147227,-3.20652217158602,-0.709281398814455,-0.0898556323547834,1
34.96,-1.51040727116446,-1.41925963590389,-1.57251084423993,-3.2029858850855,-0.716666566058076,-0.0888502620299617,1
34.98,-1.51791555467117,-1.41695242421103,-1.57908022040701,-3.19947592472827,-0.724145762169854,-0.0878493825265374,1
35,-1.52565228704334,-1.41472752978238,-1.5851038510006,-3.19643398618712,-0.731853033285533,-0.0868356051392656,1
35.02,-1.5334736536184,-1.41260127616608,-1.59103964726898,-3.19337121555089,-0.739645126765296,-0.0858282695257182,1
35.04,-1.5413793461338,-1.41057444715054,-1.59688771838293,-3.19028666057841,-0.747521735263781,-0.0848274084048997,1
35.06,-1.54880854101725,-1.40871546380031,-1.60392174672437,-3.18578777373972,-0.754924046904165,-0.0839022539618039,1
35.08,-1.5559551051971,-1.4069977298664,-1.6116601590155,-3.18040320350232,-0.762045147519709,-0.083025931697382,1
35.1,-1.56000414122056,-1.40592012995201,-1.62144395789377,-3.1720513159477,-0.766079925024022,-0.0825352178770616,1
35.12,-1.56237526729657,-1.40522805384018,-1.63228035600486,-3.16211246943457,-0.768442756788725,-0.0822497618907848,1
35.14,-1.55475301574265,-1.40677456638788,-1.62987349024074,-3.16230700523871,-0.760847314435961,-0.0831724152839926,1
35.16,-1.54636675807444,-1.40861193689245,-1.62592778819159,-3.16366471901411,-0.752491052763957,-0.0842047130391353,1
35.18,-1.53847997773726,-1.41049622140724,-1.62004303970402,-3.16694147127286,-0.744632975395498,-0.0851924807348176,1
35.2,-1.53067558466886,-1.41248030328303,-1.6140713306682,-3.17019542868536,-0.736857472263807,-0.0861866516262032,1
35.22,-1.52295392092203,-1.41456339525892,-1.60801259219672,-3.17342750221188,-0.72916488458841,-0.0871871958905943,1
35.24,-1.5156432095271,-1.41668260411258,-1.60100473643272,-3.17759544798929,-0.721882167884663,-0.0881504976928953,1
35.26,-1.50849284220368,-1.41888213347227,-1.59368098890201,-3.18199858645438,-0.714759633780306,-0.0891082128810673,1
35.28,-1.50141501121245,-1.42117766711893,-1.5862693449855,-3.18638470476873,-0.707709808163463,-0.0900718207828081,1
35.3,-1.49472598573753,-1.42349769467399,-1.57815671321501,-3.19147215053329,-0.701047677983679,-0.0909972033939308,1
35.32,-1.4882783524735,-1.42587214295105,-1.5696090641719,-3.19695120204047,-0.694626375149787,-0.0919031222331222,1
35.34,-1.48189169807534,-1.42834039012125,-1.56097143227531,-3.20241864538208,-0.688266206198012,-0.0928143456624011,1
35.36,-1.47580375955454,-1.4308420304933,-1.55187447283748,-3.20833119403882,-0.682203899309363,-0.0936961659191259,1
35.38,-1.46987917700356,-1.43340911800673,-1.54251670785906,-3.21444428212664,-0.676304631399388,-0.0945670532473712,1
35.4,-1.46400794987031,-1.43606872606243,-1.53306599988153,-3.22055077697507,-0.670458861553756,-0.0954428202860774,1
35.42,-1.45993866987607,-1.43828600038591,-1.52201843866159,-3.22889873271199,-0.666407447437494,-0.0960574151040866,1
35.44,-1.45625312972012,-1.44048594703981,-1.51055905184736,-3.23771567650127,-0.662738248318037,-0.0966195425156346,1
35.46,-1.45258529298346,-1.44277982821046,-1.49899775773322,-3.24653729700855,-0.659086827717855,-0.0971842415107653,1
35.48,-1.44593339823324,-1.44545108117167,-1.49734824190603,-3.24469299454942,-0.652465104309435,-0.0982220749893402,1
35.5,-1.44798444860278,-1.44391545739597,-1.50659974772296,-3.23723270345042,-0.654506796005992,-0.0979001596589409,1
35.52,-1.45206828372535,-1.44150998557336,-1.51788812249635,-3.22885349708492,-0.658572144908926,-0.0972642681327278,1
35.54,-1.45704359634173,-1.43891716692278,-1.52839678219242,-3.22154208890158,-0.663525197206302,-0.096498534458183,1
35.56,-1.46221239851358,-1.43636677757675,-1.5386882831592,-3.2144184157829,-0.668671170795213,-0.0957132303642715,1
35.58,-1.4678131773719,-1.43379549243364,-1.54841398185987,-3.20792123737232,-0.674247547238169,-0.0948737613115566,1
35.6,-1.47373543077073,-1.43123831580819,-1.55772178237791,-3.20185253594518,-0.680144366048821,-0.0939987571313609,1
35.62,-1.47975095685329,-1.42876348196851,-1.56687452252072,-3.19585391456435,-0.686134434616635,-0.093122936655367,1
35.64,-1.4862585818903,-1.42626898776698,-1.57524191973305,-3.19070107687845,-0.692614936532787,-0.0921897840574885,1
35.66,-1.49283057138592,-1.42386813834562,-1.58352002366377,-3.18553582530779,-0.699159962152889,-0.0912620799049958,1
35.68,-1.49960981805369,-1.42152834514418,-1.591421003723,-3.18069354364505,-0.705911831804755,-0.0903201310547995,1
35.7,-1.50668857576374,-1.41923049806728,-1.59877201912506,-3.17637465538924,-0.71296246291727,-0.0893523601916487,1
35.72,-1.51384045454186,-1.41702850225303,-1.60603543441032,-3.1720385802994,-0.72008638748847,-0.0883904896693439,1
35.74,-1.52124092747621,-1.41488717480879,-1.6127699325158,-3.16817898835222,-0.727458409449005,-0.08741149454756,1
35.76,-1.52885841348127,-1.41281539333641,-1.61907052594151,-3.16468775755933,-0.735047099007921,-0.0864205799000462,1
35.78,-1.53655643676588,-1.41084224893265,-1.62528424774775,-3.1611750476493,-0.742716509316573,-0.0854359473645073,1
35.8,-1.54452037360869,-1.40893576969034,-1.63081007499971,-3.15829073742996,-0.750651344497009,-0.0844344666516926,1
35.82,-1.5526577414192,-1.40711474346801,-1.6359663040029,-3.1556882707082,-0.758759484791339,-0.0834286234508218,1
35.84,-1.56088191376013,-1.40539551563685,-1.64103568313606,-3.15306044233144,-0.766954622324703,-0.0824293814588463,1
35.86,-1.56936855363996,-1.40378666607876,-1.64182040003721,-3.1546113285191,-0.775411814815705,-0.0814159095901405,1
35.88,-1.57382076219012,-1.40303938468248,-1.63855744548186,-3.15899546222925,-0.779848777772796,-0.080891199499108,1
35.9,-1.5690526677636,-1.40406644755737,-1.62858164416105,-3.16754358419935,-0.775097015865972,-0.0814533179016133,1
35.92,-1.56430572314192,-1.4051900796331,-1.61851782081712,-3.176079181856,-0.770366489749451,-0.0820183861993014,1
35.94,-1.55830078557745,-1.4066193327795,-1.60935721121997,-3.18329033773916,-0.764382553028276,-0.0827411488858924,1
35.96,-1.55224059072958,-1.40816167392809,-1.60018169507693,-3.19038882767244,-0.758343820192017,-0.0834797666696773,1
35.98,-1.54543036070397,-1.4098992070711,-1.59238985869194,-3.19583036556464,-0.751558037948748,-0.0843211197815613,1
36,-1.53735540038357,-1.41190203491267,-1.58700052701994,-3.19847353912048,-0.743512530714168,-0.0853346976917557,1
36.02,-1.52936808342338,-1.41400502952939,-1.58152345504528,-3.20109392119518,-0.735554859555675,-0.086354874641,1
36.04,-1.52166601357962,-1.41619428912868,-1.57526299020515,-3.20442043938207,-0.72788187567614,-0.0873557538552172,1
36.06,-1.51405017205887,-1.4184813678394,-1.56890137458184,-3.20774079834808,-0.720295292170611,-0.0883625205953729,1
36.08,-1.50657614150602,-1.42085940267876,-1.56227902122671,-3.21122721423195,-0.712850471803891,-0.0893676080495647,1
36.1,-1.49931144363475,-1.42331984131123,-1.55518909719183,-3.21510263915813,-0.70561465316448,-0.0903612743724985,1
36.12,-1.49212463306579,-1.42587580004281,-1.54800974232892,-3.21896268315776,-0.698456899968478,-0.0913610361314217,1
36.14,-1.48512946946315,-1.42851026162635,-1.54045150986869,-3.22312636150548,-0.691490499584807,-0.0923506430013305,1
36.16,-1.478302119519,-1.43122525416641,-1.53256332015688,-3.2275409533214,-0.684691694464376,-0.0933327019313673,1
36.18,-1.47154725790995,-1.43403364470407,-1.52458379699025,-3.2319447735297,-0.677965547339943,-0.0943205632617463,1
36.2,-1.46510922376514,-1.43689056478468,-1.51597645308293,-3.23694790770577,-0.671555331823449,-0.0952775709264413,1
36.22,-1.45877337687676,-1.43983320898126,-1.50719545038642,-3.24203518891869,-0.665247304575846,-0.096234579949842,1
36.24,-1.45361942738682,-1.44255633950878,-1.49710564160822,-3.24877914408596,-0.660116317984453,-0.0970244890499625,0
36.26,-1.44978912102119,-1.44501274042407,-1.48550986710196,-3.25744873797326,-0.656303275131005,-0.0976183275250472,0
36.28,-1.44597880898949,-1.44756341791711,-1.47380867553007,-3.26612590224372,-0.652510307318127,-0.0982149288544126,0
36.3,-1.44218852436829,-1.45020865903303,-1.46200014496366,-3.27481226817732,-0.648737447813435,-0.0988142992427521,0
36.32,-1.43841829722996,-1.45294880404156,-1.45008225376011,-3.28350951369574,-0.644984726876129,-0.0994164448178112,0
36.34,-1.43466815421201,-1.45578424884451,-1.43805287548542,-3.29221936601045,-0.641252171328616,-0.100021371637114,0
36.36,-1.43093811855584,-1.45871544771976,-1.42590977315455,-3.30094360463569,-0.637539804595358,-0.100629085689365,0
36.38,-1.42722821014677,-1.4617429162745,-1.41365059301025,-3.30968406465375,-0.633847646742868,-0.101239592895883,0
36.4,-1.42353844555496,-1.46486723462884,-1.40127285779583,-3.31844264025577,-0.630175714520769,-0.101852899112056,0
36.42,-1.42636022841749,-1.46353208026246,-1.40265569813717,-3.31877395415742,-0.632983843805792,-0.101383314818709,1
36.44,-1.4327285780559,-1.45984494110559,-1.41137846993321,-3.31458027477997,-0.639321760739645,-0.100336618910789,1
36.46,-1.43855852873821,-1.45630277751582,-1.42139942615735,-3.30885634987066,-0.645124304119995,-0.0993939410603566,1
36.48,-1.44441212535885,-1.45285665279279,-1.43139389024402,-3.30305105899703,-0.650950805237858,-0.0984619539019475,1
36.5,-1.45032372112102,-1.44950365470467,-1.44128386428391,-3.29724975622067,-0.656835455474691,-0.0975350925484755,1
36.52,-1.45648487365869,-1.44621950686031,-1.45070646722795,-3.29186268500735,-0.662968960213766,-0.0965840410378241,1
36.54,-1.46281211084101,-1.44301551251718,-1.45983448051183,-3.28669443998887,-0.669268253731416,-0.0956227778609225,1
36.56,-1.46920462213638,-1.43990492290685,-1.46886346605425,-3.28152373388801,-0.675632982415422,-0.0946670212480251,1
36.58,-1.47574314939241,-1.43688100268621,-1.47762151982993,-3.2765383090841,-0.682143546254612,-0.0937050112551934,1
36.6,-1.48246958225573,-1.43394074290525,-1.48602807534218,-3.27182576143825,-0.688841677046338,-0.0927313169909054,1
36.62,-1.4892662862742,-1.43109501337224,-1.49433931082089,-3.26710538047851,-0.695610248190967,-0.0917634105606123,1
36.64,-1.49613320760509,-1.42834428713578,-1.50255592860288,-3.26237594556206,-0.702449206484576,-0.0908013150013694,1
36.66,-1.50325940841197,-1.42567915984608,-1.51023886998034,-3.25810549576501,-0.70954686315624,-0.0898191934474111,1
36.68,-1.5104641812809,-1.42311004027899,-1.51782044285846,-3.25383165066317,-0.716723253824341,-0.0888426111978915,1
36.7,-1.51774362024204,-1.42063770543255,-1.52530993855802,-3.24954389812496,-0.723974488293481,-0.0878721120842849,1
36.72,-1.52515163920186,-1.41826126389367,-1.53257479577275,-3.24538088550098,-0.731354276521728,-0.0869006790862709,1
36.74,-1.53265004944236,-1.4159824918205,-1.53971259481374,-3.24123926618214,-0.738824581419751,-0.0859335304234994,1
36.76,-1.54022404715961,-1.41380240899307,-1.54675977079697,-3.23708010669025,-0.746370655465962,-0.0849726038037465,1
36.78,-1.54528470533772,-1.41207390891282,-1.55597989701409,-3.23005237989133,-0.751412909343102,-0.0843392475064632,1
36.8,-1.54781393378943,-1.41078898853964,-1.56733673404764,-3.22020962831874,-0.753933014096404,-0.0840252645851025,1
36.82,-1.55034693935641,-1.4095990332916,-1.57859770720509,-3.21036634818081,-0.756456931380372,-0.0837124974787326,1
36.84,-1.54298090033523,-1.41144116873554,-1.57282973330132,-3.21362499244683,-0.74911745788573,-0.0846267238084342,1
36.86,-1.53526504524758,-1.413509426204,-1.5662436138417,-3.21742760642587,-0.741429884231453,-0.0855999724726332,1
36.88,-1.52762772525793,-1.41567676046226,-1.55956847082248,-3.2212104624389,-0.733821030228188,-0.0865795417367099,1
36.9,-1.52018142183248,-1.41793493731288,-1.55251031711498,-3.22528685689283,-0.726402947993629,-0.0875506565824616,1
36.92,-1.51283954509339,-1.42028868076163,-1.54528750352518,-3.2294258018664,-0.719089362772314,-0.0885241604844829,1
36.94,-1.50557340090279,-1.42273924622462,-1.53797442819592,-3.23354891263268,-0.711851688460263,-0.0895037699799913,1
36.96,-1.49842084063584,-1.42528206933482,-1.53048447300697,-3.23775138796644,-0.704727624362759,-0.0904842517336068,1
36.98,-1.49161946408777,-1.42789114756274,-1.52226277315155,-3.2426399843621,-0.697953792115014,-0.0914319508058361,1
37,-1.48488624033803,-1.43059496203942,-1.5139483299732,-3.24751810224652,-0.691248279299741,-0.0923853517833045,1
37.02,-1.47822123840585,-1.43339301446631,-1.50554050758393,-3.25238691757344,-0.684611154361525,-0.0933444338579545,1
37.04,-1.47179373276509,-1.43625930978726,-1.49671264442616,-3.25761855779226,-0.678210966014602,-0.0942842281800665,1
37.06,-1.46561038687172,-1.43919152314481,-1.48743785388019,-3.26324429027389,-0.672054313311979,-0.0952025207648755,1
37.08,-1.45948681588623,-1.44221681506788,-1.47806569140783,-3.26886670508262,-0.66595758865531,-0.0961260505133573,1
37.1,-1.45345225971657,-1.44532912964845,-1.4685492471719,-3.2745423708157,-0.6599499002012,-0.0970502843818256,1
37.12,-1.44790485496853,-1.44844891912899,-1.45825300238459,-3.28103610127735,-0.654427564614831,-0.0979126201469251,1
37.14,-1.44240675417442,-1.45166171187867,-1.44785350523033,-3.28753348024537,-0.648954669639527,-0.0987796283175423,1
37.16,-1.43698734613199,-1.45496003227701,-1.43731517921376,-3.29408137615909,-0.643560465966215,-0.0996465578135394,1
37.18,-1.43233209483367,-1.4581689501653,-1.42583084817365,-3.30175200348505,-0.638927156992641,-0.10040126226592,1
37.2,-1.42771122860458,-1.46147257236201,-1.4142342156578,-3.30943510020909,-0.634328344028865,-0.101159760108259,1
37.22,-1.42365778306067,-1.46470327814351,-1.40213505869161,-3.31776049916198,-0.630294472463346,-0.1018329665297,1
37.24,-1.42003341715948,-1.46790304493982,-1.38961983345698,-3.32658391087571,-0.626687793163738,-0.102441245018711,1
37.26,-1.41642859209175,-1.47120106823637,-1.37698070379914,-3.3354294479184,-0.623100735420333,-0.103052284786986,1
37.28,-1.41796290767544,-1.46899725174881,-1.38798072808465,-3.32684492799252,-0.624627467065324,-0.102791465764767,1
37.3,-1.41994041629089,-1.46641395742165,-1.40089052787632,-3.31678959664544,-0.626595248454563,-0.102456933043142,1
37.32,-1.42427586641016,-1.46306456883344,-1.41276921514327,-3.30884834966108,-0.630909557112363,-0.101729833621366,1
37.34,-1.42876964832419,-1.4597639622027,-1.42448378172085,-3.3010347010659,-0.635381688068116,-0.100985189655473,1
37.36,-1.4332960220664,-1.45655815397893,-1.43608528578737,-3.29323438012926,-0.639886518333571,-0.100244220603677,1
37.38,-1.43833825284736,-1.45331787816196,-1.44704199624051,-3.28617042898568,-0.644905056057585,-0.0994292939011546,1
37.4,-1.4437569863612,-1.4500823085768,-1.45752675456894,-3.27961010512858,-0.650298678089278,-0.0985655522016728,1
37.42,-1.44922410799374,-1.44693953247555,-1.46790792392452,-3.2730540800383,-0.655740823162717,-0.0977064230394074,1
37.44,-1.45473965422241,-1.44388958355903,-1.47818692474842,-3.26650087818789,-0.66123152796543,-0.0968519144404334,1
37.46,-1.4606403288959,-1.44086193368021,-1.4878608168165,-3.2605640528511,-0.667106012739592,-0.0959509908315204,1
37.48,-1.46672705253057,-1.43790001478988,-1.49724397587699,-3.25486021360505,-0.673166127850556,-0.095035635986801,1
37.5,-1.47287247586352,-1.43503106667094,-1.5065305690064,-3.24915245414543,-0.679285094118381,-0.09412546114211,1
37.52,-1.47935178522948,-1.43220993252902,-1.51521122210017,-3.24402609995635,-0.68573694068684,-0.093180655625504,1
37.54,-1.48601483100931,-1.42946313746443,-1.52358108040856,-3.23914106787067,-0.692372193910823,-0.0922244730965562,1
37.56,-1.49274580374717,-1.42681053899784,-1.53185827333453,-3.23424608671651,-0.699075539619951,-0.0912739536336032,1
37.58,-1.4997661636187,-1.42422614647554,-1.53954061053443,-3.22989253229425,-0.70606755112593,-0.0902985838364187,1
37.6,-1.50697348574897,-1.42172388121815,-1.54687753001998,-3.22580497134405,-0.713246250483697,-0.0893137397297056,1
37.62,-1.51425680513666,-1.41931787128793,-1.55412432779408,-3.22170204277724,-0.72050112474715,-0.0883349757992144,1
37.64,-1.52170419081253,-1.41700191494745,-1.56104465739171,-3.21783488187727,-0.727919907502379,-0.0873507503119429,1
37.66,-1.52933979774865,-1.41477535572025,-1.56758371101453,-3.21426063671484,-0.735526679792054,-0.0863585191774962,1
37.68,-1.5370558333126,-1.41264746715944,-1.57403397726679,-3.2106667235256,-0.743214066214072,-0.085372640124457,1
37.7,-1.54485195390783,-1.41061895675605,-1.58039565295616,-3.20705218767469,-0.750981723918809,-0.0843931399505257,1
37.72,-1.55320717156212,-1.40873612322596,-1.58401052480801,-3.20607149115656,-0.759306959592074,-0.0833613307133739,1
37.74,-1.56070269943569,-1.40726054919843,-1.58506162150694,-3.20715392155794,-0.766776035416574,-0.0824509743703009,1
37.76,-1.5579607259705,-1.40841593182852,-1.57389726164832,-3.21692394522892,-0.764043690544779,-0.0827823483612359,1
37.78,-1.55522338204444,-1.40966635235403,-1.56263796705797,-3.22669227746505,-0.76131601398379,-0.0831150535641926,1
37.8,-1.55167241522091,-1.41111541067117,-1.55196318110361,-3.23560296788698,-0.757777670900426,-0.0835494982099804,1
37.82,-1.54423425772511,-1.41315952905777,-1.54446448155441,-3.24038647453747,-0.750366265517645,-0.0844701502922933,1
37.84,-1.53686520165476,-1.41530275409495,-1.53687468771124,-3.24515293728942,-0.743024136558618,-0.0853967978665057,1
37.86,-1.52956563303227,-1.41754456225804,-1.52919336526259,-3.24990334506774,-0.735751669654158,-0.0863294267862495,1
37.88,-1.52209411175288,-1.41989018407771,-1.52198688884473,-3.25404250798007,-0.728308344052909,-0.0872996716405302,1
37.9,-1.5146900753008,-1.4223339208683,-1.51470924078754,-3.25814444276403,-0.720932717633447,-0.0882772616167704,1
37.92,-1.50736257893978,-1.42487497417232,-1.50733961483374,-3.26223164230924,-0.713633812011273,-0.0892610377887915,1
37.94,-1.50024719368997,-1.42750943655467,-1.49954018951216,-3.26666006029377,-0.706546655862248,-0.0902323385032892,1
37.96,-1.49325121645956,-1.43023876022904,-1.49153091396502,-3.2711993755217,-0.699578895723959,-0.0912031939358864,1
37.98,-1.48632755220567,-1.43306354900303,-1.4834272135819,-3.27572877244339,-0.692683621664445,-0.0921799723891668,1
38,-1.47954267504294,-1.4359794152845,-1.47507731417847,-3.28041189153081,-0.68592702799839,-0.093153046620246,1
38.02,-1.47293999627177,-1.43898316868892,-1.46637397729537,-3.28536466426875,-0.679352326075413,-0.094115537738948,1
38.04,-1.46640519726979,-1.44208101884678,-1.45757295516174,-3.2903126549382,-0.672845669430974,-0.0950836892712798,1
38.06,-1.45994572754654,-1.44527189768472,-1.44865781001339,-3.29527430613953,-0.666414473962179,-0.0960563438803766,1
38.08,-1.45375317282143,-1.44853747809779,-1.4392228872689,-3.30069705498932,-0.660249463690801,-0.097003859175953,1
38.1,-1.44762315801888,-1.45189641296876,-1.42968584214916,-3.30612075902703,-0.654147150316886,-0.097956740454957,1
38.12,-1.44155559515876,-1.45534850458456,-1.4200454609366,-3.31154687004165,-0.648107445312554,-0.0989149678398046,1
38.14,-1.43582367368034,-1.45885660628915,-1.40978963729834,-3.31756006409634,-0.642402252886432,-0.0998343345781718,1
38.16,-1.43016745436412,-1.46245552233545,-1.39938744109676,-3.32362432749162,-0.636772813122351,-0.100755405394405,1
38.18,-1.4249990048807,-1.46603919085461,-1.38840863122406,-3.33033154191302,-0.631629193615113,-0.101609391578328,0
38.2,-1.4212149848358,-1.46937971942233,-1.3758550846155,-3.33903307465793,-0.627863575537136,-0.102242278220481,0
38.22,-1.41745258438547,-1.47281920172422,-1.36317516121662,-3.34775826155589,-0.624119662663837,-0.102878093126307,0
38.24,-1.41371180828523,-1.47635848965085,-1.35036585352561,-3.35650925630048,-0.62039745991963,-0.10351684166156,0
38.26,-1.40999265826246,-1.47999851878559,-1.33742398948135,-3.36528829360694,-0.616696969196056,-0.10415852911294,0
38.28,-1.40629513252617,-1.48374031330395,-1.32434622191108,-3.37409769483709,-0.613018188864384,-0.104803160696126,0
38.3,-1.40261922582282,-1.4875849915188,-1.31112901670638,-3.38293987427458,-0.60936111383145,-0.105450741557671,0
38.32,-1.39896492949286,-1.49153377193661,-1.29776863989832,-3.39181734599007,-0.605725735596322,-0.106101276776918,0
38.34,-1.39533223152821,-1.49558797988399,-1.28426114350544,-3.40073273136306,-0.602112042307751,-0.106754771367928,0
38.36,-1.39172111663028,-1.49974905477211,-1.27060235001086,-3.40968876733697,-0.598520018822318,-0.107411230281424,0
38.38,-1.3881315662687,-1.50401855807604,-1.25678783530423,-3.41868831549423,-0.594949646763215,-0.108070658406751,0
38.4,-1.38456355874068,-1.50839818211713,-1.24281290990071,-3.42773437205137,-0.591400904579619,-0.10873306057384,0
38.42,-1.3892887453464,-1.50424489806937,-1.25291247123358,-3.42251395445191,-0.596100621146794,-0.107857317863586,1
38.44,-1.39463905186216,-1.49959680322652,-1.26454348514735,-3.41633812955826,-0.601422511827011,-0.106880250289433,1
38.46,-1.40001754835883,-1.49505090950222,-1.27609148337713,-3.4101319313635,-0.606772884746466,-0.105913191992852,1
38.48,-1.40516583072097,-1.49062653130093,-1.28803806209688,-3.40335743761664,-0.611894651524087,-0.105001390267845,1
38.5,-1.41036330278386,-1.48630265602243,-1.29984979627861,-3.39661075707274,-0.617065745413304,-0.104094279585551,1
38.52,-1.41561011648013,-1.48207855090006,-1.3115296280535,-3.38988965314248,-0.62228631866185,-0.10319187165409,1
38.54,-1.42103073794494,-1.47794270473459,-1.32286183917476,-3.38343825875381,-0.627680229535899,-0.102273261635493,1
38.56,-1.42667513054823,-1.47388979612709,-1.33377248765072,-3.37734151572528,-0.633297228738913,-0.101331133842343,1
38.58,-1.43237607507914,-1.4699339042805,-1.34456245344545,-3.37126120280033,-0.638970928656973,-0.100394088336498,1
38.6,-1.43813370316428,-1.4660747421444,-1.35523385206353,-3.36519545689025,-0.644701461360982,-0.0994621413930073,1
38.62,-1.44407109398922,-1.46230726538722,-1.36554832409214,-3.35940312453016,-0.650611341035105,-0.0985158596846843,1
38.64,-1.4501941122464,-1.45863079020668,-1.37550709855068,-3.35388341320954,-0.656706432940117,-0.0975552616099892,1
38.66,-1.45638006261027,-1.45505000231268,-1.38535539135446,-3.34837061183846,-0.662864615852469,-0.0966000948081074,1
38.68,-1.46262901643486,-1.45156493756135,-1.39509472372377,-3.34286312335064,-0.669085961666097,-0.0956503788864134,1
38.7,-1.46901470765684,-1.44817594595909,-1.40456938686474,-3.33752480289601,-0.67544388694009,-0.0946951964956791,1
38.72,-1.4756088565329,-1.44488324415352,-1.41363665664435,-3.33250571366851,-0.682009823199579,-0.0937246142655376,1
38.74,-1.48227136958203,-1.44168644494301,-1.42260079505645,-3.32748536299732,-0.688644291757712,-0.0927597825211322,1
38.76,-1.48900221446993,-1.43858581574315,-1.4314628839949,-3.32246235855746,-0.695347260875854,-0.0918007228155926,1
38.78,-1.49580132216429,-1.43558164675628,-1.44022394709347,-3.31743534508921,-0.702118662088688,-0.0908474556822904,1
38.8,-1.50286256669326,-1.43268252960223,-1.44844434653735,-3.31285547461586,-0.709151598530891,-0.0898734575441201,1
38.82,-1.50999862680507,-1.4298807093571,-1.45656227633693,-3.30827192786925,-0.71625951913899,-0.0889052279822655,1
38.84,-1.51720732798336,-1.42717652535043,-1.46458307525673,-3.30367877169236,-0.723440258058518,-0.0879430660927647,1
38.86,-1.52448844265694,-1.42457041352718,-1.47250744966687,-3.29907482235474,-0.730693588289109,-0.086986992545839,1
38.88,-1.52998686170316,-1.42222921378854,-1.48224689338927,-3.29220535590327,-0.736171322567409,-0.0862752021395329,1
38.9,-1.53346088567566,-1.42016899407247,-1.49399552775086,-3.282846412942,-0.739632406200431,-0.0858298995857716,1
38.92,-1.53694562636547,-1.41820486134648,-1.50563871313541,-3.27349431087152,-0.743104265070044,-0.0853866046037858,1
38.94,-1.5381941516997,-1.41716432422874,-1.51339238189148,-3.26689746735492,-0.744348198776531,-0.0852285939229776,1
38.96,-1.53064122489981,-1.41948232321296,-1.50613615080987,-3.27112531924082,-0.736823240780079,-0.0861910661291566,1
38.98,-1.52316372276985,-1.42189909621472,-1.49878727370453,-3.27533756017944,-0.729373889810237,-0.0871597833909488,1
39,-1.51576195800551,-1.42441409134048,-1.4913452839781,-3.27953525199718,-0.722000457943995,-0.0881347236803284,1
39.02,-1.50846606214257,-1.42702700848339,-1.48373979329861,-3.28379217572172,-0.714732958820745,-0.0891118292930222,1
39.04,-1.50153082707847,-1.42973932305189,-1.47536359931322,-3.28874087194427,-0.707825162058575,-0.0900559255458861,1
39.06,-1.49466405833973,-1.43254804851898,-1.46689085108357,-3.29368105977188,-0.700986001567987,-0.0910058387875187,1
39.08,-1.4878658889252,-1.43545278498093,-1.45832075708754,-3.29861396996741,-0.694215609818255,-0.0919615497637238,1
39.1,-1.48113641343177,-1.43845314865264,-1.4496524778425,-3.30354086684928,-0.687514080845142,-0.0929230381553584,1
39.12,-1.47461385269638,-1.44154327094703,-1.44059684057238,-3.30877254815072,-0.681019047031291,-0.0938700584227968,1
39.14,-1.46824690454458,-1.44472480092646,-1.43124928855946,-3.3142070148011,-0.674679398925027,-0.0948092416144743,1
39.16,-1.46194312488909,-1.44800117651044,-1.42179893564397,-3.31964145868039,-0.668403079075651,-0.0957538886055504,1
39.18,-1.45570249262076,-1.4513722077364,-1.41224457022972,-3.32507731953889,-0.662190065866483,-0.0967039809377268,1
39.2,-1.44954530734039,-1.45483608138832,-1.40254644052446,-3.33055871582086,-0.656060566134966,-0.0976563267250088,1
39.22,-1.44369299544872,-1.4583746845788,-1.39227673025476,-3.33655969190044,-0.6502349816376,-0.098575680766818,1
39.24,-1.43789729692435,-1.46200819952938,-1.38189648231425,-3.34256900575345,-0.64446615948306,-0.0995001266361503,1
39.26,-1.43215812060591,-1.46573671025397,-1.37140398703095,-3.3485883158771,-0.638754008098375,-0.100429649208848,1
39.28,-1.42652619179661,-1.46955298873499,-1.3607176388355,-3.35471328123905,-0.633149007411642,-0.10135580831067,1
39.3,-1.42144486269121,-1.47339305326543,-1.34912592333774,-3.36178016594371,-0.628092330025922,-0.102203643555615,1
39.32,-1.4164074931849,-1.47733066150248,-1.33741050008371,-3.36886713943404,-0.623079741027783,-0.103055879206697,1
39.34,-1.41141399648763,-1.4813663900527,-1.32556878771929,-3.37597622522745,-0.618111153462178,-0.103912508776561,1
39.36,-1.4066885630897,-1.48545191456598,-1.31332957038361,-3.38345910089253,-0.613409615515586,-0.104734249479402,1
39.38,-1.40232419155697,-1.48956758537698,-1.30056550839738,-3.39147792220827,-0.609067599600068,-0.105503011570616,1
39.4,-1.39799265203833,-1.49378605301057,-1.2876605753908,-3.39952984450152,-0.604758525133295,-0.106275512091722,1
39.42,-1.3936938819578,-1.49810848364672,-1.27461108811879,-3.40761739282783,-0.600482329554123,-0.107051750933943,1
39.44,-1.38942781213706,-1.50253614943388,-1.26141314989867,-3.41574319996732,-0.596238943693918,-0.107831727827276,1
39.46,-1.38547437729208,-1.50699452435904,-1.24778933388593,-3.42430248909473,-0.592306785834596,-0.108563302867636,1
39.48,-1.3815747776223,-1.51155538248564,-1.23397940947063,-3.43294508581743,-0.588428419099948,-0.109293340258028,1
39.5,-1.37770223417555,-1.51622775940228,-1.22000417477655,-3.44163709163267,-0.58457720761682,-0.110026759086098,1
39.52,-1.37897958114532,-1.5140591418616,-1.22764588485968,-3.4363664432329,-0.585847490866712,-0.109783902353906,1
39.54,-1.38191777232751,-1.50977233469099,-1.24211216980968,-3.42664906189409,-0.588769536320374,-0.109228788882288,1
39.56,-1.3848694456445,-1.50559969200665,-1.25640872207514,-3.41698441579684,-0.591705131866513,-0.108675998529931,1
39.58,-1.38848373872419,-1.5013220885907,-1.27009829339909,-3.4081281554718,-0.595299928662129,-0.10800565420398,1
39.6,-1.39273405968214,-1.49694784996342,-1.28322088959815,-3.40002408726022,-0.599527586301535,-0.107226392911211,1
39.62,-1.39701693482404,-1.49267787143295,-1.29619746507226,-3.39195684425491,-0.603787907151438,-0.106450854723776,1
39.64,-1.40133243482107,-1.48851094290388,-1.3090317902632,-3.38392385789903,-0.608080961872109,-0.105679039903934,1
39.66,-1.40612449753718,-1.48434423397211,-1.32119988346137,-3.37661564612934,-0.61284842368843,-0.104833072161469,1
39.68,-1.41107447142578,-1.48025013890467,-1.33310030625448,-3.36951312973026,-0.617773334721105,-0.103971188363256,1
39.7,-1.41606830745873,-1.47625416642397,-1.34487343356338,-3.36243374762464,-0.62274223631577,-0.103113690526861,1
39.72,-1.42110610657319,-1.47235571191571,-1.35652190373691,-3.35537544662213,-0.627755229588088,-0.102260585576808,1
39.74,-1.42629657045843,-1.46853644295043,-1.36788497140643,-3.34853180867122,-0.632920492707704,-0.101393868847205,1
39.76,-1.43184837321903,-1.46476190784005,-1.37866250523554,-3.34226399320381,-0.638445731107924,-0.100480222510557,1
39.78,-1.43745360087902,-1.46108242865503,-1.38932597244824,-3.33600823327758,-0.644024538018068,-0.0995714829989281,1
39.8,-1.44311234980883,-1.45749783998554,-1.39987721878119,-3.32976281912696,-0.649657010159975,-0.0986676633283411,1
39.82,-1.44882469683957,-1.45400802330372,-1.41031799549836,-3.3235260893475,-0.655343224702584,-0.0977687760035217,1
39.84,-1.45485213090432,-1.45058697004163,-1.42017255593595,-3.31783151374325,-0.661343501725083,-0.0968346144234361,1
39.86,-1.46115100035427,-1.44723935313418,-1.42954067770762,-3.31256751797529,-0.667614436029029,-0.0958736532281099,1
39.88,-1.46751469897402,-1.44398596365163,-1.43880625088763,-3.307303776562,-0.673950360675325,-0.0949182025414134,1
39.9,-1.47394326043391,-1.44082704548069,-1.44797040137252,-3.30203887865609,-0.680351309894225,-0.0939682826664563,1
39.92,-1.48046709106495,-1.43776171435631,-1.45696806545156,-3.29684212453571,-0.686847563046968,-0.0930195263538554,1
39.94,-1.48729617758596,-1.43478242630391,-1.46535241693734,-3.29219055689124,-0.693648246888675,-0.0920423470790924,1
39.96,-1.49419668304353,-1.4318985617671,-1.47363991280043,-3.28753163868024,-0.700520521658169,-0.0910710519653687,1
39.98,-1.50116852429236,-1.42911056614331,-1.48183130147441,-3.28286413047011,-0.707464304855257,-0.0901056642924321,1
40,-1.50821157680288,-1.42641889829589,-1.48992728732365,-3.2781868252503,-0.714479472563055,-0.089146206178386,1
40.02,-1.51532567381895,-1.42382402874879,-1.49792853241955,-3.27349854853418,-0.721565858603986,-0.0881926985507401,1
40.04,-1.52273642316088,-1.42132846976568,-1.50529809650835,-3.26935571907311,-0.728948213068611,-0.0872156273965457,1
40.06,-1.53023223777078,-1.41893113137045,-1.51255410544752,-3.26521961387905,-0.73641578139097,-0.0862436383812292,1
40.08,-1.53775745608537,-1.41671723176275,-1.51892739773026,-3.26176892074082,-0.743913107756831,-0.08528381285903,1
40.1,-1.5446982346595,-1.41580402142708,-1.51401277004904,-3.26823600213355,-0.75082856128861,-0.0844122950813956,1
40.12,-1.54433297300115,-1.41694559663564,-1.50361947136754,-3.27745444234472,-0.75046462245688,-0.0844578184965495,1
40.14,-1.54200807972029,-1.4187047124987,-1.491684705206,-3.28741723049833,-0.748148177111128,-0.0847485416738079,1
40.16,-1.53922080189261,-1.42060364619669,-1.48004041848921,-3.29690539676129,-0.745371082617689,-0.0850989827212639,1
40.18,-1.53177099088694,-1.42304160117012,-1.47231568141861,-3.30149382754735,-0.737948793747124,-0.0860460881338143,1
40.2,-1.52439355047781,-1.42557867948614,-1.46449530884804,-3.30606949188661,-0.730599055309922,-0.08699935295115,1
40.22,-1.51708880539361,-1.42821443720949,-1.4565786594438,-3.31063351284815,-0.723322191520927,-0.0879587587811778,1
40.24,-1.5098570306661,-1.4309484371247,-1.44856505115538,-3.31518704971034,-0.716118476865808,-0.0889242858134719,1
40.26,-1.50274525647305,-1.43378327617284,-1.44034413143898,-3.3198427615252,-0.709034754793406,-0.0898895081066161,1
40.28,-1.49581729182426,-1.43672279375055,-1.43175934576844,-3.32476049510037,-0.702134567196208,-0.090845234668415,1
40.3,-1.48895889368389,-1.43975932550678,-1.4230740459083,-3.32967298513301,-0.695304118064888,-0.0918068461202401,1
40.32,-1.48217016684113,-1.44289255629304,-1.41428726127761,-3.33458155919448,-0.688543511613644,-0.0927743216326555,1
40.34,-1.47545117718099,-1.44612219134751,-1.40539796561361,-3.33948758186793,-0.681852813121158,-0.0937476392945426,1
40.36,-1.46905388823323,-1.44945381968068,-1.39585482067696,-3.34496603257297,-0.675482898518877,-0.0946893826666194,1
40.38,-1.46273792457489,-1.45288213573337,-1.38616508380335,-3.35048844356094,-0.66919439251334,-0.0956339597182673,1
40.4,-1.45648503212417,-1.45640665236358,-1.37636660643635,-3.3560154194199,-0.662969117973677,-0.0965840167744536,1
40.42,-1.45029516954179,-1.46002732682951,-1.36645788938753,-3.36154854082466,-0.656807033043597,-0.0975395350405855,1
40.44,-1.44422049687515,-1.46374309698649,-1.35633316222682,-3.36720124973038,-0.650760057186422,-0.0984922381285487,1
40.46,-1.43835476601455,-1.46755241203445,-1.34579599296145,-3.37318401688154,-0.644921492151937,-0.0994266430038885,1
40.48,-1.43254693923511,-1.47145867949029,-1.33514113877751,-3.37918010692707,-0.639140982704611,-0.10036622511969,1
40.5,-1.42679690069138,-1.47546214672574,-1.32436655540767,-3.38519135213395,-0.633418412542142,-0.101310967762057,1
40.52,-1.421104512806,-1.47956311580737,-1.31347008711108,-3.39121964239528,-0.627753643614216,-0.102260853666615,1
40.54,-1.41565183501307,-1.48375140142061,-1.3021068008858,-3.39764541710011,-0.622327830087545,-0.103184749130036,1
40.56,-1.41030068291859,-1.48803617125436,-1.29052163156384,-3.40419655715301,-0.617003441058653,-0.104105129792475,1
40.58,-1.40500121110617,-1.49242102537567,-1.27880379955638,-3.41077350806752,-0.611730873747413,-0.105030339425758,1
40.6,-1.39975324969395,-1.49690668670857,-1.26695035947037,-3.41737852289752,-0.606509957898015,-0.105960364214959,1
40.62,-1.39484586750507,-1.50146177249443,-1.25447584724657,-3.42457168626614,-0.60162823793721,-0.106842786265992,1
40.64,-1.39004521718785,-1.50611449325617,-1.24174936777873,-3.43192252162797,-0.596853048250085,-0.107718243591327,1
40.66,-1.38528764391827,-1.51087327701327,-1.22887123089671,-3.43931299382987,-0.592121063604076,-0.108598068896195,1
40.68,-1.38222884109329,-1.51521318752887,-1.21468430466648,-3.44868470748961,-0.58907890401989,-0.109170302983904,0
40.7,-1.38003947075806,-1.51939915253194,-1.19972081196274,-3.45911876865973,-0.5869015398527,-0.109583094722991,0
40.72,-1.37785606447662,-1.52370809799547,-1.18456727324559,-3.46961808502602,-0.584730185798104,-0.109997462564941,0
40.74,-1.37567863176739,-1.52814284848846,-1.16921671647335,-3.48018679796446,-0.582564851563944,-0.110413412880329,0
40.76,-1.37350718205438,-1.53270646013137,-1.15366168942853,-3.49082929748594,-0.580405546762931,-0.110830952032941,0
40.78,-1.37134172442301,-1.53740224146002,-1.13789421498057,-3.50155024608117,-0.578252280669921,-0.111250086411062,0
40.8,-1.36918226762153,-1.54223377722836,-1.12190574008279,-3.51235460592065,-0.57610506222337,-0.111670822427708,0
40.82,-1.36746505521807,-1.54697331837098,-1.10579310564956,-3.52344530489739,-0.574397639889493,-0.112007384409679,1
40.84,-1.36677555169538,-1.55131168445075,-1.08969271854909,-3.53509342979299,-0.573712081912153,-0.112143022511742,1
40.86,-1.36892897573679,-1.54899191412932,-1.09493123732407,-3.5325294311612,-0.5758532111439,-0.111720354594309,1
40.88,-1.37251677324054,-1.54342597828436,-1.11067714864042,-3.5229342489029,-0.579420703970395,-0.111022307971459,1
40.9,-1.37612764261027,-1.5379961731314,-1.12619854999111,-3.51342344144086,-0.583011361047711,-0.110327415845952,1
40.92,-1.37971697215164,-1.53271025544813,-1.14154009674549,-3.50393755537105,-0.586580816439976,-0.109644128208618,1
40.94,-1.38331393149756,-1.52755756387786,-1.1566851110356,-3.4945087401686,-0.590158072995368,-0.108966711835444,1
40.96,-1.38693315100772,-1.52253128424882,-1.1716292651713,-3.48515047091034,-0.593757679647666,-0.108292367713617,1
40.98,-1.3907340752697,-1.51759021656541,-1.18624505816144,-3.47605561037984,-0.597538230919851,-0.107591867423241,1
41,-1.39471902070636,-1.5127308598904,-1.20054320422375,-3.46721629999662,-0.601502059306835,-0.106865761413946,1
41.02,-1.39873139399663,-1.50798845292688,-1.21466396500007,-3.45843296895919,-0.605493415866865,-0.106143082679897,1
41.04,-1.4030209189261,-1.50331306802297,-1.22835396971735,-3.45004513601995,-0.609760739446495,-0.105379645948256,1
41.06,-1.40753325554423,-1.49871268973733,-1.24168527885957,-3.44196334898517,-0.614250013123191,-0.104586556014559,1
41.08,-1.41208094230559,-1.49422147660919,-1.25485985248385,-3.43392385946064,-0.618774752197713,-0.103797403708003,1
41.1,-1.41663645994332,-1.48984254604424,-1.2679127918425,-3.42588462761227,-0.623307573915135,-0.103016884429731,1
41.12,-1.42120799338102,-1.48557324217978,-1.28083789260523,-3.41785579264222,-0.627856618259122,-0.102243453672805,1
41.14,-1.42581415932678,-1.48140924364534,-1.29361795658716,-3.40986147597074,-0.632440408755171,-0.101473907506493,1
41.16,-1.42168235928541,-1.48432184567117,-1.28643005090343,-3.41357951994441,-0.628328666767831,-0.10216375384825,1
41.18,-1.41595314807961,-1.48865084541191,-1.27536675435232,-3.41952779368897,-0.622627648030212,-0.103133330899661,1
41.2,-1.41082514103917,-1.49306310362981,-1.2631592358853,-3.42660607648298,-0.617525258408086,-0.104014315302431,1
41.22,-1.40574366598556,-1.49757934815989,-1.2508089142956,-3.43371684249679,-0.612469534948041,-0.104899882030108,1
41.24,-1.40072712774929,-1.50219864513973,-1.23828421062987,-3.4408953369832,-0.607478786282207,-0.105786722206343,1
41.26,-1.39598122737542,-1.50690055314099,-1.22526393039789,-3.44851398247542,-0.602757628220293,-0.1066375187905,1
41.28,-1.39127623894041,-1.5117116208056,-1.21208532059658,-3.45617600989622,-0.59807750708327,-0.107492582382669,1
41.3,-1.3866120385888,-1.51663342356681,-1.19874380229218,-3.46388444013548,-0.593438298873367,-0.108351907289471,1
41.32,-1.38226212465982,-1.521626100529,-1.18486375063358,-3.47209754886007,-0.589112005669981,-0.109164048411007,1
41.34,-1.37798568495026,-1.52672948053911,-1.17075283286191,-3.48043171769615,-0.584859088564568,-0.10997278735902,1
41.36,-1.37448262521442,-1.53173248025979,-1.15591399397982,-3.4897080552203,-0.581375524370733,-0.110643048657246,1
41.38,-1.37181348355989,-1.53662112776074,-1.14026991639706,-3.50003230940556,-0.578721376936043,-0.111158539931578,1
41.4,-1.36915897447763,-1.54164186613386,-1.12440789705169,-3.51044054152537,-0.576081901531438,-0.111675375891824,1
41.42,-1.36745311417711,-1.54637682436131,-1.10823858912883,-3.52159434542159,-0.574385767107399,-0.112009730987762,1
41.44,-1.36575010302333,-1.55125557537143,-1.09183045223956,-3.53284187443268,-0.572692516717414,-0.112345280400708,1
41.46,-1.36404994845505,-1.55628265037543,-1.07517295597014,-3.54418912236903,-0.571002157959572,-0.112682029517725,1
41.48,-1.36316027479471,-1.55793248616972,-1.07038754288112,-3.54717580014485,-0.570117630979141,-0.112858954105469,1
41.5,-1.36369094719833,-1.55352855008691,-1.08667428547743,-3.53538186875311,-0.57064523177992,-0.112753363469816,1
41.52,-1.36422097698036,-1.54927278734558,-1.10271501398317,-3.52368549477722,-0.571172198729536,-0.11264807382685,1
41.54,-1.36544329984337,-1.54476454022407,-1.11878062217802,-3.5123317719531,-0.57238747743833,-0.11240591813343,1
41.56,-1.36714974228705,-1.54012138624035,-1.13479654066153,-3.50124175305559,-0.574084130232364,-0.112069376616018,1
41.58,-1.36949656005217,-1.53536199079662,-1.1503650275168,-3.49081859560684,-0.576417568415111,-0.111609414749452,1
41.6,-1.37325124347587,-1.53017892315932,-1.16523827395384,-3.4817389407607,-0.58015104493174,-0.110880346605248,1
41.62,-1.37703175771468,-1.52511896443427,-1.17991732779495,-3.472726091483,-0.583910449779541,-0.110154607465329,1
41.64,-1.38101806155645,-1.52014298747888,-1.19419754969531,-3.46405205541146,-0.587874754488511,-0.109398254417492,1
41.66,-1.38565658120243,-1.51515671348733,-1.20757899411295,-3.45637876676913,-0.592488003667514,-0.1085293987381,1
41.68,-1.3903362541405,-1.51028137097123,-1.22079617587903,-3.44875301886935,-0.597142531464826,-0.107664819634484,1
41.7,-1.39535423779454,-1.50548427200433,-1.23338243675401,-3.44171842552431,-0.602133932844126,-0.106750792035897,1
41.72,-1.40043726499871,-1.50079129288488,-1.24579154540329,-3.43475295589962,-0.607190425027698,-0.105838353979328,1
41.74,-1.40556876079134,-1.49620300734862,-1.25805427234918,-3.4278226974584,-0.612295522736371,-0.104930590067999,1
41.76,-1.41083800612988,-1.49171273614394,-1.27001931000682,-3.42109818473767,-0.61753805876893,-0.104012089296382,1
41.78,-1.41620723219061,-1.48732150722486,-1.28176207665264,-3.41449700174618,-0.622880472341242,-0.103090005457588,1
41.8,-1.42162852552006,-1.48303149978523,-1.29337045194188,-3.40792215146876,-0.628275095841523,-0.102172793530215,1
41.82,-1.42710202150734,-1.47884203346476,-1.30484729640935,-3.40137142426324,-0.633722065011101,-0.101260466560137,1
41.84,-1.43274628240075,-1.4747473441731,-1.31598587966083,-3.39507277720066,-0.639339381205551,-0.100333733852336,1
41.86,-1.43845328946171,-1.47075129406151,-1.32698640340627,-3.38880736186942,-0.645019555825088,-0.0994108287293657,1
41.88,-1.4442157091101,-1.4668537985226,-1.33786452442855,-3.38255858385396,-0.650755291424221,-0.0984929949296264,1
41.9,-1.45014660885601,-1.46305278782236,-1.34841122067167,-3.37655143734597,-0.656659144500391,-0.0975626554982294,1
41.92,-1.45623831340361,-1.45934775616163,-1.35865194201878,-3.37075918726578,-0.66272349800465,-0.0966218131585979,1
41.94,-1.46249330419863,-1.45575471497221,-1.36849180413006,-3.36526021097734,-0.668950844375889,-0.095670845389479,1
41.96,-1.46513202288646,-1.45486956440941,-1.36893540737112,-3.36601262831813,-0.671578031638671,-0.0952741544587177,1
41.98,-1.45993788663859,-1.4583935433516,-1.3573368532934,-3.37347268161672,-0.666406667656226,-0.0960575340669451,1
42,-1.45478075152055,-1.46201740218439,-1.34561886208911,-3.38094611152838,-0.661272441486405,-0.0968455926416042,1
42.02,-1.44936837879659,-1.46577165949033,-1.3341552237364,-3.38799249086865,-0.655884439666173,-0.097683916446301,1
42.04,-1.44400180147666,-1.46962595463139,-1.32256604956179,-3.39505798961096,-0.650542367118742,-0.0985268183487537,1
42.06,-1.43868100585374,-1.47358087453294,-1.31084873836988,-3.40214463912445,-0.645246210004996,-0.0993742930903923,1
42.08,-1.43350272777631,-1.47762764675531,-1.29886787461961,-3.40940926797079,-0.640092246464093,-0.100210597153848,1
42.1,-1.42847528366922,-1.48176645338962,-1.28660316436852,-3.41687378725239,-0.63508873358648,-0.101033690621027,1
42.12,-1.42348935507689,-1.48600894245658,-1.27419908762322,-3.42436807639301,-0.630126862505491,-0.101861100509667,1
42.14,-1.41867300955817,-1.49033992673884,-1.26149034598987,-3.43209022517159,-0.625334069890413,-0.102671128978667,1
42.16,-1.41401329554509,-1.49476255799523,-1.24848259415954,-3.44003052956198,-0.620697443084999,-0.103465115647781,1
42.18,-1.40939012611082,-1.49929348082635,-1.23532120921116,-3.44801077057075,-0.616097478384342,-0.10426311829837,1
42.2,-1.40495259236506,-1.50391048047733,-1.22183150218077,-3.45624934878021,-0.611682503710016,-0.105038891772217,1
42.22,-1.40065177359181,-1.50862343815175,-1.20805766898206,-3.46468606771426,-0.607403822340932,-0.105800140476224,1
42.24,-1.39638265073027,-1.51345103843453,-1.19411265565149,-3.47317441680047,-0.603156945637748,-0.106565104541387,1
42.26,-1.39235131242998,-1.51835541173591,-1.17978204648457,-3.48199775230215,-0.599146868375524,-0.107296170821246,1
42.28,-1.38841850089509,-1.52336643928626,-1.16519331819131,-3.49097881371873,-0.595235040899183,-0.108017690780883,1
42.3,-1.38452603546557,-1.52849748992205,-1.15039994771267,-3.50004221242084,-0.591363584994177,-0.108740063971605,1
42.32,-1.38097376055517,-1.53368113280053,-1.13513566466873,-3.50956884174814,-0.587830696526898,-0.10940661048525,1
42.34,-1.37744291758652,-1.53899604752208,-1.11965894838198,-3.51917281559909,-0.584319328368273,-0.110076175732248,1
42.36,-1.37416234722333,-1.54438000792147,-1.10381067538407,-3.52911233175368,-0.581057039158982,-0.110704683829389,1
42.38,-1.37109290062062,-1.54984876635702,-1.08760029692034,-3.53935715667777,-0.578004862913894,-0.111298424570379,1
42.4,-1.36963674075395,-1.55446095592072,-1.07219426729444,-3.54991333725375,-0.576556952974119,-0.111582044726854,0
42.42,-1.37197895173735,-1.55683957862843,-1.05905317538336,-3.56105745307175,-0.578885912027806,-0.111126461386714,0
42.44,-1.37433963109324,-1.55935267911482,-1.0457046016109,-3.57227425669149,-0.581233330454684,-0.110670559421729,0
42.46,-1.37671892612556,-1.56200344490421,-1.03214134764767,-3.58356774425065,-0.583599355806017,-0.110214347357169,0
42.48,-1.37911698387275,-1.56479530855296,-1.01835568853481,-3.59494219323201,-0.585984135373744,-0.10975783393825,0
42.5,-1.38153395158483,-1.56773197296081,-1.00433931944616,-3.60640219047738,-0.588387816664923,-0.109301028031623,0
42.52,-1.38396997668534,-1.57081743924671,-0.990083296363199,-3.617952663637,-0.590810547363627,-0.108843938625534,0
42.54,-1.3864252067319,-1.57405603841229,-0.975577968644128,-3.62959891693741,-0.593252475291525,-0.108386574829939,0
42.56,-1.38895546967004,-1.56807407746358,-0.992817783536954,-3.61872867209005,-0.595769130299682,-0.107918687073238,1
42.58,-1.39149622687745,-1.5619715620482,-1.0107632837528,-3.6072713590585,-0.598296324694621,-0.107452341250671,1
42.6,-1.39404550134753,-1.55604367167747,-1.02839870535349,-3.59594726667044,-0.600832091857182,-0.10698789469555,1
42.62,-1.39660327967793,-1.55028361175425,-1.04573936697467,-3.58474787757542,-0.603376418169814,-0.106525340172089,1
42.64,-1.39916954777063,-1.54468518570059,-1.06279932212613,-3.57366534152012,-0.605929289320077,-0.10606467046777,1
42.66,-1.40174429085551,-1.53924272891977,-1.07959150072977,-3.56269239985289,-0.608490690324004,-0.105605878387929,1
42.68,-1.40432749348684,-1.53395105287387,-1.09612782877077,-3.5518223217955,-0.611060605522608,-0.105148956755459,1
42.7,-1.40691913953994,-1.52880539662621,-1.11241933199027,-3.54104884920843,-0.613639018578502,-0.104693898410511,1
42.72,-1.4095192122079,-1.52380138466824,-1.12847622614361,-3.5303661485061,-0.616225912472634,-0.104240696210215,1
42.74,-1.41294534385037,-1.51875156198128,-1.14384018360336,-3.52053466909432,-0.619634825018535,-0.103648539487495,1
42.76,-1.41699934618108,-1.5136954599848,-1.15865177227775,-3.51134286611193,-0.623668664571441,-0.102955132776575,1
42.78,-1.42107936962694,-1.50876480420244,-1.17326762703802,-3.50221699179884,-0.627728623385131,-0.10226508201709,1
42.8,-1.42518541444756,-1.50395693450381,-1.18769445567531,-3.49315299846681,-0.631814701569337,-0.101578382527196,1
42.82,-1.42931747548881,-1.49926939466055,-1.20193854208849,-3.48414705859978,-0.635926893818168,-0.100895029525254,1
42.84,-1.43347554236215,-1.49469991633571,-1.21600578058955,-3.47519554658717,-0.640065189587889,-0.100215018104926,1
42.86,-1.4376595993605,-1.49024640455443,-1.22990170687945,-3.46629502228275,-0.644229573012701,-0.0995383432321768,1
42.88,-1.44186962537602,-1.48590692464412,-1.24363152587578,-3.45744221624231,-0.648420022822429,-0.0988649997423324,1
42.9,-1.44610559381992,-1.48167969046566,-1.2572001367731,-3.44863401643752,-0.652636512262268,-0.0981949823371733,1
42.92,-1.45092221031059,-1.47751499232853,-1.27000413434003,-3.44059181760179,-0.657431239696334,-0.0974420462563119,1
42.94,-1.45632100277857,-1.47341002467246,-1.28207037668737,-3.43328847209364,-0.662805819048597,-0.0966091427277335,1
42.96,-1.46176481772919,-1.46940995106094,-1.29399892783487,-3.42601154912583,-0.668225554990127,-0.0957808266485906,1
42.98,-1.46725362575979,-1.46551394391575,-1.30579285448562,-3.418758795436,-0.673690418193833,-0.0949571013698008,1
43,-1.4727873810937,-1.46172125458263,-1.31745505971846,-3.41152804317026,-0.679200362947014,-0.0941379697876528,1
43.02,-1.47836602152913,-1.45803120845385,-1.32898829289173,-3.40431720488921,-0.684755327098587,-0.0933234343308699,1
43.04,-1.48398946813406,-1.45444320035179,-1.34039515886064,-3.39712426898923,-0.690355231753584,-0.0925134969481618,1
43.06,-1.4896576249533,-1.4509566902453,-1.35167812646128,-3.38994729552406,-0.695999980979939,-0.091708159096027,1
43.08,-1.49537037872884,-1.44757119926621,-1.36283953633114,-3.38278441238915,-0.701689461528385,-0.0909074217268369,1
43.1,-1.50113587753,-1.44428655696834,-1.37386841781357,-3.37564761545027,-0.70743178841288,-0.0901101481327623,1
43.12,-1.50788447672153,-1.44113004516095,-1.38330372532309,-3.3700658337522,-0.714153657500921,-0.089190421668773,1
43.14,-1.51469655786158,-1.43807317588952,-1.39263096137818,-3.36448411552578,-0.720939175111161,-0.0882763984596221,1
43.16,-1.52157189784861,-1.43511603856348,-1.40185143108395,-3.35890103837345,-0.72778811845862,-0.087368090396528,1
43.18,-1.52851023692599,-1.43225874803765,-1.41096637106994,-3.35331522465827,-0.734700228074078,-0.0864655082573468,1
43.2,-1.53551127860692,-1.42950144245647,-1.41997695260493,-3.34772534059853,-0.74167520772622,-0.0855686617045091,1
43.22,-1.54257468916625,-1.42684428109477,-1.42888428458615,-3.34213009548713,-0.748712723912615,-0.0846775592571856,1
43.24,-1.54970009718378,-1.42428744227535,-1.43768941634683,-3.33652824101394,-0.755812405402278,-0.0837922082646149,1
43.26,-1.55688709314175,-1.42183112135806,-1.44639334029592,-3.33091857068244,-0.762973842832352,-0.0829126148806949,1
43.28,-1.56418079514616,-1.41948041416198,-1.45491076672749,-3.32538517495322,-0.770241996010454,-0.0820333318813123,1
43.3,-1.5717305760902,-1.41725152885969,-1.46296532498555,-3.32020052706435,-0.77776573190796,-0.081136947255347,1
43.32,-1.57934542619012,-1.41512427267623,-1.47092247739094,-3.31500261435777,-0.785354713196604,-0.0802466045771583,1
43.34,-1.58702473668949,-1.41309895204954,-1.47878290302336,-3.30979043567147,-0.793008331224013,-0.0793623082762345,1
43.36,-1.59476785327563,-1.41117587640549,-1.48654724012494,-3.30456303013558,-0.800725931738799,-0.0784840612717604,1
43.38,-1.60257407611907,-1.40935535651154,-1.49421608776039,-3.29931947719753,-0.808506814929055,-0.0776118649597189,1
43.4,-1.61044265988573,-1.40763770286626,-1.50179000738643,-3.29405889669896,-0.816350235433942,-0.0767457191938233,1
43.42,-1.6183728138361,-1.40602322413373,-1.50926952434615,-3.28878044897921,-0.824255402442368,-0.0758856222687356,1
43.44,-1.62636370201277,-1.40451222562241,-1.5166551292932,-3.28348333500063,-0.832221479880145,-0.0750315709056619,1
43.46,-1.63441444351781,-1.40310500780798,-1.52394727955119,-3.27816679649077,-0.840247586686984,-0.0741835602403731,1
43.48,-1.64252411288061,-1.40180186490023,-1.53114640041233,-3.27283011609717,-0.848332797184043,-0.0733415838137247,1
43.5,-1.65069174051672,-1.40060308345363,-1.53825288637984,-3.26747261755049,-0.856476141532612,-0.0725056335647192,1
43.52,-1.65706403201119,-1.39940356066677,-1.54728763430875,-3.26005775989354,-0.862829724832806,-0.0718615932893003,1
43.54,-1.66233114964184,-1.39823937416472,-1.55745974547198,-3.25139153526755,-0.868081532132104,-0.0713345187798992,1
43.56,-1.66761566338158,-1.39717365384699,-1.56753651872729,-3.24271816563568,-0.873350821439355,-0.0708103947034062,1
43.58,-1.67291725927481,-1.39620645772371,-1.57751897956556,-3.23403658410842,-0.878637278379544,-0.0702892067559825,1
43.6,-1.67823561912355,-1.39533786923672,-1.58740809637959,-3.22534575575872,-0.883940584329552,-0.0697709404826926,1
43.62,-1.68357042025274,-1.39456799578336,-1.59720478279855,-3.21664467675228,-0.889260416185049,-0.0692555812831804,1
43.64,-1.68892133563709,-1.39389696742474,-1.60690989973846,-3.20793237358488,-0.894596446487436,-0.0687431144144817,1
43.66,-1.69428803403114,-1.39332493563731,-1.61652425733095,-3.19920790239788,-0.899948343554002,-0.0682335249939421,1
43.68,-1.70198803511106,-1.39293044590893,-1.62392976544999,-3.19264455722699,-0.907627326449982,-0.0675098875775057,1
43.7,-1.70984716390847,-1.39264447856869,-1.63113699911254,-3.18617024960222,-0.91546526150111,-0.0667801935609968,1
43.72,-1.71774564012605,-1.3924633449473,-1.63825532305155,-3.1796723483629,-0.923342693952436,-0.0660556515381435,1
43.74,-1.72568241983506,-1.39238725446503,-1.64528492550582,-3.17315048407132,-0.931258579214116,-0.0653362391942117,1
43.76,-1.73365643591478,-1.39241640513396,-1.65222597020828,-3.16660432492871,-0.939211849475469,-0.0646219332006895,1
43.78,-1.74166659903702,-1.39255098260691,-1.65907859725473,-3.16003357683447,-0.947201414689737,-0.0639127092326099,1
43.8,-1.74971179863039,-1.39279115923466,-1.66584292393464,-3.15343798347243,-0.955226163538871,-0.0632085419860908,1
43.82,-1.75779090388003,-1.39313709315065,-1.67251904553703,-3.14681732639224,-0.963284964433735,-0.0625094051971281,1
43.84,-1.76189310636183,-1.39335187851657,-1.67634755426911,-3.14297436824659,-0.967376944407217,-0.062157411211975,1
43.86,-1.75288799097405,-1.3928968628291,-1.67104009995757,-3.14829400061549,-0.958394346058897,-0.0629327421961808,1
43.88,-1.74392747222489,-1.39255008176508,-1.66564393173689,-3.15358499483867,-0.949456517049401,-0.0637140071515156,1
43.9,-1.73501310123233,-1.39231143989219,-1.66015909796602,-3.15884736066714,-0.940565009296169,-0.0645012333000069,1
43.92,-1.72614639337045,-1.39218081249568,-1.65458563273873,-3.164081154116,-0.931721338932626,-0.0652944462470623,1
43.94,-1.71732882797346,-1.39215804702298,-1.64892355631521,-3.16928647564636,-0.922926986004841,-0.0660936699485094,1
43.96,-1.70856184674789,-1.39224296388819,-1.64317287446969,-3.17446347004834,-0.914183392883068,-0.0668989266867188,1
43.98,-1.69984685226698,-1.39243535732879,-1.63733357782449,-3.17961232628074,-0.905491962755514,-0.0677102370495088,1
44,-1.69373044859071,-1.39279554878292,-1.62884358554765,-3.18738516192369,-0.899392290052734,-0.0682862678640005,1
44.02,-1.68887025444264,-1.39328510701741,-1.61901878763131,-3.19643229735494,-0.894545506785142,-0.0687479857516212,1
44.04,-1.68402203197785,-1.39387301009597,-1.60910412670433,-3.20546766661273,-0.889710766652549,-0.0692121586533371,1
44.06,-1.6791860295307,-1.39455908926486,-1.59909876099665,-3.214492264694,-0.88488831837382,-0.0696787996372439,1
44.08,-1.67436249325323,-1.39534319991789,-1.58900179658789,-3.22350711475914,-0.880078408482315,-0.0701479216976006,1
44.1,-1.6695516667248,-1.39622522269527,-1.57881228563615,-3.23251326879961,-0.875281280936725,-0.070619537759604,1
44.12,-1.664753790872,-1.39720506475267,-1.56852922429406,-3.24151180845547,-0.870497177041045,-0.0710936606775585,1
44.14,-1.65996910389029,-1.39828266107956,-1.55815155048897,-3.25050384591957,-0.865726335366079,-0.0715703032330954,1
44.16,-1.6523896429931,-1.39934361654436,-1.55047475062083,-3.25662298142802,-0.858169039112834,-0.0723333381462276,1
44.18,-1.64433971075308,-1.40048713019657,-1.54322543175578,-3.26218924879215,-0.850142967060799,-0.073154727017463,1
44.2,-1.63634530196058,-1.40173470992918,-1.53588388698312,-3.26773484532731,-0.842172589623124,-0.0739819908715723,1
44.22,-1.62840735508954,-1.40308607171287,-1.52844971998239,-3.27326044465624,-0.834258845562409,-0.0748151390372285,1
44.24,-1.62052676742169,-1.40454092512308,-1.5209225029841,-3.27876676070299,-0.826402632407447,-0.0756541793455396,1
44.26,-1.61270439489023,-1.40609897478387,-1.51330177560097,-3.28425454740757,-0.818604806295851,-0.0764991181430289,1
44.28,-1.60494105170345,-1.40775992177271,-1.50558704352564,-3.28972459860707,-0.81086618159786,-0.0773499602988384,1
44.3,-1.59723751005006,-1.40952346506681,-1.49777777716721,-3.29517774793262,-0.803187530621951,-0.0782067092141912,1
44.32,-1.58959449988562,-1.41138930303139,-1.48987341022201,-3.30061486872672,-0.795569583401615,-0.0790693668340737,1
44.34,-1.58201270879918,-1.41335713495048,-1.48187333817354,-3.30603687398512,-0.788013027562398,-0.0799379336610758,1
44.36,-1.57449278195889,-1.4154266626011,-1.47377691671626,-3.31144471632833,-0.780518508267978,-0.0808124087713364,1
44.38,-1.56703532213521,-1.41759759187155,-1.46558346009746,-3.31683938800745,-0.773086628243888,-0.0816927898325122,1
44.4,-1.55971095410442,-1.41987611400406,-1.45716180467362,-3.32235197554822,-0.765787766323379,-0.0825706117365994,1
44.42,-1.55246276925223,-1.42225667909993,-1.44861465105623,-3.3278806436755,-0.758565207045393,-0.08345252168423,1
44.44,-1.54527682675937,-1.42473771160031,-1.43996764322873,-3.3334001142852,-0.751405059261435,-0.0843402283596049,1
44.46,-1.53815355375271,-1.42731897873444,-1.43121986625547,-3.33891155410808,-0.744307749937399,-0.0852337253938553,1
44.48,-1.53109333821948,-1.43000026239261,-1.42237035183175,-3.34441617056732,-0.737273666864207,-0.0861330051882853,1
44.5,-1.5240965294001,-1.43278136106003,-1.41341807586277,-3.34991521221929,-0.730303159051466,-0.0870380589397877,1
44.52,-1.51716343824621,-1.43566209181504,-1.40436195589363,-3.35540996927666,-0.723396537186236,-0.0879488766681559,1
44.54,-1.51029433793263,-1.43864229239522,-1.39520084837747,-3.36090177422364,-0.71655407414589,-0.0888654472446288,1
44.56,-1.50348946442067,-1.44172182333658,-1.38593354576816,-3.36639200253173,-0.709776005562217,-0.0897877584215656,1
44.58,-1.49684482161883,-1.44490336951616,-1.3764000903782,-3.37204809784407,-0.703157948623128,-0.0907025034981558,1
44.6,-1.49100434516145,-1.44820637102056,-1.36551226009093,-3.37900901164907,-0.697341186264476,-0.0915184149553127,1
44.62,-1.48521069627412,-1.45160947234708,-1.35450643746676,-3.38598114803564,-0.691571389623093,-0.0923390563100142,1
44.64,-1.47946399118139,-1.45511303767716,-1.34338049567971,-3.39296628216428,-0.685848674878753,-0.0931644252605452,1
44.66,-1.47376432753632,-1.45871748602323,-1.33213219212014,-3.39996625103167,-0.680173139622413,-0.0939945189751707,1
44.68,-1.46811178434856,-1.46242329471397,-1.32075916164145,-3.40698295671232,-0.674544862786308,-0.0948293340831182,1
44.7,-1.46250642231924,-1.46623100319395,-1.30925890919845,-3.41401836989553,-0.668963904979213,-0.0956688666885739,1
44.72,-1.4569482841896,-1.47014121710015,-1.29762880186988,-3.42107453376105,-0.663430308835512,-0.0965131123849562,1
44.74,-1.45202067688898,-1.47410543314751,-1.28519597364996,-3.4289443661372,-0.658524752450537,-0.0972716424735722,1
44.76,-1.44762215694558,-1.47813422919737,-1.27204812780414,-3.43752053275369,-0.654146153803393,-0.0979568971554916,1
44.78,-1.44325149091762,-1.48227151887211,-1.25874951484811,-3.44613440526381,-0.64979551008328,-0.0986456085366926,1
44.8,-1.4389087100183,-1.48651876338499,-1.24529589010804,-3.45478876712091,-0.64547285265558,-0.0993377813838183,1
44.82,-1.43459383932443,-1.49087754855747,-1.23168275389087,-3.46348653246729,-0.641178206743751,-0.100033420298504,1
44.84,-1.43030689765939,-1.4953495939776,-1.21790533198507,-3.4722307564589,-0.63691159131348,-0.100732529725126,1
44.86,-1.42604789769094,-1.49993676322514,-1.20395855393757,-3.48102464675676,-0.632673019170527,-0.101435113954345,1
44.88,-1.42181684603132,-1.50464107517868,-1.18983702900891,-3.48987157625813,-0.628462497060996,-0.102141177126707,1
44.9,-1.41761374333965,-1.50946471654953,-1.1755350194974,-3.49877509723178,-0.62428002577383,-0.102850723236281,1
44.92,-1.41343858442647,-1.51441005581041,-1.16104641107359,-3.5077389570481,-0.620125600245419,-0.103563756134358,1
44.94,-1.41018936177895,-1.51929766594653,-1.14574257040283,-3.51769838706896,-0.616892680948667,-0.104124423069945,1
44.96,-1.40717881488535,-1.52427164358393,-1.1300713761692,-3.52796768150184,-0.613897373371003,-0.104648486573514,1
44.98,-1.40418081380024,-1.52938158778918,-1.11417864545442,-3.53831979273516,-0.610914677704579,-0.105174811879605,1
45,-1.40119537333288,-1.53463137971359,-1.09805518752867,-3.54876002421365,-0.607944608979016,-0.10570340633765,1
45.02,-1.39822250702238,-1.54002523527867,-1.08169110979623,-3.55929404651253,-0.604987180953337,-0.10623427728584,1
45.04,-1.39526222707072,-1.54556774004772,-1.06507574313724,-3.56992793711556,-0.602042406049482,-0.106767432060075,1
45.06,-1.39231454435506,-1.5512638891674,-1.04819755644073,-3.58066822593944,-0.599110295364599,-0.107302877994487,1
45.08,-1.3893794684402,-1.55711913318677,-1.03104405857238,-3.59152194754606,-0.596190858683545,-0.107840622422001,1
45.1,-1.38645700759142,-1.56313943084409,-1.01360168544621,-3.60249670128315,-0.593284104491722,-0.108380672674877,1
45.12,-1.38240643077327,-1.56307801917394,-1.01965044300724,-3.59588147763422,-0.589255523267412,-0.109136937593716,1
45.14,-1.37821595116576,-1.5621204814342,-1.02939942604745,-3.58643065012138,-0.585088080491507,-0.109928976249875,1
45.16,-1.37797669586399,-1.55852331308262,-1.04297401927737,-3.57641528890083,-0.584850148765113,-0.109974481843597,1
45.18,-1.38117200166295,-1.55266541201284,-1.05978705191105,-3.56596428203408,-0.588027850315174,-0.109369226660608,1
45.2,-1.38438385339576,-1.5469609744232,-1.07633686308369,-3.55561977512915,-0.591222174945569,-0.108766608015283,1
45.22,-1.38761225795157,-1.54140499699677,-1.09263501403481,-3.5453751979465,-0.594433129816216,-0.108166635508817,1
45.24,-1.39085721951157,-1.53599289705539,-1.10869218297326,-3.5352244592465,-0.597660718905808,-0.107569302492344,1
45.26,-1.3941187402378,-1.53072046263579,-1.12451826911616,-3.5251618761219,-0.60090494417334,-0.106974602293746,1
45.28,-1.39739682024413,-1.5255838173505,-1.14012246786676,-3.51518213396096,-0.60416580552904,-0.106382528216432,1
45.3,-1.40069145756785,-1.52057938952246,-1.15551333685542,-3.50528025127381,-0.607443300805957,-0.105793073538315,1
45.32,-1.40400264814172,-1.51570388497533,-1.17069885416429,-3.49545154867921,-0.610737425731938,-0.105206231510805,1
45.34,-1.40733038576638,-1.51095426296518,-1.18568646983559,-3.48569162146633,-0.614048173902065,-0.104621995357823,1
45.36,-1.41112965654112,-1.50624450977053,-1.20007802979456,-3.47654881304394,-0.617828242386947,-0.103961646934084,1
45.38,-1.41584716759727,-1.50148895793856,-1.21350526172815,-3.46853648570416,-0.622522193283093,-0.103151411185577,1
45.4,-1.42060267864058,-1.49684599623891,-1.22676849850708,-3.46056998731961,-0.627254265024444,-0.102345305304724,1
45.42,-1.42539623937937,-1.49231400397325,-1.23987238550592,-3.45264628203108,-0.632024507349818,-0.101543331062803,1
45.44,-1.43022788914443,-1.48789149051007,-1.25282130047071,-3.44476247191871,-0.636832959615435,-0.100745489989568,1
45.46,-1.43509765705135,-1.48357708645052,-1.26561937226901,-3.43691578712761,-0.641679650954752,-0.099951783346381,1
45.48,-1.44000556176072,-1.47936953535454,-1.27827049825088,-3.42910357679608,-0.646564600038502,-0.0991622121175903,1
45.5,-1.44495161124248,-1.47526768619449,-1.29077836003821,-3.4213233008277,-0.651487814838736,-0.0983767770019702,1
45.52,-1.44993580254468,-1.47127048645693,-1.30314643791228,-3.41357252241727,-0.656449292397344,-0.097595478404231,1
45.54,-1.45498679556258,-1.46737558895894,-1.31533726936289,-3.40589452131379,-0.661477564441529,-0.0968139080644949,1
45.56,-1.46087545789449,-1.46354418371002,-1.32627486939645,-3.39949573211412,-0.667340106250045,-0.0959153697757825,1
45.58,-1.46681882471785,-1.45981300412404,-1.33709002229861,-3.39311188459708,-0.673257501955591,-0.0950219413894087,1
45.6,-1.47281688009939,-1.45618170810136,-1.34778489899971,-3.38674112448728,-0.679229735898731,-0.0941336332588934,1
45.62,-1.47886958446605,-1.45265000639808,-1.3583615581928,-3.38038165790563,-0.68525676876342,-0.0932504550721167,1
45.64,-1.48497687445493,-1.44921765941385,-1.36882195227148,-3.37403174868923,-0.691338537424566,-0.0923724158423131,1
45.66,-1.49113866240067,-1.44588447405723,-1.37916793298565,-3.36768971590792,-0.697474954434766,-0.0914995238866457,1
45.68,-1.49735483584337,-1.44265030078701,-1.389401256692,-3.3613539316094,-0.703665907531635,-0.0906317868051734,1
45.7,-1.50362525705888,-1.43951503081318,-1.39952358923462,-3.35502281877402,-0.709911259167511,-0.089769211460255,1
45.72,-1.51013859395106,-1.43648836901063,-1.40918752104499,-3.34905322742063,-0.716398938967675,-0.0888863953958436,1
45.74,-1.51720355785455,-1.4335858378334,-1.41784447161652,-3.34400768875896,-0.72343650243446,-0.0879435651825171,1
45.76,-1.52433714292895,-1.43078239672769,-1.42639952275474,-3.33895608746127,-0.730542861319234,-0.087006701660345,1
45.78,-1.53153907075763,-1.42807832433653,-1.43485362460763,-3.33389716166071,-0.737717737620197,-0.0860758201216612,1
45.8,-1.53880901975295,-1.42547391395147,-1.44320767505012,-3.3288296891816,-0.744960810128554,-0.085150934545567,1
45.82,-1.54614662479158,-1.42296947157557,-1.45146252194507,-3.32375248727603,-0.752271714061762,-0.0842320575846624,1
45.84,-1.55355147663961,-1.42056531401991,-1.4596189652657,-3.31866441246446,-0.75965004048767,-0.0833192005312321,1
45.86,-1.56102312144561,-1.41826176704902,-1.46767775910265,-3.31356436044032,-0.767095335816677,-0.0824123732849804,1
45.88,-1.56856106030523,-1.41605916357347,-1.47563961356419,-3.30845126603177,-0.774607101365388,-0.0815115843224291,1
45.9,-1.57616474890043,-1.41395784188763,-1.48350519657723,-3.30332410321453,-0.782184792995024,-0.080616840668092,1
45.92,-1.58244202295586,-1.41196757201109,-1.49274362147168,-3.29659107727938,-0.788440902670905,-0.0798884038195721,1
45.94,-1.58674215863072,-1.41008943630568,-1.50399814320021,-3.28756204106612,-0.792726691684434,-0.0793946108630669,1
45.96,-1.59105704524812,-1.40830831616972,-1.51514978845137,-3.27853561813211,-0.797027303923422,-0.078903298955549,1
45.98,-1.59538652542006,-1.40662405656268,-1.52620013689137,-3.26951039478771,-0.801342581695699,-0.0784144576949751,1
46,-1.59931591654583,-1.40506765746026,-1.53733744455931,-3.26023509318517,-0.805259185442611,-0.077974315153809,1
46.02,-1.60308753359263,-1.40362011414329,-1.54845153893785,-3.25085856148824,-0.809018618923901,-0.0775549508872092,1
46.04,-1.60633724264079,-1.40237752180055,-1.5588513591969,-3.24194864850012,-0.812257900329639,-0.0771960224719163,1
46.06,-1.59736604246907,-1.40375030373388,-1.55491559607197,-3.24382308824417,-0.803315644721715,-0.078192310792161,1
46.08,-1.58848484048683,-1.40522916870702,-1.55089126500072,-3.24566869295011,-0.794463593917525,-0.0791956823759482,1
46.1,-1.58139235761934,-1.40662703187914,-1.54606855367897,-3.24852121847845,-0.787394757951912,-0.0800095777313166,1
46.12,-1.58537142919159,-1.40691705384401,-1.53654660253764,-3.25807572431329,-0.791360522225927,-0.0795515600177386,1
46.14,-1.58937744733803,-1.40730670323649,-1.52692681218253,-3.26762678748878,-0.795353248074548,-0.0790940527562797,1
46.16,-1.59107962054805,-1.40811657852499,-1.51692285977042,-3.27695607322259,-0.797049804857348,-0.0789007392893923,1
46.18,-1.58633548473097,-1.40991402097861,-1.50602687653369,-3.2856760635314,-0.792321369374547,-0.0794411310871478,1
46.2,-1.58096900226233,-1.41181136777647,-1.49575063419016,-3.29362025546676,-0.786972824624931,-0.0800585214410373,1
46.22,-1.57332226379815,-1.41381804253579,-1.48799492519679,-3.29873770875337,-0.779351979548171,-0.0809497150522049,1
46.24,-1.56574100091679,-1.41592612668295,-1.48014393134769,-3.30383996799556,-0.771796786399226,-0.081846954281887,1
46.26,-1.5582257868359,-1.41813526416825,-1.47219703924811,-3.30892802118259,-0.76430781823384,-0.0827502329057091,1
46.28,-1.55077714792817,-1.42044510228021,-1.46415359549993,-3.31400289533566,-0.756885601225369,-0.0836595432018644,1
46.3,-1.54339556519671,-1.4228552936378,-1.45601290508344,-3.31906565609922,-0.749530616136186,-0.0845748760067998,1
46.32,-1.53608147466837,-1.4253654979447,-1.44777422959199,-3.32411740769911,-0.742243298711871,-0.0854962207448803,1
46.34,-1.5288352678606,-1.42797538378677,-1.43943678537009,-3.32915929295111,-0.735024040149011,-0.0864235654597973,1
46.36,-1.52165729231868,-1.43068463047428,-1.43099974154771,-3.3341924933262,-0.727873187633355,-0.0873568968475825,1
46.38,-1.51454785221957,-1.43349292993093,-1.42246221796216,-3.33921822907885,-0.720791044944663,-0.0882962002911268,1
46.4,-1.50750720903882,-1.43639998863198,-1.41382328295897,-3.34423775944535,-0.713777873124713,-0.0892414598960653,1
46.42,-1.50096131977115,-1.4394226038652,-1.40428752332194,-3.35007423531538,-0.707257927626412,-0.0901341291728449,1
46.44,-1.49473458125892,-1.44255419838535,-1.39415414412429,-3.35641913178068,-0.701056238671428,-0.0909960048516705,1
46.46,-1.48856175778781,-1.44578432575098,-1.38391030835666,-3.36276858949723,-0.694908614584831,-0.0918630098314986,1
46.48,-1.48244297540749,-1.4491130854675,-1.37355436567436,-3.36912417938774,-0.68881518123781,-0.0927351371548878,1
46.5,-1.47637833558154,-1.45254061767973,-1.36308457607694,-3.37548752252994,-0.682776039894479,-0.093612379156371,1
46.52,-1.47036791552527,-1.45606710591329,-1.35249910511946,-3.38186029216838,-0.676791267550769,-0.0944947274728728,1
46.54,-1.46441176869717,-1.45969277998766,-1.34179601874183,-3.38824421593546,-0.670860917426559,-0.0953821730644794,1
46.56,-1.45850992530999,-1.46341791910167,-1.33097327770024,-3.39464107829755,-0.664985019477274,-0.0962747062355683,1
46.58,-1.45266239285951,-1.46724285510857,-1.32002873156297,-3.40105272324662,-0.659163580923371,-0.0971723166562354,1
46.6,-1.44688895345692,-1.47116655240467,-1.30893297280517,-3.407512087905,-0.653416293234547,-0.0980718856111538,1
46.62,-1.44210955589986,-1.47512413861717,-1.29640345810697,-3.41548347395241,-0.648658844234219,-0.098826850216964,1
46.64,-1.43736504780304,-1.4791862369003,-1.28373380016415,-3.42348520034734,-0.643936399280651,-0.0995857343107482,1
46.66,-1.43265543443423,-1.48335394556982,-1.27092044664051,-3.43151972736605,-0.639248963694531,-0.100348539065241,1
46.68,-1.42798071231348,-1.48762846399851,-1.257959639498,-3.43958962032965,-0.63459653403987,-0.101115265420575,1
46.7,-1.42334086894123,-1.49201109951143,-1.24484740042272,-3.44769755725944,-0.629979097854443,-0.101885914080071,1
46.72,-1.41873588298563,-1.49650327509496,-1.23157951461189,-3.45584633736886,-0.625396633837303,-0.102660485516961,1
46.74,-1.41416572447304,-1.50110653785835,-1.21815151293836,-3.4640388904254,-0.620849112039488,-0.103438979981166,1
46.76,-1.40963035498145,-1.50582256834224,-1.20455865229066,-3.47227828708984,-0.616336494057622,-0.104221397506116,1
46.78,-1.40512972783637,-1.51065319078311,-1.19079589385681,-3.48056775035593,-0.611858733230027,-0.105007737915602,1
46.8,-1.40066378830898,-1.51560038445882,-1.17685787908404,-3.48891066823294,-0.607415774835057,-0.105798000830655,1
46.82,-1.39635407610849,-1.52063922529246,-1.16264254189024,-3.49745210081592,-0.603128520842493,-0.106570256447493,1
46.84,-1.39338133791269,-1.52551072991706,-1.14718919320046,-3.50759016085387,-0.600171437816089,-0.1071085655168,1
46.86,-1.39042153726498,-1.53051402815464,-1.13152356109893,-3.51780591479325,-0.597227359546006,-0.107649173238106,1
46.88,-1.38747468066994,-1.53565267748906,-1.11563713144385,-3.52810431359618,-0.594296292752571,-0.10819208672807,1
46.9,-1.38454077383679,-1.54093053790226,-1.09952075765612,-3.53849063823549,-0.591378243357735,-0.108737313058518,1
46.92,-1.3816198211532,-1.54635180186736,-1.08316459629448,-3.5489705340795,-0.588473215961887,-0.109284859299187,1
46.94,-1.37871182569987,-1.55192102898794,-1.06655803291892,-3.5595500503882,-0.585581213858546,-0.109834732518324,1
46.96,-1.3758167892655,-1.55764318556492,-1.04968959742033,-3.57023568541577,-0.582702239049285,-0.110386939783293,1
46.98,-1.37293471236189,-1.563523689973,-1.03254686693028,-3.58103443812333,-0.579836292258869,-0.110941488161191,1
47,-1.37408204716359,-1.56678436150921,-1.01886505226451,-3.59164067609429,-0.580977188858488,-0.110720146340292,1
47.02,-1.3774718738826,-1.5686482062878,-1.00703526469674,-3.60214894463519,-0.584348124110554,-0.110070655747911,1
47.04,-1.38089578263346,-1.57064473466196,-0.995004813695041,-3.61272384891929,-0.587753146478902,-0.109421321412637,1
47.06,-1.3843540849514,-1.57277695226336,-0.982767249408582,-3.62336879559331,-0.591192568180298,-0.108772166920154,1
47.08,-1.38863326213071,-1.57174040006281,-0.980584803314631,-3.62724616762556,-0.595448649980734,-0.107978075442764,0
47.1,-1.39422760609094,-1.56553838080775,-0.99465313378303,-3.62022538555207,-0.60101323555628,-0.106954849203653,0
47.12,-1.39988358978597,-1.55947876850255,-1.0084892139825,-3.6132867034047,-0.606639621342224,-0.105937096599512,0
47.14,-1.40560149417646,-1.55355816642005,-1.02210168642412,-3.60642482809974,-0.612328088966743,-0.104924841998216,0
47.16,-1.41138157765672,-1.54777347148275,-1.03549857307391,-3.59963479408135,-0.618078897485515,-0.103918109361099,0
47.18,-1.41722407648733,-1.54212184504186,-1.04868733858329,-3.59291192947723,-0.623892283805165,-0.102916922104507,0
47.2,-1.42312920388195,-1.53660068907707,-1.0616749402886,-3.58625182995527,-0.629768461769054,-0.101921303066466,0
47.22,-1.42909714909616,-1.53120762503171,-1.07446787254002,-3.57965033561578,-0.635707621245173,-0.100931274473053,0
47.24,-1.43512807652072,-1.52594047492493,-1.08707220612682,-3.5731035105111,-0.641709927218383,-0.0999468579045431,0
47.26,-1.44122212478147,-1.52079724443843,-1.09949362344592,-3.56660762444748,-0.6477755188894,-0.0989680742613962,0
47.28,-1.44737940584866,-1.51577610772154,-1.11173744996263,-3.56015913677702,-0.653904508783026,-0.0979949437301471,0
47.3,-1.44987069207651,-1.51102839117724,-1.12725071263137,-3.5497023091292,-0.656384476755574,-0.0976056197749553,1
47.32,-1.45164524880339,-1.50644809041119,-1.14320833973633,-3.53854331752612,-0.658151015877406,-0.0973298278726632,1
47.34,-1.45342157452865,-1.50200350102706,-1.1589464331161,-3.52746707187429,-0.659919352697588,-0.0970550203621198,1
47.36,-1.45519965710834,-1.49769109435904,-1.17447342730118,-3.51646867115126,-0.661689474935233,-0.0967811925673786,1
47.38,-1.45858541265165,-1.49317130202617,-1.18931811296447,-3.50655190975193,-0.665060172508714,-0.0962632058635072,1
47.4,-1.46232600425676,-1.48870364216106,-1.20387391174728,-3.49690937501868,-0.668784278137521,-0.095696085024781,1
47.42,-1.46608417892615,-1.48435627959164,-1.21824885246643,-3.48732397972392,-0.672526045418318,-0.0951316558610334,1
47.44,-1.46985988156317,-1.4801269518922,-1.23244877205442,-3.47779215577116,-0.676285419013432,-0.0945699103492331,1
47.46,-1.47365305391923,-1.47601356708814,-1.24647915547437,-3.46831051668872,-0.680062340432362,-0.0940108404199978,1
47.48,-1.47864502872849,-1.47191950965465,-1.25937382132175,-3.46007470047462,-0.685033158650535,-0.0932829878571881,1
47.5,-1.4837190355421,-1.46793140872845,-1.27207979060504,-3.45192158851854,-0.69008592396202,-0.0925521950728475,1
47.52,-1.48882770480745,-1.4640518011821,-1.28464019902286,-3.44380011408386,-0.695173468265095,-0.0918253930715493,1
47.54,-1.49400157502415,-1.46028001816461,-1.29702063287056,-3.43574863172145,-0.700326205497135,-0.0910982966445975,1
47.56,-1.49992965664343,-1.45662450852232,-1.3083825746019,-3.42866934391068,-0.706230389522294,-0.0902760598249066,1
47.58,-1.5059052860077,-1.45307334452613,-1.31961594182814,-3.42160744465814,-0.71218226278316,-0.0894586683410269,1
47.6,-1.51192828883876,-1.44962596681099,-1.33072322949461,-3.4145609879909,-0.718181651005348,-0.0886461230578413,1
47.62,-1.51799846967086,-1.44628187614197,-1.34170680221886,-3.40752809914085,-0.724228358710438,-0.0878384242041038,1
47.64,-1.52437083432925,-1.44306180489164,-1.35217933063637,-3.4009001406879,-0.73057642516107,-0.08700231217404,1
47.66,-1.53104652215914,-1.43996471800082,-1.36215535684178,-3.39466226101843,-0.73722702543822,-0.0861390146477664,1
47.68,-1.53777845905631,-1.43696971353222,-1.37201806330076,-3.38842772847396,-0.743934033519137,-0.0852811558117273,1
47.7,-1.54456631523024,-1.43407668185112,-1.38176903952381,-3.38219504907772,-0.750697119681313,-0.0844287387937494,1
47.72,-1.55140972954694,-1.43128554555745,-1.39140979264229,-3.37596278058731,-0.7575159228311,-0.0835817657283028,1
47.74,-1.55832969393051,-1.42859890577579,-1.40090580348209,-3.3697646994774,-0.76441135965303,-0.082737647942576,1
47.76,-1.56549773680797,-1.42603785697532,-1.409974024018,-3.36387734487644,-0.771554365504137,-0.0818759746427758,1
47.78,-1.57272421712098,-1.42357887002943,-1.41893744461274,-3.35798435327887,-0.778755974819093,-0.0810199933859255,1
47.8,-1.58000861089254,-1.42122203603265,-1.42779716638804,-3.35208452291796,-0.786015663609635,-0.0801697045519501,1
47.82,-1.58735035728217,-1.41896746242082,-1.43655423128324,-3.34617669685102,-0.793332870989429,-0.0793251072950354,1
47.84,-1.59474885864195,-1.41681527104711,-1.44520962468355,-3.34025976228406,-0.800706999229269,-0.0784861995347102,1
47.86,-1.60220348052837,-1.41476559631407,-1.45376427789809,-3.33433264998792,-0.80813741376854,-0.0776529779423421,1
47.88,-1.60971355177745,-1.41281858337456,-1.46221907049571,-3.3283943337851,-0.815623443289988,-0.076825437929323,1
47.9,-1.61704217732674,-1.41094700976186,-1.47092638981389,-3.32210231935614,-0.822928932930652,-0.0760290593915914,1
47.92,-1.62424262494558,-1.40915726939294,-1.47979724451281,-3.31554419729386,-0.830106953161068,-0.0752570530511081,1
47.94,-1.63148942298032,-1.40746976886353,-1.48856915370703,-3.30897518604127,-0.837331475191531,-0.0744902420724791,1
47.96,-1.63878187134942,-1.40588461353804,-1.49724296532095,-3.30239434271711,-0.844601798579684,-0.0737286145594675,1
47.98,-1.646119242807,-1.40440191887181,-1.50581947844239,-3.29580076483798,-0.851917195689987,-0.0729721576273048,1
48,-1.6414343745852,-1.4041283693259,-1.51052618887423,-3.29104942843991,-0.847246325159595,-0.0734540233361169,1
48.02,-1.63339391514106,-1.40553974712656,-1.50308478329616,-3.29652323582,-0.83923016133236,-0.0742903779155881,1
48.04,-1.62541125256783,-1.40705508085577,-1.49554881526674,-3.30197866528691,-0.831271968675384,-0.0751327139218485,1
48.06,-1.61748729319125,-1.40867411882679,-1.4879177690284,-3.30741648115869,-0.823372653736027,-0.0759810385163235,1
48.08,-1.60962289890588,-1.41039660559582,-1.48019109216348,-3.31283749067664,-0.815533078593012,-0.0768353573251355,1
48.1,-1.60181118697989,-1.41222113006277,-1.47238293758019,-3.31822836280729,-0.807746385503127,-0.0776965297423314,1
48.12,-1.5939591636334,-1.41413333430508,-1.46467468952775,-3.32341466918,-0.799919889031733,-0.0785751681242553,1
48.14,-1.5861712352073,-1.41614843006455,-1.45686946584764,-3.32858586313576,-0.79215766604364,-0.0794599306362356,1
48.16,-1.57844811063843,-1.4182661359018,-1.44896660678063,-3.33374289745031,-0.784460425442766,-0.0803508153481152,1
48.18,-1.57079045199193,-1.42048617266269,-1.44096541113801,-3.33888676659633,-0.776828829216486,-0.0812478187567143,1
48.2,-1.56319887460843,-1.42280826520873,-1.43286513451419,-3.34401850675865,-0.769263492583247,-0.0821509358123434,1
48.22,-1.55576280370653,-1.42524438571593,-1.42449124885778,-3.34930852183908,-0.76185352621215,-0.0830493403633961,1
48.24,-1.54859883367081,-1.42781063731786,-1.41560657034787,-3.35498890056495,-0.754715092575618,-0.0839281684948322,1
48.26,-1.54149612092435,-1.43047794006751,-1.40661814320011,-3.3606634906244,-0.747638084173974,-0.0848127523531559,1
48.28,-1.53445507062336,-1.43324616288233,-1.39752485037262,-3.36633355843094,-0.740622906017819,-0.0857030860815087,1
48.3,-1.5274760503766,-1.4361151949012,-1.38832551210026,-3.37200041480746,-0.733669925535888,-0.0865991626468497,1
48.32,-1.52055939052133,-1.43908494763797,-1.37901888286523,-3.37766541581796,-0.726779472852197,-0.0875009738560475,1
48.34,-1.51411420794491,-1.44219180482182,-1.36888429576295,-3.38405385698603,-0.720359079939444,-0.0883539829021978,1
48.36,-1.50774545267524,-1.44540154346046,-1.35859635904187,-3.3904874928008,-0.714015179906587,-0.0892092241674706,1
48.38,-1.50143063490764,-1.44871234950925,-1.34819272223721,-3.39692827468978,-0.707725369530609,-0.0900696761564534,1
48.4,-1.49516994076206,-1.45212445038427,-1.33767150964653,-3.4033778683628,-0.701489834802227,-0.0909353336474709,1
48.42,-1.48910787566036,-1.45564148083752,-1.32682108181123,-3.41005996068426,-0.695452488054864,-0.0917857904155405,1
48.44,-1.48354911169153,-1.45927168984798,-1.3151825506375,-3.41745978406714,-0.689916707245684,-0.0925765236609355,1
48.46,-1.47803300698875,-1.46300544467548,-1.30341374260458,-3.42488009292895,-0.684423716825396,-0.0933717460038542,1
48.48,-1.47255965859122,-1.46684347313403,-1.29151182754893,-3.43232299859141,-0.678973613848742,-0.0941714573057195,1
48.5,-1.46720215207612,-1.47078249789762,-1.27939362419277,-3.43988347548233,-0.673639167534699,-0.0949647737299665,1
48.52,-1.46263039895693,-1.47478672933435,-1.26630709923128,-3.44842911966201,-0.669087338128423,-0.0956501702798161,1
48.54,-1.45808743716219,-1.47890037605343,-1.2530690547065,-3.45701215383768,-0.664564403588371,-0.0963391114238886,1
48.56,-1.45357332179231,-1.48312490234272,-1.2396752398812,-3.46563536392446,-0.660070419179927,-0.0970316023499822,1
48.58,-1.44988694045188,-1.48731245182595,-1.22570264750727,-3.47496831862252,-0.656400651551983,-0.097603088826315,1
48.6,-1.4474818048155,-1.49138028039545,-1.2108905967613,-3.48541455757854,-0.654006441092215,-0.0979788915923667,1
48.62,-1.44508216209008,-1.49556956467004,-1.19589333845549,-3.49592281917362,-0.651617766973514,-0.0983561829032613,1
48.64,-1.44268803488672,-1.49988296349988,-1.18070424166597,-3.50649706894187,-0.649234652000385,-0.0987349692907739,1
48.66,-1.4402994458208,-1.50432335270272,-1.16531622657297,-3.51714150436371,-0.646857118980392,-0.0991152572726516,1
48.68,-1.44402187995426,-1.50062848917729,-1.17587988934876,-3.5107441423535,-0.650562353273099,-0.0985236426064342,1
48.7,-1.4469711172558,-1.49614545291607,-1.19098316282267,-3.5004932372368,-0.653498082103911,-0.0980589888048024,1
48.72,-1.44993036599368,-1.49178651946346,-1.2058947196137,-3.49030753701325,-0.656443880462056,-0.0975963250450641,1
48.74,-1.45289959288937,-1.4875490485113,-1.22062115929662,-3.48018308954573,-0.659399714844272,-0.0971356437330141,1
48.76,-1.4566952451843,-1.48330659750421,-1.23464892884986,-3.47085851717445,-0.663178395405322,-0.0965518314875041,1
48.78,-1.46131701192046,-1.47905646672787,-1.24800275130102,-3.46230805619782,-0.667779717375248,-0.0958485332582786,1
48.8,-1.46596893279164,-1.47491769544629,-1.26120012125644,-3.45379781661532,-0.672411300124387,-0.0951488854500455,1
48.82,-1.4706509469072,-1.47088881512176,-1.27424530367868,-3.44532500195866,-0.677073082604532,-0.0944528831349837,1
48.84,-1.4753629850765,-1.46696847352051,-1.28714232414937,-3.43688693917214,-0.681764995463142,-0.0937605211894224,1
48.86,-1.48099345109984,-1.46312786622744,-1.29887180808025,-3.4296309010307,-0.687371717164921,-0.092943634052693,1
48.88,-1.4867457430358,-1.45938932522974,-1.31038179509945,-3.42249416115195,-0.693100084339212,-0.0921205151935544,1
48.9,-1.49254463788811,-1.4557544653352,-1.32176262524424,-3.41537623088022,-0.698875193024678,-0.0913021411042592,1
48.92,-1.49839000974434,-1.45222269955531,-1.33301686156117,-3.40827512261433,-0.704696917336251,-0.0904885134128477,1
48.94,-1.5042817134543,-1.4487935039332,-1.34414693301422,-3.40118892071456,-0.710565112135047,-0.0896796331770188,1
48.96,-1.51055924628546,-1.44548679524777,-1.35462709103114,-3.39465788130199,-0.716817947470763,-0.0888298330942647,1
48.98,-1.5172022657066,-1.4423000541474,-1.36451054216929,-3.38862727369977,-0.72343521525774,-0.0879437361932455,1
49,-1.52390405479469,-1.43921447023828,-1.37428162081005,-3.38259986081457,-0.730111413745505,-0.0870631547322372,1
49.02,-1.53066434588967,-1.4362299833328,-1.38394186871614,-3.37657414129724,-0.736846275444132,-0.0861880954172305,1
49.04,-1.53748283874263,-1.43334656483482,-1.39349274765388,-3.37054866380407,-0.743639500246933,-0.0853185639458833,1
49.06,-1.54453773893224,-1.43058603267309,-1.40260946198933,-3.36484267069046,-0.75066864690715,-0.0844323014634487,1
49.08,-1.55179082236762,-1.42794333790533,-1.4113736557095,-3.35937512589072,-0.757895655584473,-0.083534959530278,1
49.1,-1.55910754260778,-1.42540211219212,-1.42003450892349,-3.35390070038549,-0.765186473393432,-0.0826435235940273,1
49.12,-1.56648742194855,-1.42296253151096,-1.42859302452368,-3.34841819713566,-0.772540622774844,-0.0817579994967911,1
49.14,-1.57392994112652,-1.42062478529745,-1.43705015079865,-3.34292646241301,-0.779957584572179,-0.0808783917360773,1
49.16,-1.58145166962885,-1.41839177054569,-1.4453731456912,-3.33745672426777,-0.787453870829986,-0.0800027240404042,1
49.18,-1.58924327903404,-1.41629363097308,-1.4531927534591,-3.33236323190235,-0.795219523260475,-0.0791093175906871,1
49.2,-1.597100265483,-1.41429840099543,-1.46091465134355,-3.32725525798626,-0.803050732843267,-0.0782220877221727,1
49.22,-1.60502189110512,-1.41240635965903,-1.46853948917745,-3.32213186233724,-0.810946761735874,-0.0773410362414524,1
49.24,-1.61151786988085,-1.41097231294839,-1.47445214600716,-3.31814248179731,-0.817422035872387,-0.0766283569652428,1
49.26,-1.60441535726125,-1.41289061219515,-1.46545644229234,-3.32468449829619,-0.810342174104505,-0.0774080264565324,1
49.28,-1.59736080367269,-1.41491068204581,-1.45636023979577,-3.33121765887998,-0.80331042297326,-0.0781928973628826,1
49.3,-1.59023574184483,-1.41701978886535,-1.44734518120682,-3.33756359503043,-0.796208708248146,-0.0789964973300203,1
49.32,-1.58287314325907,-1.41919994316751,-1.43867598721542,-3.34346136587762,-0.788870579103995,-0.0798387081578616,1
49.34,-1.57556768202936,-1.42148222195137,-1.42990531576245,-3.34935010130856,-0.781589753073725,-0.0806866034799976,1
49.36,-1.56831993236071,-1.42386649277416,-1.42103218419863,-3.35523092332078,-0.774366804418835,-0.0815401845451615,1
49.38,-1.56113043151855,-1.4263526378796,-1.41205555340865,-3.36110499768304,-0.76720227042679,-0.0823994513707752,1
49.4,-1.55399968007902,-1.42894055617015,-1.40297432519517,-3.36697353454909,-0.760096651661126,-0.0832644027665906,1
49.42,-1.54692814207782,-1.43163016522563,-1.39378733949204,-3.37283778919281,-0.753050412110803,-0.0841350363523863,1
49.44,-1.5399666284026,-1.43442660429238,-1.3844102950566,-3.37878159685038,-0.746114178240897,-0.0850050047821063,1
49.46,-1.53342694344916,-1.43736243796879,-1.37431885568131,-3.38532643912113,-0.739598589927578,-0.0858342340941027,1
49.48,-1.52693927798327,-1.44039991601946,-1.36411429084542,-3.39187529008388,-0.733135172563222,-0.0866686535256406,1
49.5,-1.52050392512686,-1.44353921994027,-1.3537948785371,-3.39842970120842,-0.726724219257308,-0.0875082619014058,1
49.52,-1.51412115150704,-1.44678057113208,-1.34335880297416,-3.40499127917106,-0.720365996599867,-0.088353057224978,1
49.54,-1.50779119733909,-1.45012423379613,-1.33280414946439,-3.41156168806886,-0.714060744745789,-0.0892030366841111,1
49.56,-1.50185167848502,-1.45358630981351,-1.32164923992675,-3.41864168019946,-0.708144734292238,-0.0900119123691007,1
49.58,-1.49620852488294,-1.45716388548855,-1.3100086368877,-3.42611162706901,-0.702524219574829,-0.0907908488273645,1
49.6,-1.49060743102448,-1.46084600680218,-1.2982367285321,-3.43360208117246,-0.696945895680877,-0.0915742743626763,1
49.62,-1.48504853266845,-1.46463342914396,-1.28633064696713,-3.44111516172668,-0.691409898425159,-0.0923621902738663,1
49.64,-1.47953194967278,-1.46852698485882,-1.27428736278057,-3.44865307327781,-0.685916347707585,-0.0931545973888381,1
49.66,-1.47478978306272,-1.47250518966125,-1.26130430698035,-3.45712316177352,-0.681194229134176,-0.0938443158673258,1
49.68,-1.4702212141283,-1.47658926472042,-1.24801079853844,-3.46580952171619,-0.676645196940291,-0.0945164277098664,1
49.7,-1.46568047110692,-1.48078533192359,-1.23455968827855,-3.47453685406404,-0.672124092681415,-0.095192032888945,1
49.72,-1.46116762292187,-1.48509503567949,-1.22094636603617,-3.48330812275097,-0.667630985466589,-0.0958711373738769,1
49.74,-1.45776877499723,-1.4893755132672,-1.20645464741807,-3.49311314343781,-0.664247154910456,-0.0963877349191281,1
49.76,-1.45462276428015,-1.49374484684081,-1.19162285380833,-3.5031954915176,-0.661115160832824,-0.0968698984778979,1
49.78,-1.45148815872624,-1.49823790223623,-1.17660065091107,-3.5133419190287,-0.657994634064469,-0.0973541910839733,1
49.8,-1.44716383152694,-1.50123682596845,-1.16945471108004,-3.51695432209129,-0.653689917296021,-0.0980287506840971,1
49.82,-1.44522741473304,-1.50210893184437,-1.16823076211465,-3.51706502619236,-0.651762331381035,-0.0983325113658378,0
49.84,-1.44930138338964,-1.50353611593322,-1.1575263594318,-3.52684861654892,-0.655817748068807,-0.0976943667550167,0
49.86,-1.45341111363206,-1.50507533397345,-1.14667243614616,-3.53666796021176,-0.659908938742015,-0.09705663508603,0
49.88,-1.45756033109724,-1.50673142323913,-1.13566202091493,-3.54652479792412,-0.664039636225349,-0.0964195619783692,0
49.9,-1.4617492804714,-1.50850606298421,-1.12449138441381,-3.55642113775337,-0.668210085985736,-0.0957831744654407,0
49.92,-1.46597820037526,-1.51040103331053,-1.1131565706611,-3.5663591134387,-0.672420527428589,-0.0951474997186869,0
49.94,-1.47024732304663,-1.51241822338162,-1.10165337966193,-3.5763409935498,-0.676671193580043,-0.0945125650376284,0
49.96,-1.4745568740186,-1.51455964046277,-1.08997734827984,-3.58636919159243,-0.68096231076493,-0.093878397839518,0
49.98,-1.47890707179349,-1.5168274198942,-1.07812372910671,-3.59644627718313,-0.68529409828036,-0.093245025648619,0
50,-1.48329812751267,-1.5192238361203,-1.06608746706851,-3.60657498843269,-0.689666768065242,-0.0926124760851132,0
50.02,-1.48695899724873,-1.51853169992761,-1.06575424563402,-3.6080026403639,-0.693312457958048,-0.0920902182250543,1
50.04,-1.48951241805558,-1.51329862876726,-1.08249760281001,-3.59677015156796,-0.695855369775951,-0.0917286540761639,1
50.06,-1.49207097178916,-1.50821648655114,-1.09898648050094,-3.58563949264042,-0.698403457516409,-0.0913685646940608,1
50.08,-1.49463462574702,-1.50328056874994,-1.11523178055772,-3.5746044733668,-0.700956688274571,-0.0910099431863675,1
50.1,-1.49720334678632,-1.49848655342558,-1.13124359944677,-3.56365932629525,-0.703515028706519,-0.090652782712712,1
50.12,-1.49977710140338,-1.49383046184924,-1.14703131380175,-3.55279866058215,-0.706078445108269,-0.0902970764571602,1
50.14,-1.50235585573633,-1.48930862681283,-1.16260364826431,-3.54201742584004,-0.708646903418344,-0.0899428176280772,1
50.16,-1.50493957556766,-1.484917664712,-1.17796873526312,-3.53131088027577,-0.711220369220409,-0.0895899994579931,1
50.18,-1.50752822632702,-1.48065445086762,-1.19313416787007,-3.52067456251275,-0.713798807745975,-0.0892386152034721,1
50.2,-1.51012177309395,-1.47651609764008,-1.20810704668708,-3.51010426659019,-0.716382183877191,-0.0888886581449826,1
50.22,-1.51272018060075,-1.47249993496078,-1.22289402156516,-3.49959601971249,-0.718970462149686,-0.0885401215867741,1
50.24,-1.51532341323541,-1.46860349296397,-1.23750132883366,-3.48914606238826,-0.721563606755489,-0.088192998856754,1
50.26,-1.5202774128067,-1.46478258703464,-1.25015216856299,-3.48080679098761,-0.726498572168959,-0.0875380347001616,1
50.28,-1.52643673908136,-1.46105206970564,-1.26177132734769,-3.47351768931548,-0.732634526469236,-0.0867337873790477,1
50.3,-1.53264277405162,-1.45743093009937,-1.2732521127089,-3.46625062206127,-0.738817333073853,-0.0859344609561258,1
50.32,-1.53889524046009,-1.45391836356268,-1.28459746307285,-3.45900345055784,-0.74504671462703,-0.0851400527663641,1
50.34,-1.54519383846052,-1.45051363666703,-1.29581015940574,-3.4517741234883,-0.751322371166834,-0.0843505594512463,1
50.36,-1.55153824608388,-1.44721608254519,-1.30689283475356,-3.4445606720487,-0.757643980588244,-0.0835659769420503,1
50.38,-1.55792811913106,-1.44402509636387,-1.31784798307579,-3.43736120565919,-0.764011198535607,-0.0827863004507975,1
50.4,-1.56436309109307,-1.44094013111587,-1.32867796738408,-3.43017390804953,-0.770423658322612,-0.082011524461953,1
50.42,-1.57084277309953,-1.4379606937012,-1.33938502725169,-3.42299703368372,-0.77688097088051,-0.0812416427248311,1
50.44,-1.57736675389593,-1.4350863412701,-1.34997128575222,-3.41582890449222,-0.783382724735208,-0.080476648246808,1
50.46,-1.58393459985039,-1.43231667780378,-1.36043875587986,-3.40866790688351,-0.78992848601386,-0.0797165332873152,1
50.48,-1.59054585499046,-1.42965135091135,-1.3707893464981,-3.40151248900995,-0.796517798481473,-0.078961289352654,1
50.5,-1.59720004107029,-1.42709004882361,-1.38102486785842,-3.39436115826519,-0.803150183607977,-0.0782109071916453,1
50.52,-1.60428333929124,-1.42469011175119,-1.39061231092011,-3.38771907235401,-0.81021058004353,-0.0774226177594188,1
50.54,-1.61151191523613,-1.42240851436646,-1.3999574507762,-3.38120053138573,-0.817416100090367,-0.0766290063250416,1
50.56,-1.61878956094203,-1.42023085935145,-1.40919511927514,-3.37467767066594,-0.824670846577095,-0.0758407709671963,1
50.58,-1.62611559232406,-1.41815708028605,-1.4183265461383,-3.36814933447271,-0.831974135102355,-0.075057901389963,1
50.6,-1.63348929560795,-1.41618712946081,-1.42735289598441,-3.36161441524034,-0.839325251544966,-0.0742803862273876,1
50.62,-1.64090992770979,-1.41432097594506,-1.43627527130921,-3.3550718525175,-0.846723452443413,-0.0735082130442245,1
50.64,-1.64837671661399,-1.41255860373104,-1.44509471528594,-3.34852063202566,-0.854167965373833,-0.0727413683363277,1
50.66,-1.65588886180102,-1.41090000996079,-1.45381221439865,-3.34195978479956,-0.861657989377803,-0.0719798375325054,1
50.68,-1.66344553472455,-1.4093452032305,-1.46242870092136,-3.33538838640197,-0.869192695439549,-0.0712236049978391,1
50.7,-1.67104587933731,-1.40789420196754,-1.47094505525456,-3.32880555620603,-0.87677122701197,-0.0704726540384647,1
50.72,-1.67868901266495,-1.40654703287581,-1.47936210812984,-3.32221045673869,-0.884392700590665,-0.0697269669078126,1
50.74,-1.68637402542697,-1.40530372944549,-1.48768064269234,-3.31560229307945,-0.892056206335093,-0.068986524814292,1
50.76,-1.69409998270359,-1.40416433052368,-1.49590139647009,-3.30898031230907,-0.899760808735675,-0.0682513079304099,1
50.78,-1.69887557533047,-1.40282162202674,-1.50652706405424,-3.29997630276347,-0.904523331926221,-0.0678013402068918,1
50.8,-1.70306951611184,-1.40151654142872,-1.51754502609892,-3.29050529840552,-0.908705875668952,-0.0674089478179453,1
50.82,-1.70727025326295,-1.40030918225108,-1.52846148049373,-3.28103560728433,-0.912895271663321,-0.0670184759558094,1
50.84,-1.71147762250482,-1.39919941305546,-1.53927787529558,-3.27156592590325,-0.917091355309183,-0.0666299136326614,1
50.86,-1.71569145892801,-1.39818713995482,-1.5499955843704,-3.26209498744436,-0.921293961375567,-0.0662432498566817,1
50.88,-1.71991159691758,-1.39727230486379,-1.56061591070307,-3.25262156020257,-0.925502923926105,-0.0658584736386426,1
50.9,-1.72413787019425,-1.39645488389696,-1.57114008939875,-3.24314444618447,-0.929718076360225,-0.065475573992838,1
50.92,-1.72837011185571,-1.39573488584604,-1.58156929048936,-3.23366247982317,-0.933939251454518,-0.0650945399380134,1
50.94,-1.73260815441804,-1.39511235072815,-1.59190462155993,-3.22417452680209,-0.938166281404145,-0.0647153604983039,1
50.96,-1.73685182985721,-1.39458734839875,-1.60214713020843,-3.2146794829807,-0.942398997864385,-0.0643380247041712,1
50.98,-1.74110096965063,-1.39415997722259,-1.61229780635119,-3.20517627341654,-0.946637231992202,-0.063962521593345,1
51,-1.74535540481871,-1.39383036279707,-1.62235758438537,-3.19566385147783,-0.950880814487853,-0.0635888402117652,1
51.02,-1.74961496596645,-1.39359865672246,-1.63232734521876,-3.18614119804187,-0.955129575636483,-0.0632169696145264,1
51.04,-1.75344417204622,-1.39388404790591,-1.6295973030205,-3.18877729063936,-0.958949128215326,-0.0628845733606604,1
51.06,-1.75702909237112,-1.3945146766305,-1.61933498156582,-3.19858634694575,-0.962525057733347,-0.0625749934430917,1
51.08,-1.76062836130144,-1.39524302969259,-1.60898228027217,-3.20838697285336,-0.966115344860196,-0.0622657216083186,1
51.1,-1.76424191340984,-1.39606895701161,-1.59853821259767,-3.2181802983165,-0.969719924299906,-0.0619567623960425,1
51.12,-1.76786968062932,-1.39699233785187,-1.58800173371511,-3.22796748229172,-0.973338728116582,-0.0616481203413404,1
51.14,-1.77151159265088,-1.39801308237143,-1.57737173935765,-3.23774971236571,-0.976971686131139,-0.0613397999385355,1
51.16,-1.76630338368097,-1.39842067763439,-1.56831284246201,-3.24615309041583,-0.971776295696503,-0.0617811901483393,1
51.18,-1.75971756800084,-1.3988174334288,-1.55942212225449,-3.25432828920827,-0.965206820170162,-0.0623438372836602,1
51.2,-1.75314957730754,-1.39931536381173,-1.55043692770319,-3.26249169506856,-0.958655274310603,-0.0629100824353465,1
51.22,-1.74660003813142,-1.39991445102113,-1.54135652229729,-3.27064403297306,-0.952122285307161,-0.0634799481231123,1
51.24,-1.74006957083506,-1.400614690366,-1.5321801219655,-3.27878606292007,-0.945608474174741,-0.0640534565876979,1
51.26,-1.73355878954717,-1.40141609163255,-1.52290689344796,-3.28691858017264,-0.93911445568588,-0.0646306297722845,1
51.28,-1.72706830178896,-1.40231868039228,-1.51353595229628,-3.29504241596386,-0.932640837996866,-0.0652114893136218,1
51.3,-1.72059870810645,-1.40332249935946,-1.50406636075313,-3.30315843827261,-0.926188222279829,-0.0657960565333846,1
51.32,-1.71415060170937,-1.40442760980277,-1.49449712550188,-3.31126755267493,-0.919757202361382,-0.0663843524297733,1
51.34,-1.7077245681172,-1.40563409301586,-1.4848271952757,-3.31937070327631,-0.9133483643684,-0.0669763976693698,1
51.36,-1.70132118481278,-1.4069420518524,-1.47505545831483,-3.32746887373094,-0.90696228638146,-0.067572212579265,1
51.38,-1.69494102090426,-1.40835161233155,-1.46518073965943,-3.33556308835442,-0.900599538096522,-0.0681718171394686,1
51.4,-1.68858463679568,-1.40986292532023,-1.45520179826462,-3.343654413337,-0.894260680495343,-0.0687752309756145,1
51.42,-1.68225258386689,-1.41147616829939,-1.44511732392256,-3.35174395806523,-0.88794626552515,-0.0693824733519747,1
51.44,-1.67692684635292,-1.41323869338383,-1.43450828407608,-3.36026407296368,-0.882635503899937,-0.0698980586994083,1
51.46,-1.6761033834948,-1.4153173287343,-1.42187278172016,-3.37077002829073,-0.881814368284959,-0.0699781797091098,1
51.48,-1.67527891632682,-1.41749539912512,-1.40911583719312,-3.3812978086634,-0.880992234357915,-0.070058507101532,1
51.5,-1.67445344262571,-1.41977366412984,-1.39623463819217,-3.39184946593117,-0.880169099923812,-0.0701390418002941,1
51.52,-1.673626960721,-1.42215296157057,-1.3832262222196,-3.40242712390818,-0.87934496333822,-0.070219784701083,1
51.54,-1.67279946893882,-1.42463421160859,-1.37008746739221,-3.41303298344964,-0.878519822953497,-0.070300736704935,1
51.56,-1.67197096560194,-1.42721842153718,-1.35681508210747,-3.42366932799271,-0.877693677118777,-0.0703818987182759,1
51.58,-1.67114144902972,-1.42990669100833,-1.34340559377657,-3.43433852959684,-0.876866524179968,-0.0704632716529621,1
51.6,-1.67031091753817,-1.43270021774144,-1.32985533652132,-3.44504305553802,-0.876038362479741,-0.0705448564263216,1
51.62,-1.66567268915673,-1.4348969865755,-1.31988134732384,-3.45252644078415,-0.871413429110017,-0.0710025606440837,1
51.64,-1.65624942153431,-1.43630848315272,-1.31452501358182,-3.45586214805691,-0.862017494540755,-0.0719435333668864,1
51.66,-1.64690313238375,-1.43782931527035,-1.30906896701836,-3.45917669925046,-0.852698754320927,-0.0728919152442195,1
51.68,-1.63763532198633,-1.43945934811395,-1.30351270359741,-3.46247073836988,-0.843458708761118,-0.0738477066964058,1
51.7,-1.62844741033209,-1.44119842557007,-1.29785568947801,-3.46574496528857,-0.83429877780512,-0.0748109051497527,1
51.72,-1.61934073839239,-1.44304637219966,-1.29209736031833,-3.46900013445207,-0.82522030229372,-0.0757815051038221,1
51.74,-1.62474408263425,-1.443359042633,-1.28906498925776,-3.47211069441758,-0.830606859954478,-0.0752036666613531,1
51.76,-1.63409421760227,-1.44334180046933,-1.28669301975966,-3.47516190791865,-0.839928333842793,-0.0742170571637635,1
51.78,-1.64353947410951,-1.44343395192483,-1.28422707257948,-3.4781864636282,-0.849345120709704,-0.0732370122153983,1
51.8,-1.65307856114025,-1.44363583584049,-1.28166685407121,-3.48118425418362,-0.858855930722651,-0.0722635738497764,1
51.82,-1.66271008388837,-1.44394775329012,-1.27901205592962,-3.48415523014941,-0.86845937016921,-0.0712967806688328,1
51.84,-1.67243254687272,-1.44436996760708,-1.27626235625542,-3.48709939909594,-0.87815394456173,-0.0703366678067728,1
51.86,-1.68224435464929,-1.444902704248,-1.27341741910515,-3.49001682628703,-0.887938059347665,-0.0693832668658254,1
51.88,-1.69214381282359,-1.44554615077204,-1.27047689401571,-3.49290763526378,-0.897810020920288,-0.0684366058601634,1
51.9,-1.70212912936506,-1.44630045693845,-1.26744041550236,-3.49577200832304,-0.907768037931791,-0.0674967091682622,1
51.92,-1.71219841622364,-1.44716573492444,-1.26430760252839,-3.49861018688937,-0.91781022290867,-0.066563597493963,1
51.94,-1.72234969124652,-1.4481420596651,-1.26107805794509,-3.50142247178036,-0.927934594167652,-0.0656372878364371,1
51.96,-1.73258088039155,-1.44922946931628,-1.25775136790009,-3.50420922336558,-0.938139078028456,-0.064717793469211,1
51.98,-1.74288982023167,-1.45042796584105,-1.25432710121228,-3.50697086162054,-0.948421511317935,-0.0638051239283448,1
52,-1.75327426074301,-1.45173751571961,-1.25080480871147,-3.50970786607744,-0.958779644158071,-0.0628992850098294,1
52.02,-1.76373186836756,-1.45315805078214,-1.24718402254044,-3.5124207756755,-0.969211143028829,-0.0620002787761799,1
52.04,-1.77425997301628,-1.45344554840255,-1.24861683720946,-3.51120151546645,-0.97971333839667,-0.061108125121632,1
52.06,-1.78484805300804,-1.45336286493444,-1.25194102546406,-3.50844910690307,-0.990275727731409,-0.0602234841655174,1
52.08,-1.79549227917216,-1.45338998315524,-1.25516717155261,-3.50567298155396,-1.0008944837686,-0.0593464222899643,1
52.1,-1.8061899915132,-1.45352656377698,-1.25829552570674,-3.50287329115862,-1.01156694530124,-0.0584768984983582,1
52.12,-1.81693848181177,-1.45377223467294,-1.26132632258604,-3.50005024081133,-1.02229040281184,-0.0576148687804629,1
52.14,-1.8277349980918,-1.4541265911468,-1.26425978213109,-3.4972040877027,-1.0330621029417,-0.0567602861907834,1
52.16,-1.83857674915949,-1.45458919629434,-1.26709611020029,-3.49433513997346,-1.04387925303248,-0.0559131009416389,1
52.18,-1.82767386720952,-1.45387096499701,-1.2653276803605,-3.4963893530723,-1.0330011116668,-0.0567650938153258,1
52.2,-1.81670394951868,-1.45325408163881,-1.26344008706581,-3.49844488322661,-1.02205641320793,-0.057633556988232,1
52.22,-1.80578516148149,-1.45274579644564,-1.26145709161997,-3.50047514261753,-1.01116306464105,-0.0585095908252425,1
52.24,-1.7949203852424,-1.45234650755089,-1.25937860054918,-3.50247975653665,-1.00032394942292,-0.059393239837405,1
52.26,-1.78411245348359,-1.45205657615228,-1.25720450983471,-3.50445840302922,-0.98954190145532,-0.0602845453049951,1
52.28,-1.77336414469971,-1.45187632600149,-1.25493470457013,-3.50641081389083,-0.978819700356817,-0.061183545188576,1
52.3,-1.76267817854444,-1.45180604299083,-1.25256905851867,-3.50833677565544,-0.968160066806891,-0.0620902740458072,1
52.32,-1.7522703541638,-1.45053525558791,-1.25563303588433,-3.50603188451365,-0.957778264022516,-0.0629862775090386,1
52.34,-1.74196993065675,-1.44916071958722,-1.25950328485185,-3.50301473846884,-0.947503970974689,-0.0638860130077915,1
52.36,-1.7317446401537,-1.44789726793863,-1.26327482036854,-3.49997381621332,-0.937305005430954,-0.0647924285377721,1
52.38,-1.72159666941667,-1.44674492053736,-1.26694813139861,-3.49690861467173,-0.927183553953918,-0.065705516467353,1
52.4,-1.71152811997174,-1.44570366358324,-1.27052368703015,-3.49381869026454,-0.91714171776495,-0.0666252655303134,1
52.42,-1.70154100555463,-1.44477344883356,-1.27400193731995,-3.49070365881043,-0.907181510190009,-0.067551660824397,1
52.44,-1.69163724975188,-1.44395419296353,-1.27738331401279,-3.48756319542698,-0.897304854301199,-0.0684846838259183,1
52.46,-1.68181868392365,-1.4432457770481,-1.28066823122335,-3.48439703433315,-0.887513580840296,-0.0694243124131544,1
52.48,-1.67208704541315,-1.44264804616438,-1.28385708608312,-3.48120496855189,-0.877809426429098,-0.0703705208984167,1
52.5,-1.66244397604587,-1.44216080911353,-1.28695025935405,-3.4779868495125,-0.868194032069795,-0.0713232800686262,1
52.52,-1.65289102091971,-1.44178383826055,-1.28994811601112,-3.47474258655279,-0.858668941936526,-0.0722825572342018,1
52.54,-1.6434296274858,-1.44151686948978,-1.29285100579521,-3.47147214632183,-0.849235602457857,-0.0732483162859935,1
52.56,-1.63406114491786,-1.44135960227342,-1.29565926373819,-3.46817555208477,-0.839895361688002,-0.0742205177599678,1
52.58,-1.62478682376627,-1.44131169985013,-1.29837321066155,-3.46485288293185,-0.830649468962966,-0.0751991189093142,1
52.6,-1.62392332770466,-1.44008568337603,-1.30428937234381,-3.46010069594196,-0.829788644177373,-0.0752910714690815,1
52.62,-1.63170202968053,-1.43764065006062,-1.31349427225568,-3.4538941437165,-0.837543432754462,-0.0744678965242022,1
52.64,-1.63953417905436,-1.43530396555048,-1.32258322337747,-3.44768651219622,-0.845351840125538,-0.0736506037955208,1
52.66,-1.64741887877741,-1.43307537916588,-1.33155772528273,-3.44147656374043,-0.853212968849395,-0.0728391806571228,1
52.68,-1.65535519352567,-1.43095466057076,-1.34041919853657,-3.4352631216024,-0.861125883177544,-0.0720336131287126,1
52.7,-1.66334215213184,-1.4289415977093,-1.34916899019161,-3.42904506654854,-0.869089611478444,-0.0712338858454604,1
52.72,-1.66922033190827,-1.42662829408024,-1.36014160103694,-3.4207599754049,-0.874950893643707,-0.0706521580732016,1
52.74,-1.67409050046291,-1.42422609331971,-1.37209980675682,-3.41150928467816,-0.87980718729208,-0.0701744857855396,1
52.76,-1.67897334466525,-1.42192781814266,-1.38393324899464,-3.40227599411756,-0.884676232069188,-0.0696994066876065,1
52.78,-1.68386860952916,-1.41973277458108,-1.39564442356338,-3.39305831846815,-0.889557772577414,-0.0692269067186421,1
52.8,-1.68877603780426,-1.41764033070459,-1.40723569795784,-3.38385453891967,-0.894451551151736,-0.0687569717427528,1
52.82,-1.69369536977497,-1.41564991298092,-1.41870931871968,-3.3746629993698,-0.899357307660134,-0.0682895875586222,1
52.84,-1.69862634335009,-1.41376100305388,-1.43006741801157,-3.36548210306896,-0.904274779593193,-0.0678247399016763,1
52.86,-1.70356869415359,-1.41197313474265,-1.44131201970171,-3.35631030953311,-0.909203702154974,-0.0673624144462927,1
52.88,-1.70852215561666,-1.41028589124179,-1.45244504500209,-3.34714613170214,-0.914143808355131,-0.0669025968080453,1
52.9,-1.71348645907087,-1.40869890250351,-1.46346831769934,-3.33798813332326,-0.91909482910214,-0.0664452725459864,1
52.92,-1.71846133384244,-1.4072118427855,-1.47438356901302,-3.32883492654141,-0.924056493297621,-0.0659904271649601,1
52.94,-1.72344650734741,-1.40582442834929,-1.48519244211282,-3.3196851696801,-0.929028527931582,-0.06553804611795,1
52.96,-1.72841228663555,-1.40453333075045,-1.49591433039779,-3.31052124580696,-0.933981316303342,-0.0650907548905593,1
52.98,-1.73336640762896,-1.40333915661771,-1.50654565004231,-3.30134663745287,-0.938922571498675,-0.0646477673853101,1
53,-1.73832970643137,-1.40224393931806,-1.51707496420397,-3.29217190808461,-0.943873073781279,-0.0642071610900761,1
53.02,-1.74330191224961,-1.40124754047875,-1.52750361412983,-3.28299587275588,-0.948832551933985,-0.0637689215153333,1
53.04,-1.74828275296316,-1.40034985445695,-1.53783287094098,-3.27381738402206,-0.953800733411352,-0.0633330341363343,1
53.06,-1.75327195521392,-1.39955080668434,-1.54806393863969,-3.26463533058454,-0.95877734442944,-0.0628994843956513,1
53.08,-1.75826924450055,-1.39885035209207,-1.55819795692357,-3.25544863604795,-0.96376211006025,-0.0624682577055436,1
53.1,-1.76327434527306,-1.39824847360663,-1.56823600382192,-3.24625625778411,-0.968754754326412,-0.0620393394503352,1
53.12,-1.76828698102761,-1.3977451807101,-1.57817909816781,-3.23705718589597,-0.973755000295993,-0.0616127149888033,1
53.14,-1.7733068744013,-1.3973405080584,-1.58802820191822,-3.22785044227535,-0.978762570177414,-0.0611883696565716,1
53.16,-1.77833374726701,-1.39703451415215,-1.59778422233329,-3.21863507974907,-0.983777185414317,-0.0607662887685115,1
53.18,-1.7833673208281,-1.39682728005466,-1.60744801402518,-3.20941018130817,-0.988798566780363,-0.0603464576211447,1
53.2,-1.78058592736569,-1.39648576939371,-1.60984729519056,-3.20722481100807,-0.986023900309841,-0.0605780980688572,1
53.22,-1.77080968380199,-1.39604122694642,-1.60570604969992,-3.21135405701229,-0.976271499561502,-0.0613991049817911,1
53.24,-1.76108354532557,-1.39570575216683,-1.60147486180492,-3.21545383459245,-0.966569396172508,-0.0622267189288458,1
53.26,-1.75140951018236,-1.39547939303738,-1.59715376915284,-3.21952401369915,-0.956919589290824,-0.0630609706511752,1
53.28,-1.74178953058831,-1.39536215998775,-1.59274279955866,-3.22356451538689,-0.947324031978206,-0.0639018886446614,1
53.3,-1.73222551178443,-1.39535402698442,-1.58824197169457,-3.22757531011119,-0.937784630255873,-0.0647494991276205,1
53.32,-1.72546575067836,-1.39577096309637,-1.58017896444503,-3.23486108087358,-0.931042477180101,-0.0653557657458863,1
53.34,-1.71997948095904,-1.39643285281063,-1.57043901084206,-3.24364162245283,-0.925570628782467,-0.0658523042025788,1
53.36,-1.71450700874205,-1.39719393334529,-1.5606048545521,-3.25241329209591,-0.920112660608397,-0.0663516854334649,1
53.38,-1.70904869445528,-1.39805415912973,-1.55067555037136,-3.26117706051859,-0.91466893356423,-0.0668539257082839,1
53.4,-1.70360489542682,-1.39901350834258,-1.54065009673788,-3.26993393130193,-0.909239805451645,-0.0673590411730438,1
53.42,-1.69817596542381,-1.40007198418234,-1.53052743364913,-3.27868494170481,-0.903825630507804,-0.0678670478481931,1
53.44,-1.69276225450294,-1.40122961631764,-1.52030644021366,-3.28743116366724,-0.89842675925581,-0.0683779616250663,1
53.46,-1.68736410886364,-1.40248646240147,-1.50998593204127,-3.29617370491107,-0.893043538357706,-0.068891798262415,1
53.48,-1.68198187070383,-1.40384260965589,-1.49956465845863,-3.30491371014468,-0.887676310470229,-0.0694085733830235,1
53.5,-1.67661587807873,-1.40529817653416,-1.48904129953576,-3.31365236237903,-0.882325414103452,-0.0699283024704176,1
53.52,-1.67126646476258,-1.40685331446829,-1.47841446290772,-3.32239088436317,-0.876991183482455,-0.0704510008656678,1
53.54,-1.66526325886103,-1.40843144232204,-1.46837908577746,-3.33046812105382,-0.871005177373784,-0.0710431344310613,1
53.56,-1.65748104767017,-1.40990444538099,-1.46012686301949,-3.3367448886668,-0.863245523307312,-0.0718196907716135,1
53.58,-1.64974646377748,-1.41148160225105,-1.45177512098088,-3.34300884716234,-0.855533657559722,-0.0726017751772805,1
53.6,-1.64206040789627,-1.41316285749992,-1.44332304572056,-3.34926085037285,-0.847870481294523,-0.0733894027059206,1
53.62,-1.63442374806678,-1.41494816203559,-1.43476977466288,-3.35550179643072,-0.840256862970683,-0.0741825871936637,1
53.64,-1.6268373198902,-1.41683747494897,-1.42611439444117,-3.36173262809256,-0.832693638573139,-0.0749813412596778,1
53.66,-1.61930192605063,-1.41883076518083,-1.41735593859696,-3.3679543333705,-0.825181611134815,-0.07578567630518,1
53.68,-1.61181833589725,-1.42092801326186,-1.40849338514023,-3.37416794622662,-0.817721550318716,-0.0765956025142148,1
53.7,-1.60438728508671,-1.42312921313025,-1.39952565395933,-3.38037454733719,-0.810314192060483,-0.0774111288561695,1
53.72,-1.59700947528607,-1.42543437403165,-1.39045160406816,-3.38657526493454,-0.802960238271394,-0.0782322630900154,1
53.74,-1.58968557393578,-1.42784352250679,-1.38127003067703,-3.39277127573473,-0.795660356601565,-0.0790590117702524,1
53.76,-1.58241621407262,-1.43035670447277,-1.37197966207245,-3.39896380595998,-0.788415180263102,-0.0798913802545157,1
53.78,-1.57520199421181,-1.43297398740469,-1.36257915628927,-3.40515413246576,-0.781225307912459,-0.0807293727128238,1
53.8,-1.56804347828757,-1.43569546262493,-1.35306709755744,-3.41134358398301,-0.774091303591328,-0.0815729921384166,1
53.82,-1.56195500792307,-1.43863820425482,-1.34209002258086,-3.41885634128882,-0.768023964535749,-0.0823002544258754,1
53.84,-1.55629571948058,-1.44173097593676,-1.33046432019067,-3.4268957698742,-0.762384557699175,-0.0829844920477896,1
53.86,-1.55066963841272,-1.44492912243148,-1.31870987221179,-3.43495298096228,-0.756778476108044,-0.0836727719206231,1
53.88,-1.54507703540768,-1.44823339323517,-1.30682393824745,-3.44302995907105,-0.751205990731064,-0.084365103253149,1
53.9,-1.53951816870135,-1.45164460975703,-1.29480362504751,-3.45112877032947,-0.745667360072625,-0.085061494858057,1
53.92,-1.5339932839143,-1.45516367012133,-1.28264587668063,-3.45925156749375,-0.740162830010545,-0.0857619551532882,1
53.94,-1.52850261407048,-1.45879155444752,-1.27034746373246,-3.46740059546263,-0.73469263381487,-0.0864664921649717,1
53.96,-1.52304637962796,-1.46252933058538,-1.25790497151787,-3.4755781973229,-0.729256992178738,-0.0871751135306922,1
53.98,-1.51762478852163,-1.46637816035754,-1.24531478719627,-3.48378682098411,-0.723856113261146,-0.0878878265030667,1
54,-1.51223803621735,-1.47033930636873,-1.23257308566273,-3.49202902647027,-0.71849019274124,-0.0886046379536359,1
54.02,-1.50688630577742,-1.4744141394494,-1.21967581407083,-3.50030749394483,-0.713159413883919,-0.0893255543770491,1
54.04,-1.50156976793707,-1.47860414681091,-1.20661867482229,-3.50862503255703,-0.707863947616413,-0.0900505818955383,1
54.06,-1.49628858119148,-1.48291094100082,-1.19339710683427,-3.51698459020991,-0.702603952615489,-0.0907797262636709,1
54.08,-1.49104289189319,-1.48733626975997,-1.18000626486753,-3.52538926436542,-0.697379575404987,-0.0915129928733676,1
54.1,-1.48613682455782,-1.49189666670009,-1.16610701358532,-3.53419497041541,-0.692493682767254,-0.0922071090790743,1
54.12,-1.48139593953127,-1.49658770136489,-1.15187356074947,-3.54321410926597,-0.687772520715634,-0.0928856673312309,1
54.14,-1.47668394309965,-1.50140563437785,-1.13744722207307,-3.55229439281301,-0.68308035343998,-0.0935678622716464,1
54.16,-1.47200092881315,-1.50635318099862,-1.12282117068442,-3.56143993006365,-0.678417274696395,-0.0942537005517635,1
54.18,-1.46734698246495,-1.51143328414121,-1.10798810180099,-3.57065508064629,-0.673783370477594,-0.0949431886053438,1
54.2,-1.46553406944046,-1.51295470127124,-1.10400060936501,-3.57290941780081,-0.67197832792245,-0.095213943185568,1
54.22,-1.46885221498959,-1.50789844560101,-1.11989743041094,-3.56245543652763,-0.675282095328792,-0.0947193138742532,1
54.24,-1.47218270782961,-1.50298089653846,-1.13556880702071,-3.55208541874554,-0.678598275576294,-0.0942269307456298,1
54.26,-1.47552549763135,-1.49819837177832,-1.15102351279205,-3.5417942810102,-0.681926818084732,-0.0937367853662973,1
54.28,-1.47888053197184,-1.49354747732849,-1.1662697164719,-3.53157725641817,-0.685267670182065,-0.0932488693445821,1
54.3,-1.48224775677904,-1.489025080217,-1.18131504181339,-3.5214298620875,-0.688620777546877,-0.0927631742760059,1
54.32,-1.48562711633042,-1.48462828625699,-1.19616661515718,-3.51134787381188,-0.691986084206986,-0.0922796917430401,1
54.34,-1.4890185532522,-1.4803544202745,-1.21083110774649,-3.50132730351826,-0.695363532538622,-0.0917984133148753,1
54.36,-1.49242200851907,-1.47620100847448,-1.22531477346953,-3.49136437915891,-0.698753063266209,-0.0913193305472083,1
54.38,-1.49583742145464,-1.4721657626698,-1.23962348261715,-3.4814555267252,-0.702154615462724,-0.0908424349820466,1
54.4,-1.49926472973234,-1.46824656613875,-1.25376275215662,-3.47159735411665,-0.705568126550668,-0.0903677181475294,1
54.42,-1.50270386937705,-1.4644414609108,-1.26773777294933,-3.46178663663786,-0.708993532303641,-0.0898951715577649,1
54.44,-1.50690446171448,-1.46074256192568,-1.28082703730269,-3.4528297092968,-0.713177498305655,-0.0893230935980856,1
54.46,-1.51331966320278,-1.45713398624037,-1.29166854286254,-3.44624771941249,-0.719567616340384,-0.0884600029609982,1
54.48,-1.51978937319923,-1.45363101288402,-1.30238258184146,-3.4396799519341,-0.726012398271018,-0.0876022343962449,1
54.5,-1.52631334536272,-1.45023318274517,-1.31297146718403,-3.43312453807921,-0.73251159783454,-0.0867497915107026,1
54.52,-1.53289130428634,-1.44694008919042,-1.32343739117475,-3.42657967861062,-0.739064939681811,-0.0859026770459651,1
54.54,-1.53952294620816,-1.44375137477534,-1.33378243188667,-3.42004364074299,-0.745672120083236,-0.0850608928538448,1
54.56,-1.54620793873664,-1.44066672776946,-1.34400855947665,-3.41351475535294,-0.752332806653661,-0.0842244398796479,1
54.58,-1.55294592061316,-1.43768587888969,-1.35411764202097,-3.40699141443927,-0.759046638114473,-0.0833933181463635,1
54.6,-1.55973650151315,-1.43480859822359,-1.3641114509318,-3.40047206881074,-0.765813224094261,-0.0825675267398278,1
54.62,-1.5665792618872,-1.4320346923262,-1.37399166599128,-3.39395522598115,-0.772632144969548,-0.0817470637948971,1
54.64,-1.57347375284342,-1.42936400147549,-1.38375988003606,-3.38743944825364,-0.779502951746782,-0.0809319264826882,1
54.66,-1.58041949607228,-1.42679639707336,-1.39341760332203,-3.38092335097749,-0.786425165986814,-0.0801221109989264,1
54.68,-1.58741598381499,-1.42433177918028,-1.40296626759602,-3.37440560096247,-0.793398279772981,-0.0793176125534374,1
54.7,-1.59439381325092,-1.42196139667616,-1.41250535533541,-3.36779006461137,-0.80035311547517,-0.0785261827728016,1
54.72,-1.60133325800573,-1.41968288197658,-1.42206012890611,-3.36105270950201,-0.807269999297855,-0.0777496325809301,1
54.74,-1.6083191497262,-1.41750697497279,-1.4315089032071,-3.35431132516383,-0.814233479318951,-0.0769782024033142,1
54.76,-1.61535089920112,-1.41543363310821,-1.44085290362427,-3.3475647354097,-0.82124296603005,-0.0762118825582788,1
54.78,-1.62242789115471,-1.41346283475274,-1.4500932904086,-3.34081180978242,-0.828297843831602,-0.075450662447123,1
54.8,-1.62954948443196,-1.41159457729418,-1.45923116160955,-3.33405146253594,-0.835397471218493,-0.074694530550623,1
54.82,-1.63671501226928,-1.40982887532331,-1.46826755582623,-3.32728265170371,-0.842541181050555,-0.0739434744283027,1
54.84,-1.64392378260579,-1.40816575889617,-1.47720345479382,-3.32050437825262,-0.849728280863961,-0.0731974807188767,1
54.86,-1.65117507843536,-1.40660527186809,-1.48603978581806,-3.31371568531507,-0.856958053223244,-0.0724565351418745,1
54.88,-1.65846815819885,-1.40514747029481,-1.49477742406898,-3.30691565749288,-0.864229756113654,-0.0717206225004503,1
54.9,-1.66580225621629,-1.40379242089609,-1.50341719474475,-3.30010342022652,-0.871542623373449,-0.0709897266853709,1
54.92,-1.67317658315833,-1.40254019957811,-1.51195987511493,-3.29327813922429,-0.878895865165442,-0.0702638306801906,1
54.94,-1.68059032655622,-1.40139089001072,-1.52040619645221,-3.28643901994611,-0.886288668487239,-0.0695429165675901,1
54.96,-1.6864043640922,-1.40022146891605,-1.5301168600697,-3.27825015996377,-0.892086460626048,-0.0689836198425782,1
54.98,-1.69095487968863,-1.39905487579126,-1.54079136007879,-3.26901401673506,-0.896624367125741,-0.0685495086920278,1
55,-1.69551503109415,-1.39798606795714,-1.55136774855599,-3.259775272472,-0.901171974263279,-0.0681176251898191,1
55.02,-1.70008460899824,-1.39701500871554,-1.56184727138929,-3.25053273265266,-0.905729072368668,-0.0676879570286575,1
55.04,-1.704645069636,-1.39614499227382,-1.57218976244984,-3.24132223761401,-0.910277166850913,-0.06726219735063,1
55.06,-1.70919609469342,-1.39537487623367,-1.58239746285434,-3.23214273786042,-0.914815938273824,-0.0668403076719335,1
55.08,-1.71373736996332,-1.3947035505587,-1.59247252435963,-3.22299324048498,-0.919345071319071,-0.0664222498824123,1
55.1,-1.71826858541443,-1.39412993516334,-1.60241701420948,-3.21387280673208,-0.923864254855159,-0.0660079862447011,1
55.12,-1.72278943525117,-1.39365297764702,-1.61223291965009,-3.2047805497459,-0.92837318199725,-0.0655974793936377,1
55.14,-1.72729961796961,-1.3932716511643,-1.62192215215995,-3.19571563246878,-0.932871550163041,-0.0651906923356011,1
55.16,-1.7317988364095,-1.39298495242096,-1.63148655141639,-3.18667726567708,-0.937359061124803,-0.0647875884477672,1
55.18,-1.73628679780242,-1.39279189978641,-1.64092788901931,-3.17766470614362,-0.941835421057518,-0.0643881314772932,1
55.2,-1.74011969876701,-1.3926975433049,-1.64902739586804,-3.16985852440424,-0.945658473659553,-0.0640490338280516,1
55.22,-1.73502378638083,-1.39277865432817,-1.64009139036058,-3.178448413569,-0.940575666865309,-0.0645002834868475,1
55.24,-1.72995963869506,-1.39295067921005,-1.63111153886848,-3.18698908348045,-0.935524639835511,-0.0649520474856524,1
55.26,-1.7249274089812,-1.39321230147323,-1.62208829464163,-3.19548142149386,-0.930505545360116,-0.065404309204484,1
55.28,-1.71992724173036,-1.3935622279107,-1.61302208357101,-3.20392631944715,-0.925518527441483,-0.0658570517550104,1
55.3,-1.71495927291673,-1.39399918893838,-1.60391330484049,-3.21232467265639,-0.920563721557087,-0.0663102579738675,1
55.32,-1.71002363006166,-1.39452193879081,-1.59476233109913,-3.22067737954038,-0.915641254723658,-0.0667639104267695,1
55.34,-1.70491200636568,-1.39511909215668,-1.58570755071849,-3.22884557922461,-0.910543382469707,-0.067237369798742,1
55.36,-1.69961227078337,-1.39578923787689,-1.57675912927247,-3.23681931764675,-0.905258019988545,-0.0677322273645816,1
55.38,-1.69435021641002,-1.39654232339192,-1.56776856689859,-3.2447498596417,-0.900010355173785,-0.068227645951867,1
55.4,-1.68912596482992,-1.39737717628218,-1.55873620286669,-3.25263807032361,-0.894800508985462,-0.0687236039937412,1
55.42,-1.68393962657198,-1.3982926461543,-1.54966235127864,-3.26048481840782,-0.889628591319011,-0.0692200796017572,1
55.44,-1.67879130129112,-1.39928760485691,-1.54054730113811,-3.26829097591486,-0.884494701186693,-0.0697170505712383,1
55.46,-1.67368107790701,-1.40036094666086,-1.5313913164036,-3.27605741792527,-0.879398926856503,-0.0702144943882352,1
55.48,-1.66860903474907,-1.40151158842741,-1.52219463601971,-3.28378502236807,-0.874341345997406,-0.0707123882365941,1
55.5,-1.66357523970746,-1.40273846976621,-1.51295747392551,-3.29147466984221,-0.869322025830514,-0.071210709005133,1
55.52,-1.65857975038974,-1.40404055318442,-1.50368001903953,-3.29912724347019,-0.864341023285933,-0.0717094332949118,1
55.54,-1.65362261428275,-1.40541682422872,-1.49436243522002,-3.30674362878332,-0.859398385164904,-0.0722085374265908,1
55.56,-1.64870386891954,-1.40686629162168,-1.48500486119964,-3.31432471363825,-0.854494148306922,-0.0727079974478692,1
55.58,-1.64209700898041,-1.4082380150034,-1.47744950346616,-3.32006173313694,-0.847906972694546,-0.0733856267910729,1
55.6,-1.63538345313625,-1.40966932128026,-1.4700364294044,-3.32558085551663,-0.841213655171628,-0.0740823149550823,1
55.62,-1.62873875366641,-1.41117433336336,-1.46258018723681,-3.33106523618408,-0.83458922677001,-0.0747801177587213,1
55.64,-1.62216292385106,-1.41275188897742,-1.45508126868296,-3.33651562485112,-0.828033699314389,-0.0754789848804261,1
55.66,-1.61565594560142,-1.4144008375052,-1.44754014711682,-3.34193277885217,-0.821547053242102,-0.0761788653563792,1
55.68,-1.60921777037898,-1.41612004058636,-1.43995727762906,-3.34731746242564,-0.815129238523089,-0.0768797076171569,1
55.7,-1.60284832006647,-1.4179083726755,-1.43233309707073,-3.35267044605439,-0.808780175531914,-0.0775814595227343,1
55.72,-1.59654748785528,-1.41976472157685,-1.42466802409007,-3.35799250583675,-0.802499755936145,-0.07828406839742,1
55.74,-1.59031513914655,-1.42168798895612,-1.41696245916172,-3.36328442288818,-0.796287843598457,-0.0789874810646419,1
55.76,-1.58415111246348,-1.42367709083018,-1.40921678460791,-3.36854698277383,-0.790144275489972,-0.0796916438815192,1
55.78,-1.57805522037245,-1.42573095803489,-1.401431364611,-3.37378097497197,-0.784068862612338,-0.0803965027731687,1
55.8,-1.57202725041047,-1.42784853667191,-1.39360654521669,-3.37898719236848,-0.778061390926181,-0.0811020032666853,1
55.82,-1.56606696601681,-1.43002878853505,-1.38574265432758,-3.38416643078234,-0.77212162228368,-0.0818080905247396,1
55.84,-1.56017410746644,-1.43227069151685,-1.377840001686,-3.3893194885222,-0.766249295363009,-0.082514709378749,1
55.86,-1.55434839280341,-1.43457323999619,-1.36989887884595,-3.39444716597397,-0.760444126602614,-0.0832218043615684,1
55.88,-1.54858951877195,-1.43693544520755,-1.36191955913314,-3.39955026521939,-0.754705811133264,-0.0839293197396616,1
55.9,-1.54289716174353,-1.43935633559292,-1.35390229759265,-3.40462958968554,-0.749034023706052,-0.0846371995447072,1
55.92,-1.5372709786381,-1.44183495713704,-1.3458473309234,-3.40968594382522,-0.743428419614479,-0.0853453876046061,1
55.94,-1.53239912077057,-1.44442481921561,-1.33681359864753,-3.41567219640493,-0.738574585784217,-0.0859656378989037,1
55.96,-1.52791817314328,-1.44709777041121,-1.32727432945244,-3.42211147920417,-0.734110386771098,-0.0865419868465488,1
55.98,-1.52348231817394,-1.44982610776625,-1.3176971834048,-3.42853165334779,-0.72969127620949,-0.0871181803630366,1
56,-1.51909132318144,-1.45260921375217,-1.30808194851337,-3.43493360204594,-0.725317020367158,-0.08769418217917,1
56.02,-1.51474494867649,-1.45544649487966,-1.2984283854077,-3.44131821188394,-0.720987378701258,-0.0882699559567407,1
56.04,-1.51044294860801,-1.45833738190584,-1.28873622674842,-3.44768637318627,-0.716702104105316,-0.0888454652983687,1
56.06,-1.50618507068782,-1.46128133009196,-1.27900517654285,-3.45403898042688,-0.712460943234246,-0.0894206737581446,1
56.08,-1.50197105671,-1.46427781948123,-1.26923490940475,-3.46037693267556,-0.708263636824066,-0.0899955448520532,1
56.1,-1.49780064286498,-1.46732635519873,-1.25942506975507,-3.46670113408169,-0.70410992000621,-0.0905700420681598,1
56.12,-1.49367356004781,-1.47042646777581,-1.24957527095951,-3.47301249439713,-0.699999522616128,-0.0911441288765689,1
56.14,-1.48958953416067,-1.47357771350087,-1.23968509439901,-3.4793119295402,-0.695932169496063,-0.0917177687391436,1
56.16,-1.48554828640934,-1.4767796747994,-1.2297540884684,-3.48560036220264,-0.691907580791803,-0.0922909251189878,1
56.18,-1.48154953359354,-1.48003196064564,-1.21978176749838,-3.49187872250209,-0.687925472243268,-0.0928635614896902,1
56.2,-1.47759298839094,-1.48333420700874,-1.20976761059551,-3.49814794868241,-0.683985555468821,-0.093435641344325,1
56.22,-1.47367835963483,-1.48668607733661,-1.1997110603941,-3.50440898786495,-0.680087538243149,-0.0940071282042149,1
56.24,-1.46980535258529,-1.49008726308053,-1.18961152171384,-3.51066279685362,-0.676231124768686,-0.0945779856274493,1
56.26,-1.47064170504362,-1.49236872393445,-1.17929458522763,-3.51879474704627,-0.677063880445074,-0.0944542489587611,1
56.28,-1.47200292126646,-1.49457633106977,-1.16891093833603,-3.52712724087239,-0.678419258619485,-0.0942534070111358,1
56.3,-1.47336234038998,-1.49684173242697,-1.15847914293841,-3.53544918826574,-0.679772867005918,-0.0940535031903579,1
56.32,-1.47471989400614,-1.49916484615551,-1.14799834022113,-3.54376152889794,-0.681124637290213,-0.093854540750629,1
56.34,-1.47607551345623,-1.50154562177209,-1.13746761996317,-3.55206522252194,-0.682474500906722,-0.0936565229173672,1
56.36,-1.47742912989851,-1.50398404120134,-1.1268860182033,-3.56036125027091,-0.683822389105664,-0.0934594528785823,1
56.38,-1.47878067431643,-1.5064801199046,-1.11625251462266,-3.56865061614664,-0.685168232961373,-0.0932633337848648,1
56.4,-1.48013007752692,-1.50903390810532,-1.10556602972048,-3.57693434861819,-0.686511963380592,-0.0930681687493836,1
56.42,-1.48147727018878,-1.5116454921198,-1.09482542176438,-3.58521350234058,-0.687853511110819,-0.0928739608478891,1
56.44,-1.48282218281098,-1.51431499580293,-1.08402948349491,-3.59348916000427,-0.689192806748672,-0.0926807131187282,1
56.46,-1.48416474576115,-1.51704258211967,-1.07317693856152,-3.60176243432739,-0.690529780748317,-0.0924884285628635,1
56.48,-1.48550488927396,-1.51982845485423,-1.06226643766461,-3.6100344702043,-0.691864363429908,-0.0922971101439026,1
56.5,-1.4873364470923,-1.51809873979412,-1.06700397913115,-3.60722707540405,-0.693688350295101,-0.092036632134179,0
56.52,-1.48938378924312,-1.51439687146036,-1.07865270220144,-3.59950286997698,-0.695727268819778,-0.0917468151940155,0
56.54,-1.49142320886844,-1.51078960907034,-1.09011119458868,-3.59187197457892,-0.69775833829973,-0.0914595234904893,0
56.56,-1.49345462608593,-1.50727410103954,-1.10138526182727,-3.58433145584969,-0.699781478339007,-0.0911747394413809,0
56.58,-1.49547796167098,-1.50384764760435,-1.11248038114399,-3.5768785567156,-0.701796609204946,-0.0908924456524786,0
56.6,-1.49749313711892,-1.5005076882536,-1.12340172862558,-3.56951068179784,-0.703803651890098,-0.0906126249080602,0
56.62,-1.49950007464791,-1.49725179105036,-1.13415420202718,-3.56222538528342,-0.705802528115,-0.0903352601693894,0
56.64,-1.50149869720143,-1.49407764297152,-1.14474244140775,-3.55502035995162,-0.707793160330715,-0.0900603345732246,0
56.66,-1.50348892845074,-1.49098304114911,-1.15517084784021,-3.5478934272236,-0.709775471721147,-0.0897878314303421,0
56.68,-1.50547069279691,-1.4879658849127,-1.16544360041191,-3.54084252812097,-0.711749386205102,-0.0895177342240757,0
56.7,-1.50744391537276,-1.48502416854509,-1.17556467170264,-3.53386571503325,-0.713714828438151,-0.0892500266088675,0
56.72,-1.5094085220445,-1.48215597467495,-1.1855378419037,-3.52696114420744,-0.715671723814247,-0.0889846924088343,0
56.74,-1.51136443941321,-1.47935946823923,-1.19536671172137,-3.52012706888335,-0.71761999846713,-0.088721715616347,0
56.76,-1.51331159481602,-1.47663289095664,-1.20505471419033,-3.513361833008,-0.719559579271508,-0.0884610803906241,0
56.78,-1.51524991632716,-1.47397455626054,-1.21460512550751,-3.50666386547006,-0.721490393844034,-0.0882027710563376,0
56.8,-1.51717933275874,-1.47138284464536,-1.22402107498414,-3.50003167480253,-0.72341237054405,-0.0879467721022332,0
56.82,-1.51909977366135,-1.46885619938644,-1.23330555420216,-3.49346384430784,-0.725325438474147,-0.087693068179762,0
56.84,-1.52101116932442,-1.46639312259735,-1.24246142545135,-3.48695902756449,-0.727229527480507,-0.0874416441017258,0
56.86,-1.52291345077644,-1.46399217159298,-1.25149142951516,-3.48051594427933,-0.729124568153035,-0.0871924848409359,0
56.88,-1.52480654978488,-1.46165195553008,-1.26039819286579,-3.47413337645319,-0.731010491825311,-0.0869455755288829,0
56.9,-1.52669039885605,-1.45937113230007,-1.26918423432218,-3.46781016483119,-0.732887230574332,-0.0867009014544198,0
56.92,-1.52856493123466,-1.45714840565146,-1.27785197121943,-3.4615452056121,-0.734754717220073,-0.0864584480624567,0
56.94,-1.53043008090321,-1.45498252252178,-1.28640372513244,-3.45533744739391,-0.736612885324846,-0.0862182009526689,0
56.96,-1.53228578258123,-1.4528722705609,-1.29484172719282,-3.44918588833478,-0.738461669192496,-0.0859801458782149,0
56.98,-1.53413197172433,-1.45081647582936,-1.30316812303361,-3.44308957351112,-0.740301003867394,-0.0857442687444681,0
57,-1.53596858452304,-1.44881400065714,-1.31138497739328,-3.43704759245597,-0.742130825133264,-0.08551055560776,0
57.02,-1.53779555790152,-1.44686374164962,-1.31949427840718,-3.43105907686271,-0.743951069511842,-0.0852789926741335,0
57.04,-1.53961282951606,-1.44496462782874,-1.32749794161199,-3.42512319844057,-0.745761674261347,-0.08504956629811,0
57.06,-1.54142033775347,-1.44311561889862,-1.33539781368632,-3.41923916690957,-0.747562577374813,-0.0848222629814655,0
57.08,-1.5432180217292,-1.44131570362579,-1.34319567594815,-3.41340622812393,-0.749353717578227,-0.0845970693720205,0
57.1,-1.54500582128546,-1.43956389832519,-1.35089324762836,-3.4076236623136,-0.751135034328538,-0.0843739722624383,0
57.12,-1.54678367698902,-1.43785924544379,-1.3584921889375,-3.40189078243506,-0.752906467811488,-0.0841529585890377,0
57.14,-1.54855153012897,-1.4362008122346,-1.36599410394133,-3.39620693262279,-0.754667958939307,-0.0839340154306131,0
57.16,-1.55030932271431,-1.43458768951419,-1.37340054325975,-3.39057148673394,-0.756419449348255,-0.0837171300072689,0
57.18,-1.55205699747134,-1.43301899049784,-1.38071300660189,-3.38498384697917,-0.758160881396019,-0.0835022896792621,0
57.2,-1.55379449784101,-1.43149384970646,-1.38793294514938,-3.37944344263348,-0.759892198158977,-0.083289481945857,0
57.22,-1.55552176797602,-1.43001142194041,-1.39506176379879,-3.37394972882108,-0.761613343429312,-0.0830786944441905,0
57.24,-1.55723875273787,-1.42857088131542,-1.40210082327307,-3.36850218536903,-0.763324261712012,-0.0828699149481475,0
57.26,-1.55894539769377,-1.42717142035634,-1.40905144211125,-3.36310031572491,-0.765024898221724,-0.0826631313672474,0
57.28,-1.56064164911338,-1.42581224914471,-1.41591489854484,-3.3577436459338,-0.766715198879503,-0.0824583317455396,0
57.3,-1.56232745396549,-1.42449259451665,-1.42269243226848,-3.35243172367084,-0.768395110309409,-0.0822555042605124,0
57.32,-1.56400275991452,-1.42321169930768,-1.42938524611223,-3.34716411732515,-0.770064579835029,-0.0820546372220081,0
57.34,-1.56566751531694,-1.42196882164132,-1.43599450762172,-3.34194041513209,-0.771723555475843,-0.0818557190711518,0
57.36,-1.56732166921762,-1.42076323425877,-1.44252135055247,-3.33676022435025,-0.773371985943508,-0.0816587383792885,0
57.38,-1.56896517134596,-1.41959422388693,-1.44896687628381,-3.33162317048059,-0.775009820638022,-0.0814636838469311,0
57.4,-1.57059797211205,-1.41846109064244,-1.45533215515755,-3.32652889652465,-0.776637009643796,-0.0812705443027174,0
57.42,-1.57222002260262,-1.4173631474694,-1.46161822774623,-3.32147706227962,-0.778253503725611,-0.0810793087023788,0
57.44,-1.57383127457696,-1.41629971960883,-1.46782610605527,-3.31646734366774,-0.779859254324496,-0.0808899661277167,0
57.46,-1.57543168046275,-1.41527014409779,-1.47395677466315,-3.31149943209793,-0.781454213553504,-0.0807025057855914,0
57.48,-1.57702119335173,-1.41427376929653,-1.48001119180342,-3.30657303385766,-0.783038334193401,-0.0805169170069173,0
57.5,-1.57859976699537,-1.41330995444189,-1.48599029039195,-3.30168786953322,-0.784611569688269,-0.0803331892456722,0
57.52,-1.58016735580042,-1.4123780692255,-1.49189497900283,-3.29684367345662,-0.786173874141038,-0.0801513120779117,0
57.54,-1.58172391482438,-1.41147749339526,-1.49772614279582,-3.2920401931776,-0.787725202308914,-0.0799712752007972,0
57.56,-1.58326939977088,-1.41060761637889,-1.50348464439829,-3.28727718895909,-0.789265509598767,-0.0797930684316308,0
57.58,-1.58480376698503,-1.40976783692819,-1.50917132474411,-3.28255443329502,-0.790794752062416,-0.0796166817069012,0
57.6,-1.58632697344867,-1.40895756278284,-1.51478700387214,-3.27787171044891,-0.792312886391869,-0.0794421050813377,0
57.62,-1.58783897677556,-1.40817621035283,-1.52033248168646,-3.27322881601222,-0.793819869914475,-0.0792693287269761,0
57.64,-1.58933973520651,-1.40742320441828,-1.5258085386805,-3.26862555648127,-0.795315660588044,-0.0790983429322309,0
57.66,-1.59082920760446,-1.40669797784584,-1.53121593662712,-3.26406174885167,-0.79680021699588,-0.0789291381009786,0
57.68,-1.59230735344949,-1.40599997132077,-1.53655541923638,-3.25953722022942,-0.798273498341772,-0.0787617047516515,0
57.7,-1.59377413283379,-1.40532863309383,-1.54182771278289,-3.25505180745749,-0.79973546444494,-0.0785960335163369,0
57.72,-1.59522950645656,-1.40468341874221,-1.5470335267043,-3.25060535675743,-0.801186075734909,-0.0784321151398904,0
57.74,-1.59667343561889,-1.4040637909438,-1.55217355417233,-3.24619772338482,-0.802625293246368,-0.078269940479054,0
57.76,-1.59810588221859,-1.40346921926408,-1.55724847263804,-3.24182877129805,-0.804053078613951,-0.0781095005015871,0
57.78,-1.59952680874496,-1.40289917995499,-1.56225894435245,-3.2374983728397,-0.805469394067017,-0.0779507862854023,0
57.8,-1.60093617827355,-1.4023531557652,-1.56720561686385,-3.23320640842987,-0.806874202424348,-0.0777937890177159,0
57.82,-1.60233395446086,-1.40183063576115,-1.57208912349303,-3.22895276627065,-0.808267467088862,-0.0776384999942012,0
57.84,-1.60372010153904,-1.40133111515837,-1.57691008378745,-3.22473734206162,-0.809649152042245,-0.077484910618156,0
57.86,-1.6050945843105,-1.40085409516257,-1.58166910395545,-3.2205600387253,-0.811019221839595,-0.077333012399676,0
57.88,-1.60645736814261,-1.40039908281999,-1.58636677728154,-3.21642076614237,-0.812377641604021,-0.0771827969548376,0
57.9,-1.60780841896222,-1.39996559087661,-1.5910036845235,-3.21231944089627,-0.813724377021211,-0.0770342560048913,0
57.92,-1.60914770325029,-1.39955313764564,-1.59558039429245,-3.20825598602628,-0.815059394334006,-0.0768873813754607,0
57.94,-1.61047518803644,-1.39916124688321,-1.60009746341639,-3.20423033078933,-0.816382660336918,-0.0767421649957549,0
57.96,-1.61179084089349,-1.39878944767142,-1.60455543728834,-3.20024241042943,-0.817694142370677,-0.076598598897784,0
57.98,-1.61309462993202,-1.39843727430884,-1.60895485019951,-3.19629216595493,-0.818993808316727,-0.0764566752155882,0
58,-1.61438652379486,-1.39810426620778,-1.61329622565827,-3.19237954392301,-0.820281626591734,-0.0763163861844733,0
58.02,-1.61566649165161,-1.39778996779818,-1.61758007669576,-3.18850449623099,-0.821557566142067,-0.0761777241402557,0
58.04,-1.61693450319318,-1.39749392843775,-1.62180690615847,-3.18466697991434,-0.822821596438301,-0.0760406815185146,0
58.06,-1.61819052862625,-1.39721570232812,-1.62597720698863,-3.18086695695104,-0.824073687469692,-0.0759052508538547,0
58.08,-1.61943453866782,-1.39695484843658,-1.63009146249274,-3.17710439407192,-0.825313809738656,-0.0757714247791764,0
58.1,-1.62066650453967,-1.39671093042333,-1.63415014659897,-3.17337926257687,-0.826541934255258,-0.0756391960249548,0
58.12,-1.62188639796289,-1.39648351657387,-1.6381537241038,-3.16969153815651,-0.827758032531703,-0.0755085574185266,0
58.14,-1.62309419115242,-1.39627217973627,-1.64210265090838,-3.16604120071936,-0.828962076576814,-0.075379501883387,0
58.16,-1.62428985681151,-1.39607649726324,-1.64599737424511,-3.16242823422387,-0.830154038890548,-0.0752520224384934,0
58.18,-1.6254733681263,-1.39589605095851,-1.64983833289482,-3.15885262651557,-0.831333892458498,-0.0751261121975782,0
58.2,-1.62664469876035,-1.39573042702767,-1.65362595739499,-3.15531436916885,-0.832501610746411,-0.0750017643684705,0
58.22,-1.62780382284916,-1.39557921603288,-1.65736067023936,-3.1518134573332,-0.833657167694736,-0.0748789722524248,0
58.24,-1.62895071499481,-1.39544201285164,-1.66104288606928,-3.1483498895839,-0.83480053771316,-0.0747577292434594,0
58.26,-1.63008535026047,-1.39531841663907,-1.66467301185721,-3.14492366777689,-0.835931695675188,-0.0746380288277024,0
58.28,-1.63120770416509,-1.39520803079385,-1.66825144708267,-3.14153479690762,-0.837050616912725,-0.0745198645827463,0
58.3,-1.63231775267792,-1.39511046292744,-1.67177858390086,-3.13818328497383,-0.838157277210682,-0.0744032301770105,0
58.32,-1.63341547221329,-1.39502532483646,-1.67525480730446,-3.13486914284207,-0.839251652801621,-0.0742881193691116,0
58.34,-1.63450083962517,-1.39495223247818,-1.67868049527869,-3.13159238411787,-0.840333720360397,-0.0741745260072431,0
58.36,-1.63557383220194,-1.39489080594885,-1.68205601894996,-3.12835302501932,-0.84140345699885,-0.0740624440285625,0
58.38,-1.63663442766109,-1.39484066946476,-1.68538174272847,-3.12515108425416,-0.842460840260511,-0.0739518674585863,0
58.4,-1.63768260414399,-1.39480145134593,-1.68865802444488,-3.1219865829,-0.843505848115347,-0.0738427904105934,0
58.42,-1.63871834021066,-1.39477278400232,-1.69188521548129,-3.11885954428781,-0.844538458954532,-0.0737352070850364,0
58.44,-1.63974161483465,-1.3947543039223,-1.69506366089691,-3.11576999388837,-0.84555865158525,-0.0736291117689615,0
58.46,-1.64075240739779,-1.39474565166345,-1.6981936995484,-3.11271795920178,-0.846566405225532,-0.0735244988354355,0
58.48,-1.6417506976852,-1.3947464718454,-1.70127566420534,-3.10970346964978,-0.847561699499138,-0.0734213627429814,0
58.5,-1.64273646588013,-1.39475641314475,-1.70430988166075,-3.10672655647085,-0.84854451443046,-0.0733196980350217,0
58.52,-1.64370969255897,-1.39477512829186,-1.70729667283714,-3.1037872526181,-0.849514830439478,-0.0732194993393299,0
58.54,-1.64467035868623,-1.39480227406938,-1.71023635288802,-3.10088559265962,-0.850472628336744,-0.0731207613674894,0
58.56,-1.64561824590921,-1.39483330919838,-1.71313274270949,-3.09802237762745,-0.851417687866688,-0.073023418746017,0
58.58,-1.64655374686342,-1.39487641310057,-1.71597901990097,-3.09519610650776,-0.852350405058488,-0.0729275879579296,0
58.6,-1.64747662693361,-1.39492693993842,-1.71877910033362,-3.0924075912259,-0.853270543368325,-0.0728332029714105,0
58.62,-1.64838687396255,-1.39498456377625,-1.72153327638254,-3.08965687177524,-0.854178090484138,-0.0727402583531012,0
58.64,-1.64928447078566,-1.39504896169736,-1.72424183569775,-3.08694398942624,-0.855073029099389,-0.072648749226675,0
58.66,-1.65016940059557,-1.39511981485539,-1.72690506069171,-3.0842689865192,-0.855955342267078,-0.0725586707958617,0
58.68,-1.65104164693927,-1.39519680848843,-1.72952322860981,-3.08163190637938,-0.856825013396916,-0.0724700183446314,0
58.7,-1.6519011937135,-1.39527963192879,-1.73209661160203,-3.07903279323603,-0.857682026250668,-0.0723827872367154,0
58.72,-1.65274802516013,-1.39536797861382,-1.73462547679157,-3.07647169214352,-0.858526364937564,-0.072296972915135,0
58.74,-1.65358212586166,-1.39546154609766,-1.7371100863405,-3.07394864890448,-0.859358013909738,-0.0722125709017392,0
58.76,-1.65440348073671,-1.39556003606385,-1.73955069751245,-3.07146370999492,-0.860176957957743,-0.0721295767967482,0
58.78,-1.65521207503562,-1.39566315433884,-1.7419475627327,-3.06901692249121,-0.860983182206109,-0.0720479862783052,0
58.8,-1.65600789433607,-1.39577061090622,-1.74430092964547,-3.066608333999,-0.861776672108962,-0.0719677951020357,0
58.82,-1.65679092453873,-1.39588211992165,-1.74661104116871,-3.06423799258396,-0.862557413445672,-0.0718889991006159,0
58.84,-1.65756115186303,-1.3959973997285,-1.74887813554654,-3.06190594670431,-0.863325392316603,-0.071811594183345,0
58.86,-1.65831856284295,-1.39611617287399,-1.75110244639913,-3.05961224514509,-0.864080595138877,-0.0717355763357287,0
58.88,-1.65906314432285,-1.39623816612592,-1.75328420277055,-3.05735693695418,-0.864823008642217,-0.0716609416190684,0
58.9,-1.65979488345342,-1.3963631104899,-1.75542362917422,-3.05514007137994,-0.865552619864846,-0.0715876861700572,0
58.92,-1.66051376768759,-1.39649074122697,-1.75752094563649,-3.05296169781062,-0.866269416149445,-0.0715158062003851,0
58.94,-1.6612197847766,-1.39662079787162,-1.75957636773801,-3.05082186571523,-0.866973385139158,-0.0714452979963504,0
58.96,-1.66191292276608,-1.3967530242502,-1.76159010665333,-3.04872062458611,-0.867664514773684,-0.0713761579184787,0
58.98,-1.66259316999219,-1.39688716849952,-1.76356236918853,-3.04665802388301,-0.868342793285399,-0.0713083824011493,0
59,-1.66326051507784,-1.3970229830858,-1.76549335781719,-3.04463411297864,-0.869008209195572,-0.0712419679522285,0
59.02,-1.66391494653287,-1.39716023830202,-1.76738324513113,-3.04264899419142,-0.869660749829885,-0.0711768738290356,0
59.04,-1.66455645469796,-1.39729865483301,-1.76923230184435,-3.04070255729049,-0.87030040868766,-0.0711132086938596,0
59.06,-1.66518502794449,-1.39743803887231,-1.77104064071808,-3.03879501037924,-0.870927170784779,-0.0710508571893806,0
59.08,-1.66580065630307,-1.39757814672915,-1.77280847296829,-3.03692634883556,-0.87154102714959,-0.070989853550125,0
59.1,-1.66640332947193,-1.3977187641688,-1.77453595826992,-3.03509666570022,-0.872141966472724,-0.0709301631446591,0
59.12,-1.66699303870326,-1.39785963609288,-1.7762233384942,-3.03330587419422,-0.872729982662214,-0.0708718773353142,0
59.14,-1.66756977328409,-1.39800059015017,-1.77787070215773,-3.03155419726667,-0.873305061336232,-0.070814869939807,0
59.16,-1.66813352516562,-1.39814137178288,-1.77947829895673,-3.02984151392666,-0.873867197783221,-0.0707592557661277,0
59.18,-1.66868428455862,-1.39828180434039,-1.78104623451914,-3.0281679935792,-0.874416379623836,-0.0707049457150234,0
59.2,-1.6692220427311,-1.39842168312211,-1.78257467234899,-3.02653367663263,-0.874952598159217,-0.0706519408888187,0
59.22,-1.66974679204117,-1.39856078283832,-1.78406382039389,-3.02493850149634,-0.875475847840816,-0.0706003133185324,0
59.24,-1.67025852328151,-1.39869894421009,-1.78551376465228,-3.02338265183282,-0.875986116555132,-0.070549963056264,0
59.26,-1.67075722941994,-1.39883594468388,-1.78692471731698,-3.02186603929712,-0.876483399884856,-0.0705009800537162,0
59.28,-1.67124290184272,-1.3989716307378,-1.78829676286692,-3.02038883279897,-0.876967686590168,-0.0704532739599088,0
59.3,-1.67171553390983,-1.39910579238886,-1.78963009925142,-3.01895095554847,-0.877438972382602,-0.070406925685481,0
59.32,-1.67217511756389,-1.3992382821239,-1.79092480914712,-3.01755256231904,-0.877897246841281,-0.0703618539165278,0
59.34,-1.67262164655035,-1.39936890239712,-1.79218107668504,-3.01619358701729,-0.878342505816042,-0.070318131056863,0
59.36,-1.67305511335377,-1.39949751197505,-1.79339898244723,-3.01487417085309,-0.87877473967572,-0.0702756843189981,0
59.38,-1.67347551175381,-1.39962393668307,-1.79457867570082,-3.01359430254145,-0.879193943161994,-0.070234546793902,0
59.4,-1.67388283593695,-1.39974800358709,-1.79572030878224,-3.01235395502419,-0.879600111723362,-0.0701947619201571,0
59.42,-1.67427707880783,-1.39986959273501,-1.79682393649701,-3.01115329655191,-0.879993235555533,-0.0701562364953919,0
59.44,-1.67465823492144,-1.39998854050543,-1.79788970353263,-3.00999229821446,-0.880373310481206,-0.0701190141271376,0
59.46,-1.67502629862602,-1.40010470426535,-1.798917719395,-3.00887099550915,-0.880740330792715,-0.0700830928952272,0
59.48,-1.67538126499683,-1.40021792910362,-1.7999081229015,-3.00778935339632,-0.881094292916416,-0.0700485193179473,0
59.5,-1.67572312773403,-1.40032811597126,-1.80086094958655,-3.0067475444486,-0.881435187689152,-0.0700151948482297,0
59.52,-1.67605188229018,-1.40043511943937,-1.80177633066377,-3.00574553156442,-0.881763011920031,-0.0699831661671097,0
59.54,-1.6763675241757,-1.40053880620292,-1.80265437950799,-3.00478330570439,-0.882077761886433,-0.0699524596813336,0
59.56,-1.67667004815613,-1.40063907730032,-1.80349514801535,-3.00386097791867,-0.882379430676912,-0.0699230176746179,0
59.58,-1.67695945010675,-1.40073580900201,-1.80429874199703,-3.00297853698132,-0.882668014938431,-0.0698948667036176,0
59.6,-1.67723572583076,-1.40082889234995,-1.80506524418401,-3.00213601091366,-0.88294351043189,-0.0698680053152707,0
59.62,-1.6774988716365,-1.40091821345049,-1.8057947526839,-3.00133338628246,-0.883205914238128,-0.0698424600992043,0
59.64,-1.67774888309851,-1.40100369266032,-1.80648730431004,-3.00057076941801,-0.883455220266959,-0.0698181737729483,0
59.66,-1.67798575690519,-1.40108522581035,-1.80714298962001,-2.99984814454239,-0.883691425983769,-0.0697951730698737,0
59.68,-1.67820948965898,-1.40116272347713,-1.80776187618358,-2.99916553497879,-0.883914527956351,-0.0697734567996681,0
59.7,-1.6784200781487,-1.40123610113107,-1.8083440278044,-2.99852296284128,-0.884124522940817,-0.0697530238383217,0
59.72,-1.6786175193587,-1.401305279164,-1.80888950451173,-2.99792044901628,-0.88432140789068,-0.0697338731269955,0
59.74,-1.67880181046758,-1.40137018289842,-1.80939836256433,-2.9973580131495,-0.884505179955635,-0.0697160036719056,0
59.76,-1.67897294884714,-1.40143074259626,-1.80987065445404,-2.99683567363386,-0.884675836480436,-0.0696994145442129,0
59.78,-1.67913093240892,-1.40148688286675,-1.81030644976449,-2.99635340364133,-0.884833376235934,-0.0696841353331234,0
59.8,-1.67927575821932,-1.40153856509225,-1.81070575174034,-2.99591130693866,-0.884977794495973,-0.0696701043260635,0
59.82,-1.67940742455782,-1.40158572376972,-1.81106862246713,-2.99550935414288,-0.885109090403535,-0.0696573512497925,0
59.84,-1.67952592956584,-1.40162830900623,-1.81139509939079,-2.99514755852769,-0.885227262080541,-0.069645875433637,0
59.86,-1.6796312715667,-1.40166627587167,-1.81168521621207,-2.99482593206889,-0.885332307832667,-0.0696356762720812,0
59.88,-1.67972344907165,-1.40169958441576,-1.81193900288037,-2.99454448543402,-0.885424226155437,-0.0696267532240398,0
59.9,-1.67980246077933,-1.40172819967278,-1.81215648559539,-2.99430322797604,-0.885503015733608,-0.0696191058127969,0
59.92,-1.67986830557521,-1.40175209166572,-1.81233768680868,-2.99410216772769,-0.88556867544065,-0.0696127336259493,0
59.94,-1.67992098253114,-1.40177123540982,-1.81248262522483,-2.99394131139685,-0.885621204338277,-0.0696076363153599,0
59.96,-1.67996049090497,-1.40178561091558,-1.81259131580253,-2.99382066436244,-0.885660601676089,-0.069603813597113,0
59.98,-1.67998683014027,-1.4017952031911,-1.81266376975541,-2.99374023067137,-0.885686866891246,-0.0696012652514822,0
60,-1.67999999986607,-1.40180000224393,-1.81269999455264,-2.9937000130361,-0.885699999608264,-0.0695999911228988,0
