0,-1.68,-1.4018,-1.8127,-2.9937,-0.8857,-0.0696,0
0.01,-1.68,-1.4018,-1.8127,-2.9937,-0.8857,-0.0696,0
0.02,-1.6800040300933,-1.40179859591399,-1.81269179454323,-2.9937098562449,-0.885704018768412,-0.0695996101097616,0
0.03,-1.68001209033341,-1.40179578800813,-1.81267538342573,-2.99372956867009,-0.885712056358739,-0.0695988303292298,0
0.04,-1.68002418084874,-1.40179157692107,-1.81265076615838,-2.99375913711976,-0.88572411289941,-0.0695976606587844,0
0.05,-1.68004030183193,-1.40178596361028,-1.81261794200835,-2.99379856135837,-0.885740188583119,-0.0695961011002743,0
0.06,-1.68006045353984,-1.40177894935208,-1.81257690999913,-2.99384784107067,-0.88576028366682,-0.0695941516570187,0
0.07,-1.68008463629354,-1.4017705357416,-1.8125276689105,-2.99390697586174,-0.885784398471726,-0.0695918123338068,0
0.08,-1.68011285047831,-1.40176072469274,-1.81247021727854,-2.993975965257,-0.885812533383302,-0.0695890831368991,0
0.09,-1.68014509654365,-1.40174951843812,-1.81240455339563,-2.99405480870228,-0.885844688851265,-0.0695859640740282,0
0.1,-1.68018137500323,-1.40173691952904,-1.81233067531043,-2.99414350556389,-0.885880865389574,-0.0695824551543998,0
0.11,-1.68022168643495,-1.40172293083545,-1.81224858082787,-2.99424205512863,-0.885921063576424,-0.0695785563886937,0
0.12,-1.68026603148088,-1.40170755554583,-1.81215826750917,-2.9943504566039,-0.885965284054238,-0.0695742677890653,0
0.13,-1.68031441084724,-1.40169079716717,-1.81205973267178,-2.99446870911778,-0.886013527529662,-0.0695695893691469,0
0.14,-1.68036682530447,-1.40167265952488,-1.81195297338943,-2.99459681171908,-0.886065794773551,-0.0695645211440489,0
0.15,-1.68042327568713,-1.40165314676269,-1.81183798649208,-2.99473476337747,-0.886122086620963,-0.0695590631303618,0
0.16,-1.68048376289394,-1.40163226334259,-1.8117147685659,-2.99488256298355,-0.886182403971147,-0.0695532153461579,0
0.17,-1.68054828788776,-1.40161001404471,-1.81158331595328,-2.99504020934898,-0.886246747787527,-0.0695469778109933,0
0.18,-1.68061685169555,-1.4015864039672,-1.81144362475282,-2.99520770120659,-0.886315119097698,-0.0695403505459092,0
0.19,-1.68068945540841,-1.40156143852618,-1.81129569081928,-2.99538503721051,-0.886387518993401,-0.0695333335734355,0
0.2,-1.6807661001815,-1.40153512345556,-1.81113950976359,-2.99557221593627,-0.88646394863052,-0.0695259269175911,0
0.21,-1.6808467872341,-1.40150746480693,-1.81097507695282,-2.995769235881,-0.886544409229059,-0.0695181306038882,0
0.22,-1.68093151784952,-1.40147846894945,-1.81080238751017,-2.99597609546352,-0.886628902073128,-0.0695099446593335,0
0.23,-1.68102029337512,-1.40144814256969,-1.81062143631493,-2.99619279302452,-0.886717428510927,-0.0695013691124314,0
0.24,-1.6811131152223,-1.4014164926715,-1.81043221800248,-2.99641932682676,-0.886809989954726,-0.0694924039931867,0
0.25,-1.68120998486644,-1.40138352657584,-1.81023472696425,-2.99665569505517,-0.886906587880846,-0.0694830493331075,0
0.26,-1.68131090384695,-1.40134925192064,-1.81002895734767,-2.9969018958171,-0.887007223829641,-0.0694733051652081,0
0.27,-1.68141587376718,-1.4013136766606,-1.8098149030562,-2.99715792714246,-0.887111899405476,-0.0694631715240122,0
0.28,-1.68152489629441,-1.40127680906707,-1.80959255774926,-2.99742378698395,-0.887220616276704,-0.0694526484455561,0
0.29,-1.68163797315988,-1.40123865772783,-1.80936191484218,-2.99769947321727,-0.887333376175643,-0.0694417359673923,0
0.3,-1.68175510615869,-1.40119923154689,-1.80912296750623,-2.9979849836413,-0.887450180898556,-0.0694304341285928,0
0.31,-1.68187629714985,-1.40115853974436,-1.8088757086685,-2.99828031597836,-0.887571032305619,-0.069418742969753,0
0.32,-1.68200154805617,-1.40111659185618,-1.80862013101194,-2.99858546787445,-0.887695932320904,-0.0694066625329949,0
0.33,-1.68213086086433,-1.40107339773394,-1.80835622697527,-2.99890043689943,-0.887824882932343,-0.0693941928619717,0
0.34,-1.68226423762476,-1.4010289675447,-1.80808398875295,-2.99922522054735,-0.887957886191707,-0.0693813340018713,0
0.35,-1.68240168045168,-1.40098331177069,-1.80780340829515,-2.99955981623667,-0.888094944214574,-0.0693680859994206,0
0.36,-1.68254319152303,-1.40093644120917,-1.80751447730768,-2.99990422131051,-0.888236059180299,-0.0693544489028899,0
0.37,-1.68268877308044,-1.40088836697214,-1.80721718725196,-3.00025843303698,-0.888381233331984,-0.0693404227620969,0
0.38,-1.68283842742924,-1.4008391004861,-1.80691152934493,-3.00062244860943,-0.888530468976444,-0.0693260076284114,0
0.39,-1.6829921572038,-1.40078864566432,-1.80659750995975,-3.00099623273145,-0.888683769400264,-0.0693112259585348,0
0.4,-1.68314996430203,-1.40073703020868,-1.80627508902836,-3.00137984728376,-0.888841135201353,-0.0692960329947445,0
0.41,-1.68331185149293,-1.4006842586745,-1.80594427242418,-3.00177325681561,-0.889002569801284,-0.069280451201047,0
0.42,-1.68347782133246,-1.4006303437374,-1.80560505039085,-3.00217645822551,-0.889168075757695,-0.0692644806354243,0
0.43,-1.68364787644373,-1.40057529839261,-1.80525741292213,-3.00258944833769,-0.889337655695447,-0.0692481213570787,0
0.44,-1.68382201951333,-1.40051913594829,-1.80490134976698,-3.00301222390356,-0.889511312302899,-0.0692313734267945,0
0.45,-1.68400025344055,-1.40046186562781,-1.80453685907267,-3.00344476342735,-0.889689048845984,-0.0692142494609775,0
0.46,-1.68418258073768,-1.40040351015399,-1.80416391281535,-3.00388709986883,-0.889870867109056,-0.069196724412505,0
0.47,-1.68436900443556,-1.40034407938386,-1.80378250864538,-3.00433921158426,-0.890056770489857,-0.0691788109036877,0
0.48,-1.68455952747174,-1.4002835878702,-1.80339263533488,-3.00480109503811,-0.890246761927919,-0.0691605090019224,0
0.49,-1.68475415284942,-1.40022205048133,-1.80299428140739,-3.00527274662321,-0.890440844428449,-0.0691418187759845,0
0.5,-1.68495288363498,-1.40015948239668,-1.80258743514114,-3.00575416266185,-0.890639021059889,-0.0691227402962651,0
0.51,-1.68515572295794,-1.40009589910648,-1.80217208456889,-3.00624533940619,-0.890841294953872,-0.0691032736347769,0
0.52,-1.68536267401091,-1.40003131641136,-1.80174821747787,-3.0067462730387,-0.891047669305162,-0.0690834188651607,0
0.53,-1.68557374004954,-1.39996575042208,-1.80131582140964,-3.00725695967259,-0.891258147371612,-0.0690631760626914,0
0.54,-1.68578892439247,-1.39989921755914,-1.80087488365999,-3.00777739535229,-0.891472732474112,-0.0690425453042845,0
0.55,-1.68600823078004,-1.39983172399314,-1.80042541199207,-3.00830753258245,-0.891691429226746,-0.0690215566686291,0
0.56,-1.68623166193194,-1.39976330786658,-1.79996735179377,-3.00884745422412,-0.891914238608139,-0.0690001502268601,0
0.57,-1.68645922172847,-1.39969397599497,-1.79950071031587,-3.00939711263478,-0.89214116537293,-0.0689783560689613,0
0.58,-1.6866909137326,-1.39962374602207,-1.79902547387952,-3.0099565035904,-0.892372213086546,-0.0689561742791546,0
0.59,-1.68692674157704,-1.39955263591174,-1.79854162854975,-3.01052562279853,-0.892607385384214,-0.0689336049426593,0
0.6,-1.68716670895717,-1.3994806639354,-1.79804916014502,-3.01110446590086,-0.892846685963843,-0.0689106481463764,0
0.61,-1.68741081963094,-1.39940784867162,-1.79754805423707,-3.01169302847375,-0.893090118585974,-0.0688873039788959,0
0.62,-1.68765907741879,-1.39933420900572,-1.79703829615074,-3.01229130602879,-0.893337687073703,-0.0688635725305045,0
0.63,-1.68791148620362,-1.39925976412939,-1.79651987096386,-3.01289929401331,-0.893589395312628,-0.0688394538931924,0
0.64,-1.68816805039319,-1.39918451992925,-1.79599279015007,-3.01351693201121,-0.893845248830261,-0.068814986624168,0
0.65,-1.68842877305937,-1.39910852340802,-1.79545698502237,-3.01414432695753,-0.894105248466418,-0.0687900938786345,0
0.66,-1.68869365875581,-1.39903178110366,-1.7949124665289,-3.01478141829297,-0.894369399895386,-0.068764814229218,0
0.67,-1.68896271160392,-1.39895431341094,-1.7943592187721,-3.01542820121675,-0.894637707241492,-0.0687391477758124,0
0.68,-1.68923593579778,-1.39887614104711,-1.79379722559182,-3.01608467086387,-0.894910174701763,-0.0687130946190427,0
0.69,-1.68951333559348,-1.39879728503326,-1.79322647057969,-3.01675082230871,-0.895186806535289,-0.0686866548612852,0
0.7,-1.68979491570263,-1.39871775511018,-1.79264695971807,-3.01742660322637,-0.895467608403713,-0.0686598612088704,0
0.71,-1.6900806797079,-1.39863759605179,-1.79205863083824,-3.01811210326418,-0.895752581998092,-0.0686326485510495,0
0.72,-1.6903706324644,-1.39855681824208,-1.79146148939654,-3.01880726996307,-0.89604173312438,-0.0686050496088345,0
0.73,-1.69066477846561,-1.39847544389602,-1.79085551800323,-3.01951209816425,-0.896335066279297,-0.0685770644926277,0
0.74,-1.69096312227649,-1.39839349554713,-1.79024069900555,-3.020226582649,-0.896632586031036,-0.0685486933136869,0
0.75,-1.69126566890952,-1.39831098466717,-1.7896170366775,-3.0209506718366,-0.896934298321132,-0.0685199680510601,0
0.76,-1.69157242226992,-1.39822795709513,-1.7889844685298,-3.02168445302097,-0.897240205205949,-0.0684908250747804,0
0.77,-1.69188338751383,-1.39814442494312,-1.78834299830633,-3.02242787449374,-0.897550312771482,-0.0684612963792245,0
0.78,-1.69219856944133,-1.39806041192843,-1.78769260736851,-3.0231809308173,-0.897864625821325,-0.068431382083896,0
0.79,-1.69251797292399,-1.39797594208523,-1.78703327681265,-3.02394361649769,-0.898183149230573,-0.0684010823091546,0
0.8,-1.69284160289442,-1.39789103974641,-1.78636498748399,-3.02471592598828,-0.898505887935412,-0.0683703971772079,0
0.81,-1.69316946488513,-1.39780571366989,-1.78568775090018,-3.02549778923958,-0.89883284875893,-0.0683393711213352,0
0.82,-1.69350156285672,-1.39772002049775,-1.78500148557949,-3.02628932952479,-0.899164033090332,-0.0683079156296846,0
0.83,-1.69383790249467,-1.39763396964232,-1.78430620249026,-3.02709047666807,-0.89949944790693,-0.0682760751569048,0
0.84,-1.69417848895916,-1.39754758659943,-1.78360188149173,-3.02790122492424,-0.899839098372718,-0.0682438498341673,0
0.85,-1.69452332789462,-1.39746088515992,-1.782888525572,-3.028721519783,-0.900182991107932,-0.0682112732537953,0
0.86,-1.6948724237687,-1.39737391546775,-1.78216606727496,-3.0295514528403,-0.900531128639315,-0.0681782786124587,0
0.87,-1.69522578237147,-1.39728669195173,-1.78143450904567,-3.03039096947182,-0.900883517733737,-0.068144899520306,0
0.88,-1.69558340944108,-1.39719923146871,-1.78069384882585,-3.03124002402754,-0.901240164925535,-0.0681111633808979,0
0.89,-1.69594530977718,-1.39711158064655,-1.77994402700023,-3.0320986899688,-0.901601073433361,-0.0680770157904354,0
0.9,-1.69631148927132,-1.39702375699074,-1.77918504095328,-3.03296692153708,-0.901966249945806,-0.0680424841670267,0
0.91,-1.69668195350993,-1.39693578806787,-1.77841686875904,-3.03384471266525,-0.902335700053493,-0.0680075686548404,0
0.92,-1.69705670863219,-1.39684768752218,-1.77763951585134,-3.03473199987336,-0.902709431043262,-0.0679723087545298,0
0.93,-1.6974357593727,-1.39675951195457,-1.77685290454174,-3.03562889176586,-0.903087445366049,-0.0679366258826072,0
0.94,-1.6978191120215,-1.39667127565271,-1.7760570397045,-3.03653532475727,-0.903469750460777,-0.0679005595615917,0
0.95,-1.69820677278896,-1.39658299578976,-1.77525192079599,-3.03745124616187,-0.903856353467441,-0.0678641417905163,0
0.96,-1.69859874677258,-1.39649472448037,-1.77443747981096,-3.0383767426439,-0.904247257636717,-0.0678273090132509,0
0.97,-1.69899504034334,-1.39640647955502,-1.77361371562841,-3.03931176141867,-0.904642470270234,-0.067790093246358,0
0.98,-1.69939565949971,-1.39631829061093,-1.77278060452545,-3.04025629614772,-0.905041997371096,-0.067752494648268,0
0.99,-1.69980061087536,-1.39623017092406,-1.77193815471251,-3.0412102737541,-0.90544584690477,-0.0677145590638084,0
1,-1.70020989945248,-1.3961421839141,-1.77108627753706,-3.04217382125517,-0.905854021202388,-0.0676761952585002,0
1.01,-1.70062353202163,-1.39605434350774,-1.77022498062997,-3.04314686547813,-0.906266528387876,-0.0676374491037484,0
1.02,-1.7010415152628,-1.39596666701752,-1.76935426520674,-3.0441293462427,-0.906683376213813,-0.0675983575247663,0
1.03,-1.70146385455438,-1.39587921231423,-1.76847405430776,-3.04512136449163,-0.907104567926844,-0.0675588471528334,0
1.04,-1.70189055674535,-1.39579199737877,-1.76758434854704,-3.0461228599565,-0.907530111449793,-0.0675189549341488,0
1.05,-1.7023216287213,-1.39570503953602,-1.76668514996317,-3.0471337691007,-0.907960014805403,-0.0674787200108649,0
1.06,-1.70275707597522,-1.39561839920993,-1.76577637757838,-3.04815419932581,-0.908394281226249,-0.0674380645968077,0
1.07,-1.70319690556043,-1.39553209439028,-1.76485803282552,-3.04918408701345,-0.90883291890416,-0.0673970278572454,0
1.08,-1.70364112456242,-1.39544614237409,-1.76393011861428,-3.0502233651958,-0.909275936127681,-0.0673556512040142,0
1.09,-1.70408973858572,-1.39536060618648,-1.76299254984741,-3.05127214791973,-0.909723336109572,-0.0673138523291219,0
1.1,-1.70454275488727,-1.3952755037946,-1.76204532881704,-3.05233036814111,-0.910175127311316,-0.067271672669297,0
1.11,-1.70500018075166,-1.39519085243402,-1.76108845934743,-3.05339795538084,-0.910631318288096,-0.0672291559639748,0
1.12,-1.70546202189142,-1.39510671778207,-1.76012185211457,-3.05447503052734,-0.91109191222602,-0.0671862152677399,0
1.13,-1.70592828614497,-1.39502310653304,-1.75914553192535,-3.05556147854459,-0.911556919117402,-0.0671429246998579,0
1.14,-1.70639897964958,-1.39494007522103,-1.75815942763464,-3.05665738168316,-0.91202634334066,-0.0670992237287311,0
1.15,-1.70687411019377,-1.39485763549111,-1.75716355497932,-3.05776264258035,-0.912500194486156,-0.0670551743545428,0
1.16,-1.70735368400316,-1.39477584529466,-1.75615784065913,-3.0588773466768,-0.912978476957264,-0.0670107138819021,0
1.17,-1.70783770900768,-1.39469471597988,-1.75514230147876,-3.06000139334944,-0.913461200549334,-0.0669659064904927,0
1.18,-1.70832619151336,-1.39461430691439,-1.75411686196623,-3.06113487127576,-0.913948369682892,-0.0669206873070544,0
1.19,-1.70881913959102,-1.39453462913217,-1.75308154001642,-3.06227767653204,-0.91443999435819,-0.0668751227146434,0
1.2,-1.70931655962567,-1.39445574343179,-1.75203625795171,-3.06342990109251,-0.91493607901051,-0.0668291456293128,0
1.21,-1.70981845939235,-1.39437767347706,-1.75098100988204,-3.06459148874442,-0.91543663239943,-0.0667827899126467,0
1.22,-1.71032484690565,-1.39430043600079,-1.74991580334107,-3.06576235545541,-0.91594166407252,-0.0667361083323168,0
1.23,-1.71083572824209,-1.39422410685235,-1.7488405325649,-3.06694264889152,-0.916451177056789,-0.0666889959519904,0
1.24,-1.71135111205823,-1.3941486898009,-1.74775523060446,-3.06813223135479,-0.91696518260282,-0.0666415420351544,0
1.25,-1.71187100492128,-1.39407424926635,-1.74665981414052,-3.0693312033058,-0.917483685164886,-0.0665936738552648,0
1.26,-1.71239541539222,-1.39400079503325,-1.74555430508118,-3.070539448909,-0.918006695464125,-0.0665454657505452,0
1.27,-1.71292435012061,-1.39392839302544,-1.74443861775746,-3.07175707214891,-0.918534217968253,-0.0664968426461386,0
1.28,-1.71345781780697,-1.39385705262366,-1.74331277528738,-3.0729839536703,-0.919066263606871,-0.066447881240598,0
1.29,-1.71399582542372,-1.39378683377123,-1.74217670396039,-3.07422017178018,-0.919602837678525,-0.066398523951992,0
1.3,-1.71453838079069,-1.39371777545245,-1.74103037061789,-3.07546572102214,-0.920143947985366,-0.0663487701407863,0
1.31,-1.71508549252448,-1.39364989369317,-1.73987378619901,-3.07672050550522,-0.920689604908655,-0.0662986805268958,0
1.32,-1.71563716746223,-1.39358325821662,-1.73870685903467,-3.07798463826302,-0.921239812929288,-0.0662481740618184,0
1.33,-1.71619341465077,-1.39351787731179,-1.73752961537081,-3.07925799095643,-0.9217945834985,-0.0661973334644961,0
1.34,-1.71675424098462,-1.39345382221342,-1.73634196111423,-3.08054068031372,-0.92235392108572,-0.0661460752865883,0
1.35,-1.71731965564766,-1.39339110074377,-1.7351439237972,-3.08183257434093,-0.922917837349687,-0.0660944846876286,0
1.36,-1.71788966560058,-1.39332978568983,-1.73393540683798,-3.08313379354211,-0.92348633675454,-0.0660424757588402,0
1.37,-1.71846428016408,-1.39326988438454,-1.7327164390853,-3.08444420221305,-0.92405943116802,-0.0659901361449758,0
1.38,-1.71904350665132,-1.39321146255759,-1.73148693788862,-3.08576389125407,-0.924637125991145,-0.0659374000644522,0
1.39,-1.71962735364041,-1.39315455288868,-1.73024688408067,-3.0870928215426,-0.925219430450888,-0.0658842898080072,0
1.4,-1.72021582912639,-1.39309920550507,-1.72899622531385,-3.08843102095912,-0.925806351872489,-0.0658307823426471,0
1.41,-1.72080894237133,-1.39304543525569,-1.72773497674733,-3.08977837969657,-0.926397901555327,-0.065776947758001,0
1.42,-1.72140670053675,-1.39299331971075,-1.72646303407537,-3.09113502997221,-0.92699408394274,-0.0657226925503578,0
1.43,-1.72200911335028,-1.39294286461385,-1.72518043024714,-3.09250082467916,-0.927594911532058,-0.0656681120132767,0
1.44,-1.72261618801911,-1.39289414911976,-1.72388705835322,-3.09387590002322,-0.928200388739676,-0.0656131101057442,0
1.45,-1.72322793440437,-1.3928471784081,-1.72258295274715,-3.09526010503203,-0.928810528270849,-0.0655577847028753,0
1.46,-1.72384435977014,-1.3928020332661,-1.72126800384207,-3.09665357998654,-0.929425334523274,-0.0655020371601099,0
1.47,-1.72446547411071,-1.39275871828604,-1.71994224742619,-3.09805616999313,-0.930044820411668,-0.065445967980344,0
1.48,-1.72509128474509,-1.39271731590413,-1.71860557119614,-3.09946801946776,-0.930668990312247,-0.0653894758882103,0
1.49,-1.72572180179983,-1.39267783010576,-1.71725801239763,-3.100888969555,-0.931297857349098,-0.0653326640415317,0
1.5,-1.72635703264683,-1.39264034499282,-1.71589945597123,-3.1023191688657,-0.931931425874156,-0.0652754285073282,0
1.51,-1.726996987544,-1.3926048639243,-1.71452994064268,-3.10375845454253,-0.932569709220732,-0.065217875125025,0
1.52,-1.72764167391405,-1.39257147268467,-1.71314934855638,-3.10520697945119,-0.93321271171364,-0.065159897277709,0
1.53,-1.72829110214529,-1.39254017398704,-1.71175771994037,-3.10666457669292,-0.933860446895201,-0.065101603512593,0
1.54,-1.72894527970911,-1.39251105531556,-1.71035493410228,-3.10813140344819,-0.934512919060243,-0.0650428845030058,0
1.55,-1.72960421712317,-1.39248411871803,-1.70894103279436,-3.10960728873796,-0.93517014195981,-0.064983851529632,0
1.56,-1.73026792190539,-1.39245945339557,-1.70751589244636,-3.11109239411736,-0.935832119855852,-0.0649243925307249,0
1.57,-1.73093640470173,-1.39243706071132,-1.70607955635627,-3.11258654448875,-0.936498866707781,-0.064864621545611,0
1.58,-1.73109043983438,-1.39247437533207,-1.70730991085549,-3.11132703710242,-0.936652501843056,-0.0648508490658725,1
1.59,-1.73117144312412,-1.39252138295597,-1.70892729199963,-3.10966690331643,-0.936733295727338,-0.0648436389560024,1
1.6,-1.73125293929612,-1.39257166112373,-1.71055238657959,-3.10799584587721,-0.936814580343504,-0.0648363547873674,1
1.61,-1.73133492889607,-1.39262475482488,-1.71218559689441,-3.10631388229847,-0.936896357132206,-0.0648290273918866,1
1.62,-1.73141741165248,-1.39268071277583,-1.71382688633166,-3.10462100044398,-0.936978625823116,-0.0648216568094423,1
1.63,-1.73150038721253,-1.3927395841056,-1.71547621805179,-3.10291718798766,-0.937061386064782,-0.0648142430872585,1
1.64,-1.73158385522143,-1.39280141832308,-1.7171335550462,-3.10120243239242,-0.937144637503803,-0.0648067862728053,1
1.65,-1.73166781532246,-1.39286626531917,-1.71879886013705,-3.09947672090815,-0.937228379784826,-0.0647992864137981,1
1.66,-1.7317522671569,-1.39293417536896,-1.72047209597718,-3.09774004056979,-0.937312612550551,-0.064791743558197,1
1.67,-1.73183721036413,-1.39300519913386,-1.72215322504991,-3.09599237819522,-0.937397335441736,-0.064784157754206,1
1.68,-1.73192264458156,-1.39307938766382,-1.72384220966881,-3.09423372038336,-0.9374825480972,-0.0647765290502715,1
1.69,-1.73200856944464,-1.39315679239958,-1.7255390119775,-3.09246405351213,-0.937568250153827,-0.0647688574950825,1
1.7,-1.73181205022778,-1.39322905034878,-1.72721637272597,-3.09070405347847,-0.937372240454602,-0.0647864009424131,1
1.71,-1.73146392011467,-1.39330007178087,-1.72888684933481,-3.08894415489031,-0.937025013202555,-0.0648174877760437,1
1.72,-1.73111398935806,-1.3933744468074,-1.73056474250881,-3.08717337278423,-0.93667599044039,-0.0648487513428689,1
1.73,-1.73076220947727,-1.39345219891557,-1.73225003801944,-3.08539169503375,-0.936325123821054,-0.0648801962433849,1
1.74,-1.73040858428804,-1.39353336973314,-1.73394271983966,-3.08359905986768,-0.935972418078783,-0.0649118540437036,1
1.75,-1.73005311656602,-1.39361803790532,-1.73564270180287,-3.08179554675928,-0.935617874150198,-0.0649436615247054,1
1.76,-1.7296958102925,-1.39370623939723,-1.73734997976679,-3.07998106888822,-0.935261497415461,-0.0649756667671944,1
1.77,-1.72933666864034,-1.39379804200432,-1.73906448946975,-3.07815566025421,-0.93490329008451,-0.0650078366904041,1
1.78,-1.72897569529586,-1.39389349474449,-1.74078620305287,-3.07631928074066,-0.934543256323428,-0.0650401877798507,1
1.79,-1.72861289381999,-1.39399265347731,-1.74251508024517,-3.07447191463068,-0.93418139969211,-0.065072719999422,1
1.8,-1.72824826816675,-1.39409556138957,-1.74425110569615,-3.07261349499577,-0.933817725139463,-0.0651054675250357,1
1.81,-1.72788182117687,-1.3942023013342,-1.74599418855195,-3.07074410762387,-0.933452233514322,-0.0651383619136787,1
1.82,-1.72751355678273,-1.39431291720999,-1.74774431318208,-3.06886368516096,-0.93308492974308,-0.0651714373283155,1
1.83,-1.72714347863942,-1.39442746656885,-1.74950143854018,-3.0669722109727,-0.932715817479693,-0.0652046937297624,1
1.84,-1.7267715907959,-1.39454599376018,-1.7512655495877,-3.0650696148815,-0.932344901814669,-0.0652381668872568,1
1.85,-1.72639789613944,-1.3946685843495,-1.75303655257179,-3.06315598640609,-0.931972183549997,-0.0652717851671661,1
1.86,-1.72602239869305,-1.39479528340905,-1.75481443217291,-3.06123125493409,-0.931597667749289,-0.0653055843249458,1
1.87,-1.72536533427704,-1.39491401094357,-1.75650458703242,-3.05938707071619,-0.930942322023506,-0.0653647607159754,1
1.88,-1.72459528113798,-1.39503214563484,-1.75816377319488,-3.05756823615724,-0.930174286739932,-0.0654342375039107,1
1.89,-1.72382187085459,-1.3951545860974,-1.75982890302987,-3.05573890017991,-0.92940290492912,-0.0655040797456871,1
1.9,-1.72304504232537,-1.39528135461799,-1.7614999748991,-3.05389901757184,-0.928628116193161,-0.0655743116817374,1
1.91,-1.7222648072633,-1.39541251284935,-1.76317694423394,-3.05204857043655,-0.927849932253324,-0.0656449335767208,1
1.92,-1.72148117741771,-1.39554812279563,-1.76485976628306,-3.05018754072454,-0.927068364866008,-0.0657159456719903,1
1.93,-1.72069416461037,-1.39568824688331,-1.76654839606358,-3.04831591019349,-0.926283425860054,-0.0657873482087669,1
1.94,-1.71990378073557,-1.395832947963,-1.76824278835959,-3.04643366040788,-0.925495127136799,-0.0658591414281224,1
1.95,-1.71911003776003,-1.3959822893112,-1.76994289772079,-3.04454077273871,-0.924703480670042,-0.0659313255709552,1
1.96,-1.71831294772295,-1.3961363346321,-1.77164867846098,-3.04263722836325,-0.923908498506009,-0.0660039008779645,1
1.97,-1.7175125227359,-1.39629514805929,-1.77336008465659,-3.04072300826474,-0.923110192763316,-0.0660768675896253,1
1.98,-1.71662168913013,-1.39645362425639,-1.77502999788861,-3.03884554268603,-0.922221720493669,-0.0661581695303041,1
1.99,-1.71558605383752,-1.39660860041088,-1.77662876886743,-3.03703459458271,-0.921188834164013,-0.0662528174932565,1
2,-1.71454646923654,-1.39676855653785,-1.77823232072484,-3.03521347755168,-0.920152013900777,-0.0663479945967873,1
2.01,-1.71350283443438,-1.39693353201603,-1.7798406286026,-3.03338219006328,-0.919111158605593,-0.0664436937531121,1
2.02,-1.71245516879302,-1.39710359357612,-1.78145364358595,-3.03154071285332,-0.918066287655619,-0.0665399155079294,1
2.03,-1.71140349174406,-1.39727880825332,-1.7830713165767,-3.02968902653359,-0.917017420498851,-0.0666366604218081,1
2.04,-1.71034782284106,-1.39745924349732,-1.78469359820554,-3.02782711156945,-0.915964576705219,-0.0667339290552757,1
2.05,-1.70928818175939,-1.39764496717328,-1.78632043883023,-3.0259549482809,-0.9149077759665,-0.0668317219687529,1
2.06,-1.7082245882961,-1.39783604756258,-1.78795178853377,-3.0240725168436,-0.913847038096125,-0.0669300397225,1
2.07,-1.70715706236969,-1.39803255336363,-1.78958759712253,-3.02217979729009,-0.912782383028978,-0.0670288828765624,1
2.08,-1.70608562401991,-1.39823455369267,-1.79122781412438,-3.02027676951097,-0.911713830821166,-0.0671282519907169,1
2.09,-1.70496043263322,-1.39843843148246,-1.79283791976045,-3.01839873465366,-0.910591675298077,-0.0672327757577817,1
2.1,-1.70372679940094,-1.3986402133452,-1.79437983975891,-3.0165845835236,-0.909361376341179,-0.0673475734909798,1
2.11,-1.70248900444761,-1.39884770984279,-1.79592543110187,-3.01476054089363,-0.908126933859317,-0.0674629973889853,1
2.12,-1.70124696597002,-1.39906097206498,-1.7974746612237,-3.0129265998402,-0.906888265855189,-0.0675790407511286,1
2.13,-1.70000071037804,-1.39928007138889,-1.79902747679426,-3.01108274031388,-0.905645398761847,-0.0676957044008296,1
2.14,-1.69875026417721,-1.39950507945575,-1.80058382428286,-3.00922894219794,-0.904398359109409,-0.0678129891786011,1
2.15,-1.69749565403271,-1.39973606830056,-1.80214364985296,-3.00736518528495,-0.903147173587637,-0.0679308959244499,1
2.16,-1.69623690676898,-1.39997311035179,-1.80370689936009,-3.00549144927931,-0.901891869045504,-0.0680494254777727,1
2.17,-1.6949740493691,-1.40021627843113,-1.80527351834975,-3.00360771379985,-0.900632472490624,-0.0681685786772699,1
2.18,-1.69370710897419,-1.40046564575298,-1.80684345205532,-3.00171395838243,-0.899369011088639,-0.0682883563608603,1
2.19,-1.69243611288282,-1.40072128592406,-1.8084166453959,-2.99981016248273,-0.898101512162597,-0.0684087593655939,1
2.2,-1.69116108855033,-1.40098327294288,-1.80999304297414,-2.99789630547901,-0.896830003192294,-0.0685297885275639,1
2.21,-1.68984313415296,-1.40124824290416,-1.8115407315539,-2.99600535392854,-0.895515689820442,-0.0686551437664819,1
2.22,-1.68844625632415,-1.4015130877161,-1.81302995978225,-2.99416798683301,-0.894122679226135,-0.0687882866846583,1
2.23,-1.68704528990191,-1.40178450649674,-1.81452173633419,-2.99232090348468,-0.892725600519423,-0.0689221342979754,1
2.24,-1.68564017648251,-1.40206256033567,-1.81601602093719,-2.99046409225282,-0.89132439513558,-0.0690566810427085,1
2.25,-1.68423094922324,-1.40234732510015,-1.81751275542792,-2.98859753297162,-0.889919096261829,-0.0691919279727222,1
2.26,-1.68281764139592,-1.40263887688183,-1.81901188141322,-2.98672120547783,-0.888509737201297,-0.069327876157886,1
2.27,-1.68140028645453,-1.40293729212911,-1.82051334016122,-2.98483508958897,-0.887096351439229,-0.0694645266664057,1
2.28,-1.67997891803418,-1.40324264764549,-1.82201707259894,-2.98293916510758,-0.885678972641953,-0.0696018805646795,1
2.29,-1.67855356994992,-1.40355502058775,-1.82352301931008,-2.9810334118254,-0.884257634655646,-0.0697399389171795,1
2.3,-1.6771242761954,-1.4038744884641,-1.82503112053278,-2.97911780952775,-0.882832371505086,-0.0698787027863297,1
2.31,-1.67569107094166,-1.40420112913218,-1.82654131615733,-2.97719233799796,-0.881403217392338,-0.0700181732323851,1
2.32,-1.67425398853574,-1.40453502079703,-1.82805354572385,-2.97525697702188,-0.879970206695431,-0.0701583513133091,1
2.33,-1.67281306349936,-1.404876242009,-1.82956774841999,-2.97331170639254,-0.878533373966976,-0.0702992380846508,1
2.34,-1.67135274596902,-1.40522330369683,-1.83106957146415,-2.97137139172412,-0.877077213688453,-0.0704423602129392,1
2.35,-1.66984755411965,-1.40557371492195,-1.83253542267286,-2.96946049640969,-0.875576317225674,-0.0705902374242086,1
2.36,-1.66833860106361,-1.40593169108091,-1.83400280111342,-2.96753985189177,-0.87407168140197,-0.0707388661744326,1
2.37,-1.66682586703487,-1.4062973051791,-1.83547165457877,-2.96560944191624,-0.872563286364583,-0.0708882434566483,1
2.38,-1.66530939012746,-1.40667063727619,-1.83694191986101,-2.96366924693912,-0.871051170240818,-0.0710383704285102,1
2.39,-1.66378920856091,-1.40705176764419,-1.83841353346369,-2.96171924749271,-0.869535371284389,-0.0711892482566381,1
2.4,-1.66226536073243,-1.40744077686341,-1.83988643152015,-2.9597594241728,-0.868015927926594,-0.0713408781041659,1
2.41,-1.66073788521514,-1.40783774581928,-1.84136054979109,-2.9577897576446,-0.866492878774506,-0.0714932611305765,1
2.42,-1.65920682075602,-1.40824275569895,-1.8428358236622,-2.95581022864868,-0.864966262608999,-0.0716463984915562,1
2.43,-1.65767220627399,-1.40865588798793,-1.8443121881418,-2.953820818007,-0.863436118382738,-0.071800291338848,1
2.44,-1.65613408085781,-1.40907722446643,-1.84578957785845,-2.95182150662909,-0.861902485218119,-0.0719549408201046,1
2.45,-1.6546192570799,-1.40950869703903,-1.84728877313229,-2.94979133434539,-0.86039209742336,-0.0721076526121091,1
2.46,-1.65352074469347,-1.40997735717775,-1.84911655178864,-2.94742236783493,-0.859296811744455,-0.0722187336274852,1
2.47,-1.65241882212894,-1.4104544641367,-1.85094690608757,-2.94504202699714,-0.858198129283122,-0.0723302756052072,1
2.48,-1.65131408911505,-1.4109401414415,-1.85277967538774,-2.94265028261354,-0.857096650821145,-0.0724423148228161,1
2.49,-1.65020656641421,-1.4114344746388,-1.85461479737115,-2.94024711024229,-0.855992397138136,-0.0725548517176147,1
2.5,-1.64909627534127,-1.41193755054584,-1.85645220867909,-2.93783248522068,-0.854885389559225,-0.0726678866378807,1
2.51,-1.6479832372905,-1.41244945641375,-1.85829184556817,-2.93540638283857,-0.853775649488839,-0.0727814199290701,1
2.52,-1.64686747373418,-1.41297027992624,-1.86013364390746,-2.93296877834244,-0.852663198409362,-0.0728954519338801,1
2.53,-1.64574900622186,-1.41350010919849,-1.86197753917494,-2.93051964694021,-0.85154805788038,-0.0730099829921949,1
2.54,-1.64462785637964,-1.41403903277595,-1.86382346645383,-2.92805896380611,-0.850430249537915,-0.0731250134410308,1
2.55,-1.64429225208295,-1.41456164596354,-1.865931828015,-2.92540512975256,-0.8500956497596,-0.0731595934345879,1
2.56,-1.64443706318267,-1.41507702735254,-1.86820355421848,-2.92262784237959,-0.850240028579235,-0.0731447123138074,1
2.57,-1.64458222987768,-1.41560172228899,-1.87047907446322,-2.91983746741803,-0.850384762042714,-0.0731297984339972,1
2.58,-1.64472791371858,-1.41613559925298,-1.87275845195131,-2.91703408410363,-0.850530011219393,-0.0731148352280478,1
2.59,-1.64487411417194,-1.41667875448285,-1.87504162925152,-2.91421765355098,-0.850675775578548,-0.0730998227892452,1
2.6,-1.64502083068029,-1.4172312851086,-1.87732854833026,-2.91138813658372,-0.850822054565503,-0.0730847612133861,1
2.61,-1.64516806288153,-1.41779328269358,-1.87961916365829,-2.90854546568006,-0.850968848394884,-0.0730696702844905,1
2.62,-1.6453158098446,-1.41836485832495,-1.88191339075975,-2.90568965696786,-0.851116154990223,-0.073054510716137,1
2.63,-1.64546407115642,-1.41894610485261,-1.88421118346232,-2.90282064227555,-0.851263974515587,-0.0730393023018252,1
2.64,-1.64561284627689,-1.41953712223104,-1.88651248228421,-2.89993838105147,-0.851412306433598,-0.0730240451357329,1
2.65,-1.64561162125658,-1.42014963348329,-1.88879782491546,-2.89704044441042,-0.851411085061679,-0.0730241707311999,1
2.66,-1.64542100688722,-1.4207867437561,-1.89106204583875,-2.89412623601285,-0.851221038387691,-0.0730437135515475,1
2.67,-1.64522987427777,-1.42143406380745,-1.89332932395281,-2.89119871853342,-0.851030475206872,-0.0730633160306843,1
2.68,-1.64503815802544,-1.42209167198628,-1.89559963273021,-2.88825783566498,-0.850839330313054,-0.0730829849364113,1
2.69,-1.64484585957021,-1.42275967108598,-1.8978729094293,-2.8853035473833,-0.8506476051438,-0.0731027201858059,1
2.7,-1.64465298033328,-1.42343816453063,-1.9001490909302,-2.88233581341031,-0.85045530111796,-0.0731225216979476,1
2.71,-1.64445952173927,-1.42412725643756,-1.90242811370256,-2.87935459318532,-0.850262419657804,-0.0731423893916405,1
2.72,-1.64426548521622,-1.42482705162019,-1.90470991380005,-2.87635984586769,-0.850068962189002,-0.0731623231854138,1
2.73,-1.64407087250354,-1.42553764606593,-1.90699444700372,-2.8733514858898,-0.849874931353845,-0.0731823540858706,1
2.74,-1.64383944506451,-1.42626022658356,-1.90927083736374,-2.87033681095854,-0.849644195024514,-0.0732061453271674,1
2.75,-1.64309625125446,-1.42700862041166,-1.91139783348588,-2.86741095614118,-0.848903221508904,-0.0732825782472936,1
2.76,-1.64235167323097,-1.42776823238598,-1.91352644303608,-2.8644720040249,-0.84816087250892,-0.0733593114605056,1
2.77,-1.64160533877478,-1.42853915051966,-1.91565668969077,-2.86151988836227,-0.847416775030235,-0.0734363182955401,1
2.78,-1.6408572583277,-1.42932147810808,-1.9177885076309,-2.85855456237316,-0.846670939749866,-0.0735136068957256,1
2.79,-1.64010744206504,-1.43011532102301,-1.9199218255973,-2.85557599108744,-0.84592337684215,-0.0735911772169573,1
2.8,-1.63935590017802,-1.43092078569274,-1.92205657185018,-2.85258413946532,-0.845174096496818,-0.0736690292057568,1
2.81,-1.63860264288387,-1.43173797911788,-1.92419267415401,-2.84957897239169,-0.844423108929537,-0.073747162807004,1
2.82,-1.63784768042554,-1.43256700887022,-1.9263300597718,-2.84656045468294,-0.84367042438168,-0.0738255779639262,1
2.83,-1.63680690808166,-1.4333961627155,-1.92832103277914,-2.84366836491292,-0.842632795953958,-0.0739338044717824,1
2.84,-1.63553262847298,-1.43422750870724,-1.93019181326708,-2.84087782552561,-0.841362373794635,-0.0740665933755448,1
2.85,-1.63425650441737,-1.43507096099764,-1.93206228719054,-2.83807497681206,-0.840090123018123,-0.074199926655323,1
2.86,-1.63297823535046,-1.43592657355272,-1.93393248362385,-2.83525976542477,-0.838815742622276,-0.0743337892284251,1
2.87,-1.63169784725318,-1.43679445005453,-1.93580232165086,-2.8324321673083,-0.837539258593678,-0.0744681813750337,1
2.88,-1.63041536589426,-1.43767469389778,-1.93767172025152,-2.82959215880771,-0.83626069671051,-0.0746031034127963,1
2.89,-1.6291308171002,-1.43856740879748,-1.9395405978571,-2.82673971650157,-0.834980082808542,-0.0747385556545453,1
2.9,-1.6278442267545,-1.43947269878266,-1.94140887234465,-2.82387481721388,-0.833697442780423,-0.0748745384081459,1
2.91,-1.62655562079639,-1.44039066818959,-1.94327646103229,-2.82099743802576,-0.832412802574376,-0.0750110519764304,1
2.92,-1.62581470636554,-1.44133718517678,-1.94540469540079,-2.81786956294584,-0.831674177226547,-0.0750898485898016,1
2.93,-1.62529386107591,-1.44229637615221,-1.94764472140422,-2.81463308216467,-0.831154938919909,-0.0751451657446017,1
2.94,-1.62477182079662,-1.44326870127024,-1.94988559766902,-2.81138241802693,-0.830634512370228,-0.0752007149748965,1
2.95,-1.62424859003339,-1.44425430774929,-1.95212718052142,-2.80811768037548,-0.830112899020437,-0.0752563910132808,1
2.96,-1.62372417559728,-1.44525328403135,-1.95436945855338,-2.80483867789425,-0.829590108756767,-0.0753122995504357,1
2.97,-1.62506282753521,-1.44536843365498,-1.95522350625281,-2.80396583924425,-0.830924614722116,-0.0751695836324307,1
2.98,-1.62769094264258,-1.44487706100977,-1.95511955238594,-2.80474941801062,-0.833544615194929,-0.0748902533249313,1
2.99,-1.63033890881227,-1.44439712285468,-1.95500375911884,-2.80553284627833,-0.83618445878933,-0.0746106456168952,1
3,-1.6330037225481,-1.44392549748381,-1.95487900460433,-2.80631666489794,-0.838841137280718,-0.0743306016152143,1
3.01,-1.63568943396277,-1.44346731671683,-1.95474088170733,-2.80709968973907,-0.841518708344555,-0.0740503813686778,1
3.02,-1.63838812801318,-1.4430127069735,-1.95459791964857,-2.80788414961973,-0.844209242514598,-0.0737694852350991,1
3.03,-1.64024603864932,-1.4427321160095,-1.95456726034621,-2.80832356064906,-0.846061548964618,-0.0735765657486923,1
3.04,-1.63767123495749,-1.44333757887879,-1.95514502071278,-2.80696267322312,-0.843494513266128,-0.0738439724424507,1
3.05,-1.63509363206165,-1.44395301533207,-1.95571790470348,-2.80559551083417,-0.840924713228418,-0.074112577948915,1
3.06,-1.63251520172759,-1.44458086400141,-1.95628379864282,-2.80422152716526,-0.838354124292146,-0.0743825082552113,1
3.07,-1.62993604083946,-1.44522120930943,-1.95684261051011,-2.80284072367965,-0.835782843433965,-0.074653766507673,1
3.08,-1.62735624632694,-1.4458741351689,-1.95739424797707,-2.80145310269696,-0.833210967675312,-0.0749263558266108,1
3.09,-1.62477591514982,-1.44653972496626,-1.9579386184102,-2.80005866740817,-0.830638594066988,-0.0752002793057537,1
3.1,-1.62219514428255,-1.44721806154504,-1.95847562887325,-2.79865742189074,-0.828065819673655,-0.0754755400116914,1
3.11,-1.61961403069863,-1.44790922718936,-1.95900518612962,-2.79724937112353,-0.825492741558264,-0.0757521409833193,1
3.12,-1.61703267135502,-1.44861330360732,-1.959527196645,-2.79583452100181,-0.822919456766406,-0.076030085231287,1
3.13,-1.61438256260377,-1.44916752273866,-1.95962610096284,-2.79498611906662,-0.820277677882181,-0.0763168158244149,1
3.14,-1.61160096203937,-1.44942201606881,-1.95891943459193,-2.79523168778111,-0.817504864827246,-0.0766192969663078,1
3.15,-1.60881925513863,-1.44968811880161,-1.9582012902138,-2.79547542488242,-0.814731991665717,-0.0769233669024172,1
3.16,-1.60603755359591,-1.44996590994835,-1.95747158977056,-2.79571732121101,-0.811959170236758,-0.0772290305640442,1
3.17,-1.60341966068473,-1.45020100989195,-1.95670400159913,-2.79605135437847,-0.809349656495159,-0.0775174499423788,1
3.18,-1.60523926006357,-1.44914624084554,-1.95511342231736,-2.79883457027153,-0.811163433759923,-0.0773170468562999,1
3.19,-1.60706542308804,-1.44809461496034,-1.95351285944563,-2.80162514874733,-0.812983752992908,-0.0771158976527431,1
3.2,-1.60890212793095,-1.44705109267552,-1.9518981132224,-2.80442185843771,-0.814814600614733,-0.076914285072364,1
3.21,-1.61074941676239,-1.44601578755103,-1.95026911086807,-2.80722465364618,-0.816656018866475,-0.0767122115553795,1
3.22,-1.61260733163811,-1.44498881321436,-1.94862577949968,-2.81003348868265,-0.818508049875393,-0.0765096795596434,1
3.23,-1.61447591449178,-1.44397028335217,-1.94696804612804,-2.8128483178747,-0.820370735647168,-0.0763066915606019,1
3.24,-1.61635520712708,-1.44296031170182,-1.94529583765485,-2.81566909557911,-0.822244118057999,-0.076103250051248,1
3.25,-1.61824525120966,-1.44195901204297,-1.94360908086963,-2.81849577619342,-0.824128238846576,-0.0758993575420725,1
3.26,-1.62008205674318,-1.44095783731883,-1.94185530020756,-2.82138471937948,-0.825959307721355,-0.0757018883541659,1
3.27,-1.62163124763287,-1.43992535255712,-1.93984347208142,-2.82454148245549,-0.827503675283599,-0.0755358573533757,1
3.28,-1.62318871473065,-1.43890179389667,-1.93781627265012,-2.82770478036674,-0.829056307091548,-0.0753694138386295,1
3.29,-1.62475448890743,-1.4378872670977,-1.93577363061988,-2.83087457543728,-0.830617234058335,-0.0752025592602498,1
3.3,-1.62632860100428,-1.43688187787073,-1.93371547449782,-2.83405083022006,-0.832186487067588,-0.0750352950801236,1
3.31,-1.62791108182481,-1.43588573187035,-1.93164173258724,-2.83723350750763,-0.833764096965826,-0.0748676227718015,1
3.32,-1.62950196213119,-1.43489893469035,-1.92955233298166,-2.84042257034306,-0.835350094558448,-0.0746995438205037,1
3.33,-1.63110127264006,-1.43392159185895,-1.92744720355868,-2.84361798203085,-0.83694451060567,-0.0745310597231233,1
3.34,-1.63240743728115,-1.43294233887543,-1.92516388861927,-2.84697239982668,-0.838246688363595,-0.0743938170291577,1
3.35,-1.63322277906116,-1.4319538482846,-1.92259716804639,-2.85058476980861,-0.83905954616738,-0.074308309486887,1
3.36,-1.63404178316163,-1.43097505741823,-1.9200137747273,-2.85420423361792,-0.839876058788114,-0.0742225434545162,1
3.37,-1.63486446108772,-1.4300060573694,-1.91741363638044,-2.85783077179454,-0.840696237733708,-0.0741365190256614,1
3.38,-1.63569082438275,-1.42904693910919,-1.91479668030506,-2.86146436541496,-0.841520094550301,-0.0740502362956782,1
3.39,-1.63652088462319,-1.4280977934853,-1.91216283337351,-2.86510499610102,-0.842347640817227,-0.0739636953620586,1
3.4,-1.63735465341838,-1.4271587112232,-1.90951202202056,-2.86875264602935,-0.843178888146758,-0.073876896324448,1
3.41,-1.63819214241024,-1.42622978292754,-1.90684417223253,-2.87240729794093,-0.844013848183839,-0.0737898392846622,1
3.42,-1.63865607559301,-1.42532434811159,-1.90404202060736,-2.87614690514689,-0.844476381476116,-0.0737416492339121,1
3.43,-1.63901714130535,-1.42443293032153,-1.90119005541645,-2.87991514108386,-0.844836359514628,-0.0737042068841783,1
3.44,-1.63937963586884,-1.42355197011864,-1.89832060137267,-2.88369051512911,-0.845197761872192,-0.0736666085325036,1
3.45,-1.63974356324383,-1.42268154271945,-1.89543360220938,-2.88747297387895,-0.845560593428656,-0.0736288857766828,1
3.46,-1.64010892745835,-1.42182172164964,-1.89252900413318,-2.89126245813987,-0.84592485926424,-0.0735910748018064,1
3.47,-1.64047573134447,-1.42097261404424,-1.88960668228178,-2.89505906448374,-0.846290560094881,-0.0735531028518864,1
3.48,-1.64084397923497,-1.42013428558426,-1.88666659759505,-2.89886270008249,-0.846657702022374,-0.0735150307376738,1
3.49,-1.64121367425193,-1.41930683610446,-1.88370863904088,-2.90267342957497,-0.847026286733065,-0.0734768091093893,1
3.5,-1.64112183452522,-1.41852769766372,-1.88066654802598,-2.90648837538329,-0.846934722648948,-0.07348629795156,1
3.51,-1.64086357440422,-1.41777307890238,-1.87758263988448,-2.9103092275116,-0.846677237781037,-0.0735129855994388,1
3.52,-1.64060447191511,-1.41702968846435,-1.87448054407462,-2.91413696809378,-0.846418913428273,-0.0735397724858797,1
3.53,-1.6403445263882,-1.41629759933793,-1.87136019455687,-2.9179715623991,-0.846159749666597,-0.0735666842260564,1
3.54,-1.64008373630079,-1.41557690869787,-1.86822147496554,-2.92181308455635,-0.845899743502681,-0.0735936702893741,1
3.55,-1.639822100976,-1.41486768947287,-1.86506431771662,-2.92566150144299,-0.845638895004782,-0.0736207562838735,1
3.56,-1.64010878906127,-1.4141235020043,-1.8619633105732,-2.92952639023657,-0.845924720522176,-0.0735910629743751,1
3.57,-1.64043141472226,-1.41338789987592,-1.85884851775177,-2.93339889104821,-0.846246377018109,-0.0735577000502876,1
3.58,-1.64075527580572,-1.4126639312614,-1.85571508322316,-2.93727850282945,-0.846569264739178,-0.0735241926694019,1
3.59,-1.64229064737509,-1.41194771848281,-1.85317364961528,-2.94064109475584,-0.848100030918353,-0.0733656545705142,1
3.6,-1.64433277002932,-1.41124197233865,-1.85086545772235,-2.94379391014223,-0.850136047056663,-0.0731554400467561,1
3.61,-1.64638599224196,-1.41054846770155,-1.8485397944548,-2.9469518873689,-0.85218315157254,-0.0729448394955557,1
3.62,-1.64845035107269,-1.40986731516344,-1.84619657687175,-2.95011499351241,-0.854241381602688,-0.072733855567799,1
3.63,-1.65052588327988,-1.40919862518131,-1.84383572163267,-2.95328319615877,-0.856310773982998,-0.0725224909302629,1
3.64,-1.65261262531983,-1.40854250807799,-1.84145714498719,-2.95645646341357,-0.858391365247709,-0.072310748265072,1
3.65,-1.65471061333677,-1.40789907403837,-1.83906076276418,-2.95963476391691,-0.860483191619447,-0.0720986302695676,1
3.66,-1.65681988315286,-1.40726843310591,-1.83664649036061,-2.96281806685836,-0.862586288999195,-0.071886139656168,1
3.67,-1.65908178982516,-1.40666229381757,-1.83433976956187,-2.96587840249269,-0.86484160126182,-0.0716591210626702,1
3.68,-1.66136818957455,-1.40607025174705,-1.83202596564904,-2.96893235128443,-0.867121360952786,-0.0714305296797223,1
3.69,-1.66366708007415,-1.40549143212766,-1.82969427051848,-2.97199080225838,-0.869413601008564,-0.0712015794765225,1
3.7,-1.66597849782114,-1.40492594796909,-1.82734459797322,-2.97505372225754,-0.871718358022214,-0.070972273754633,1
3.71,-1.66830247880537,-1.40437391209433,-1.82497686138481,-2.97812107871991,-0.874035668079951,-0.0707426158307211,1
3.72,-1.67063905849606,-1.40383543713498,-1.82259097368186,-2.98119283969519,-0.876365566747745,-0.0705126090363088,1
3.73,-1.67298827182802,-1.40331063552651,-1.82018684733826,-2.98426897386165,-0.878708089057592,-0.0702822567175156,1
3.74,-1.67535015318782,-1.40279961950383,-1.8177643943612,-2.98734945054321,-0.881063269493664,-0.0700515622347949,1
3.75,-1.67772473639985,-1.40230250109693,-1.81532352627878,-2.99043423972649,-0.883431141978363,-0.0698205289626641,1
3.76,-1.6801120547123,-1.40181939212673,-1.81286415412749,-2.99352331207812,-0.885811739858273,-0.0695891602894262,1
3.77,-1.68251214078301,-1.40135040420118,-1.81038618843926,-2.99661663896208,-0.888205095890023,-0.0693574596168865,1
3.78,-1.68489726170196,-1.40089327836254,-1.80786543911041,-2.99973898689977,-0.890583554664824,-0.0691280951671317,1
3.79,-1.68718476889278,-1.40044105266643,-1.80523041575594,-3.00296387768394,-0.892864696443671,-0.0689089454641642,1
3.8,-1.68948418180517,-1.40000317361727,-1.80257630765367,-3.00619332329813,-0.89515773437141,-0.068689465065547,1
3.81,-1.69179552991947,-1.39957974913781,-1.79990302252303,-3.00942730228771,-0.897462698015327,-0.0684696569646085,1
3.82,-1.69411884219494,-1.39917088696611,-1.79721046744708,-3.0126657940011,-0.899779616421973,-0.0682495241667236,1
3.83,-1.69645414705568,-1.39877669465428,-1.79449854885662,-3.01590877860733,-0.902108518103059,-0.0680290696890698,1
3.84,-1.69880147237851,-1.39839727956822,-1.7917671725137,-3.01915623711328,-0.904449431023361,-0.0678082965603813,1
3.85,-1.70106697063217,-1.39802621986699,-1.7889485864855,-3.02247692557186,-0.906708762787491,-0.0675959889400112,1
3.86,-1.70304029070563,-1.39764891825812,-1.78589190445132,-3.0260243676409,-0.908676729425284,-0.0674116733243066,1
3.87,-1.70502314388972,-1.39728641430087,-1.78281497110357,-3.02957717412945,-0.91065421985223,-0.0672270360050534,1
3.88,-1.70701555385136,-1.39693880811452,-1.77971768593042,-3.03313534140551,-0.91264125779159,-0.0670420789206969,1
3.89,-1.70901754397444,-1.39660619977331,-1.77659994747569,-3.0366988668116,-0.91463786668386,-0.066856804019156,1
3.9,-1.71102425474913,-1.39628843906041,-1.77345903665939,-3.04027034190463,-0.916639200139657,-0.0666716630372903,1
3.91,-1.71254428197189,-1.39596035312143,-1.77003204576274,-3.0441104388627,-0.91815516518357,-0.0665318017946327,1
3.92,-1.71407104048711,-1.39564724215219,-1.76658383286452,-3.04795679205954,-0.919677853009558,-0.0663916471028071,1
3.93,-1.71560454801259,-1.39534919995861,-1.7631142871344,-3.05180941631464,-0.921207281361696,-0.0662511998655902,1
3.94,-1.7171448221859,-1.39506632048521,-1.7596232964647,-3.055668327576,-0.922743467904035,-0.0661104609925625,1
3.95,-1.7186918805539,-1.39479869782433,-1.75611074744237,-3.05953354293868,-0.924286430210049,-0.0659694313994629,1
3.96,-1.72022641779601,-1.3945456807643,-1.75256931324452,-3.06341198294202,-0.925816913967522,-0.0658298673377382,1
3.97,-1.72129647102502,-1.39428984602268,-1.74883050562968,-3.06746497656569,-0.926884146175687,-0.0657327375392982,1
3.98,-1.7223708486121,-1.39404929698686,-1.74506947883624,-3.0715249622189,-0.927955695891131,-0.0656353716568821,1
3.99,-1.72344956208075,-1.39382412446787,-1.74128610863289,-3.07559197236514,-0.929031574644572,-0.0655377699377128,1
4,-1.72453262295712,-1.39361441961042,-1.73748026914783,-3.07966604076941,-0.930111793969442,-0.0654399326313546,1
4.01,-1.72562004276309,-1.39342027390812,-1.73365183283286,-3.08374720251867,-0.931196365394962,-0.0653418599901468,1
4.02,-1.72671183301548,-1.39324177922235,-1.72980067042486,-3.08783549404137,-0.932285300445406,-0.0652435522692145,1
4.03,-1.72762178413796,-1.39307310137835,-1.72588088156765,-3.09197269157428,-0.933192875432543,-0.0651617391756244,1
4.04,-1.72830478927641,-1.39291282084972,-1.72188144563744,-3.0961689029849,-0.933874099155846,-0.0651004028930075,1
4.05,-1.7289903312555,-1.39276830288472,-1.7178587021375,-3.10037272423816,-0.934557854910134,-0.0650389009273389,1
4.06,-1.72967841621837,-1.39263965118776,-1.71381248757921,-3.10458425034783,-0.935244147930448,-0.0649772020511219,1
4.07,-1.73036905185386,-1.3925269213115,-1.70974272877293,-3.10880339207055,-0.935932988624715,-0.0649153997635816,1
4.08,-1.73103636584206,-1.39244276154971,-1.7061542941533,-3.11251140153559,-0.936598568289612,-0.0648556846343216,1
4.09,-1.73130686762444,-1.39256744856604,-1.71032705469625,-3.10822828279168,-0.936868367737893,-0.0648315022661903,1
4.1,-1.73157788372997,-1.39270878983872,-1.7144962839517,-3.10393201859226,-0.93713868144225,-0.0648073175410903,1
4.11,-1.73184941235489,-1.39286696123732,-1.71866187836016,-3.09962261402665,-0.937409505626788,-0.0647830626348168,1
4.12,-1.73212145294952,-1.39304210022396,-1.72282380915609,-3.09529992153739,-0.93768084073401,-0.0647587716637107,1
4.13,-1.73239400478241,-1.39323435161967,-1.72698203576394,-3.09096381474401,-0.937952686596615,-0.064734464051038,1
4.14,-1.73266706641203,-1.39344388418766,-1.731136473935,-3.08661425309229,-0.938225040655836,-0.0647101013378243,1
4.15,-1.73294063710532,-1.39367084576858,-1.73528708138592,-3.08225110888572,-0.938497902743176,-0.0646857029546347,1
4.16,-1.73321471607092,-1.39391538763781,-1.73943381143679,-3.07787426072242,-0.938771272496183,-0.0646612836555739,1
4.17,-1.73348930197891,-1.39417767944053,-1.74357658417955,-3.07348365216804,-0.939045147738261,-0.064636814321309,1
4.18,-1.7337643940363,-1.39445787554421,-1.74771535114707,-3.06907916051267,-0.939319528105655,-0.0646123097114742,1
4.19,-1.73403999126987,-1.39475613750984,-1.75185005216316,-3.0646606842673,-0.939594412628969,-0.064587769957433,1
4.2,-1.73431609270555,-1.395072628482,-1.75598062611796,-3.06022812129305,-0.939869800337923,-0.0645631951904927,1
4.21,-1.73459269766972,-1.39540750393621,-1.76010702899925,-3.05578133186718,-0.940145691278364,-0.0645386101695174,1
4.22,-1.73486980458352,-1.39576094877973,-1.76422916167502,-3.05132028642687,-0.94042208244342,-0.0645139657608764,1
4.23,-1.73514741277193,-1.39613312166981,-1.76834697822546,-3.0468448439698,-0.940698973878055,-0.0644892867328917,1
4.24,-1.73542552125739,-1.39652419218907,-1.77246041367249,-3.04235489978762,-0.940976364608532,-0.0644645732166306,1
4.25,-1.73570412906151,-1.39693433155464,-1.77656940203669,-3.03785034853896,-0.941254253660272,-0.0644398253430968,1
4.26,-1.73598323551018,-1.39736370341647,-1.78067389451213,-3.03333104671942,-0.941532641088109,-0.0644150681989518,1
4.27,-1.73626283901285,-1.39781250075168,-1.78477378667022,-3.02879696279622,-0.941811523854427,-0.0643902519938159,1
4.28,-1.73654293889405,-1.39828089048752,-1.78886902765678,-3.02424795203038,-0.942090902013267,-0.0643654018240095,1
4.29,-1.73682353417209,-1.3987690504737,-1.7929595473436,-3.01968390659711,-0.942370774586753,-0.0643405178202672,1
4.3,-1.73710462386449,-1.39927716024052,-1.79704527452847,-3.0151047180651,-0.942651140596195,-0.0643156001132538,1
4.31,-1.73738620698797,-1.39980540100737,-1.80112613692002,-3.0105102774032,-0.942931999062106,-0.0642906488335615,1
4.32,-1.73766828286716,-1.40035394658466,-1.8052020794317,-3.00590043683131,-0.943213350047434,-0.0642656893903558,1
4.33,-1.73795084989949,-1.40092299984863,-1.8092729909038,-3.00127516244235,-0.943495190483776,-0.0642406713467528,1
4.34,-1.73823390740837,-1.40151273798636,-1.81333881401937,-2.99663430530428,-0.943777520433414,-0.0642156201217886,1
4.35,-1.73851745440739,-1.40212334905277,-1.81739947197501,-2.99197775406288,-0.944060338913742,-0.0641905358457536,1
4.36,-1.73880149022148,-1.4027550137658,-1.82145490526582,-2.9873053580636,-0.944343645996643,-0.0641654442350541,1
4.37,-1.7390860132383,-1.40340794181287,-1.82550499777813,-2.982617082314,-0.944627438586616,-0.0641402942371998,1
4.38,-1.73937102278158,-1.40408231734212,-1.82954968764711,-2.97791277508351,-0.944911716754933,-0.0641151115786541,1
4.39,-1.73965651786195,-1.40477833535485,-1.83358889329843,-2.97319232284289,-0.945196479516009,-0.0640898963893829,1
4.4,-1.73994249748931,-1.40549619260336,-1.83762253192303,-2.96845561154675,-0.945481725883518,-0.0640646487992682,1
4.41,-1.74022896067286,-1.406236087596,-1.84165051945985,-2.96370252664575,-0.945767454870415,-0.0640393689381067,1
4.42,-1.74051590642105,-1.40699822060162,-1.84567277057836,-2.95893295309963,-0.94605366548894,-0.0640140569356078,1
4.43,-1.74080333418433,-1.40778278118977,-1.84968922471236,-2.95414672008106,-0.946340358248881,-0.0639887492646703,1
4.44,-1.741091242084,-1.40858999815518,-1.85369974180156,-2.9493438222068,-0.946627529163283,-0.0639633733535673,1
4.45,-1.74137962956953,-1.40942006454135,-1.85770425868641,-2.94452408776058,-0.946915178741809,-0.0639379656897034,1
4.46,-1.74166849564665,-1.41027318769429,-1.86170268477957,-2.93968739988226,-0.947203305993941,-0.0639125264024255,1
4.47,-1.74183699898757,-1.41096034070482,-1.8648514607158,-2.9358601329057,-0.947371378537408,-0.0638976931370273,0
4.48,-1.74098998362263,-1.41007989681139,-1.86090219993162,-2.94064624493667,-0.946526529967065,-0.0639723003806443,0
4.49,-1.74014091111193,-1.40921903679289,-1.85692869783419,-2.94543682412244,-0.945679631652788,-0.0640471623795587,0
4.5,-1.73928978161242,-1.40837783418324,-1.85293085562991,-2.9502318745296,-0.944830684289322,-0.0641222976379382,0
4.51,-1.73843659508157,-1.40755636839413,-1.84890856030526,-2.9550314287342,-0.943979687861758,-0.0641977071051631,0
4.52,-1.73758135149052,-1.40675471883744,-1.84486169716411,-2.95983552098885,-0.943126642369021,-0.0642733917360278,0
4.53,-1.73672405082423,-1.40597296495032,-1.84079014978742,-2.96464418723788,-0.942271547823993,-0.064349352490776,0
4.54,-1.73586469308158,-1.40521118622087,-1.83669379999186,-2.96945746513297,-0.941414404253648,-0.0644255903351346,0
4.55,-1.73500327827549,-1.40446946221422,-1.83257252778767,-2.9742753940492,-0.94055521169917,-0.0645021062403479,0
4.56,-1.73413980643308,-1.40374787259928,-1.82842621133545,-2.97909801510149,-0.939693970216079,-0.0645789011832123,0
4.57,-1.73327427759575,-1.40304649717587,-1.82425472690203,-2.98392537116155,-0.93883067987436,-0.0646559761461108,0
4.58,-1.73240669181933,-1.40236541590251,-1.8200579488153,-2.98875750687521,-0.937965340758585,-0.0647333321170483,0
4.59,-1.7315370491742,-1.4017047089247,-1.81583574941794,-2.99359446868037,-0.937097952968039,-0.064810970089687,0
4.6,-1.73066534974542,-1.40106445660384,-1.81158799902015,-2.99843630482536,-0.936228516616851,-0.0648888910633818,0
4.61,-1.72979159363284,-1.40044473954668,-1.80731456585117,-3.00328306538787,-0.935357031834119,-0.0649670960432158,0
4.62,-1.72891578095126,-1.39984563863538,-1.80301531600968,-3.00813480229446,-0.934483498764038,-0.0650455860400371,0
4.63,-1.72803791183052,-1.39926723505823,-1.79869011341303,-3.01299156934063,-0.933607917566025,-0.0651243620704948,0
4.64,-1.72715798641564,-1.39870961034096,-1.79433881974514,-3.0178534222115,-0.932730288414858,-0.0652034251570756,0
4.65,-1.72627600486698,-1.39817284637869,-1.78996129440321,-3.02272041850315,-0.931850611500794,-0.0652827763281404,0
4.66,-1.7253919673603,-1.39765702546861,-1.78555739444304,-3.02759261774458,-0.930968887029704,-0.0653624166179624,0
4.67,-1.72450587408697,-1.39716223034326,-1.78112697452301,-3.03247008142039,-0.930085115223206,-0.0654423470667635,0
4.68,-1.72361772525403,-1.39668854420459,-1.77666988684663,-3.03735287299415,-0.929199296318789,-0.0655225687207529,0
4.69,-1.72272752108438,-1.39623605075868,-1.77218598110361,-3.04224105793254,-0.928311430569952,-0.0656030826321645,0
4.7,-1.72183526181686,-1.39580483425127,-1.76767510440944,-3.04713470373026,-0.927421518246328,-0.0656838898592954,0
4.71,-1.72094094770641,-1.395394979504,-1.76313710124336,-3.0520338799357,-0.926529559633824,-0.0657649914665446,0
4.72,-1.72004457902419,-1.39500657195149,-1.75857181338474,-3.0569386581775,-0.925635555034746,-0.0658463885244519,0
4.73,-1.71914615605771,-1.3946396976792,-1.7539790798477,-3.06184911219201,-0.924739504767943,-0.0659280821097366,0
4.74,-1.718245679111,-1.39429444346213,-1.7493587368141,-3.06676531785153,-0.923841409168924,-0.0660100733053377,0
4.75,-1.71734314850466,-1.39397089680445,-1.7447106175646,-3.07168735319364,-0.92294126859001,-0.066092363200453,0
4.76,-1.7164385645761,-1.39366914597993,-1.74003455240792,-3.07661529845141,-0.922039083400457,-0.0661749528905793,0
4.77,-1.71553192767958,-1.39338928007337,-1.73533036860813,-3.08154923608466,-0.921134853986594,-0.0662578434775532,0
4.78,-1.71462323818639,-1.39313138902298,-1.73059789030988,-3.0864892508123,-0.920228580751961,-0.0663410360695909,0
4.79,-1.713712496485,-1.39289556366369,-1.72583693846168,-3.09143542964571,-0.919320264117442,-0.0664245317813301,0
4.8,-1.71279970298114,-1.39268189577159,-1.7210473307368,-3.09638786192335,-0.918409904521403,-0.0665083317338702,0
4.81,-1.71188485809799,-1.39249047810932,-1.71622888145212,-3.10134663934647,-0.917497502419825,-0.0665924370548152,0
4.82,-1.71096796227629,-1.39232140447262,-1.71138140148454,-3.10631185601611,-0.916583058286447,-0.0666768488783144,0
4.83,-1.71004956168956,-1.39219916214355,-1.70738110364491,-3.11038284127976,-0.915667116865708,-0.0667615179991736,1
4.84,-1.70913548981519,-1.39234549201447,-1.71218721988062,-3.10537895001373,-0.914755496010338,-0.0668459064599495,1
4.85,-1.70822099499695,-1.39251528783006,-1.71698388426242,-3.10036088746075,-0.913843456794623,-0.0669304525716593,1
4.86,-1.70730608584575,-1.3927087402761,-1.72177104656243,-3.09532851309833,-0.91293100782248,-0.0670151560921374,1
4.87,-1.70637449205791,-1.39292573123399,-1.72654072188525,-3.09028900531465,-0.912001922650398,-0.0671015271134227,1
4.88,-1.70347499981882,-1.39312974501626,-1.73033980255975,-3.08612055171639,-0.909110261424067,-0.0673711458716637,1
4.89,-1.70057848393115,-1.39335917708508,-1.73412642330809,-3.08193794724981,-0.906221603855256,-0.0676417031134859,1
4.9,-1.69768503548217,-1.39361421498752,-1.73790047724503,-3.07774110875041,-0.90333604104468,-0.0679131992766195,1
4.91,-1.69479474515017,-1.39389504676208,-1.74166185590856,-3.07352995420091,-0.900453663683005,-0.0681856347597837,1
4.92,-1.69190770324458,-1.39420186093374,-1.74541044924186,-3.0693044027573,-0.897574562090839,-0.0684590099195366,1
4.93,-1.68902399969022,-1.39453484648294,-1.74914614558427,-3.06506437478937,-0.894698826202916,-0.0687333250699904,1
4.94,-1.68614372401148,-1.39489419281374,-1.75286883166225,-3.06080979192219,-0.891826545552351,-0.0690085804825367,1
4.95,-1.68326696531677,-1.39528008972108,-1.75657839258036,-3.05654057707833,-0.888957809255015,-0.0692847763855797,1
4.96,-1.68018248388921,-1.3956846471427,-1.76008282103412,-3.05244369966693,-0.885881971171054,-0.0695823482756039,1
4.97,-1.67687555356371,-1.39610769678016,-1.76336661200941,-3.04853357388988,-0.882584355981516,-0.069903046191962,1
4.98,-1.67357406758342,-1.39655820377149,-1.76663578494616,-3.04460902147332,-0.879292220405337,-0.0702249558347314,1
4.99,-1.67027814868534,-1.39703634963228,-1.76989020719165,-3.0406699906865,-0.876005687194883,-0.0705480776897561,1
5,-1.6669879187297,-1.39754231536925,-1.77312974463059,-3.03671643187946,-0.872724878223806,-0.070872412173345,1
5.01,-1.66370349868416,-1.39807628143649,-1.77635426168094,-3.03274829753185,-0.869449914471151,-0.071197959631977,1
5.02,-1.66043153999854,-1.39863727859632,-1.77955723692968,-3.02877349858462,-0.866187428434487,-0.0715240675666108,1
5.03,-1.65717208646869,-1.39922532339565,-1.7827386614424,-3.02479203202385,-0.862937463819469,-0.0718507328417893,1
5.04,-1.65392518027087,-1.39984043118006,-1.78589852519253,-3.02080389719866,-0.859700062711061,-0.0721779522831293,1
5.05,-1.65069086196784,-1.40048261606829,-1.78903681708069,-3.01680909582627,-0.856475265579591,-0.0725057226779482,1
5.06,-1.64746917051456,-1.40115189092671,-1.79215352495347,-3.01280763199775,-0.85326311128653,-0.0728340407759391,1
5.07,-1.64426014326455,-1.40184826734392,-1.79524863562207,-3.00879951218368,-0.850063637090784,-0.0731629032898532,1
5.08,-1.64106381597652,-1.40257175560577,-1.79832213488085,-3.0047847452395,-0.846876878655469,-0.0734923068961899,1
5.09,-1.63795855694185,-1.40332553786895,-1.8014553628967,-3.00068422475295,-0.843780967692133,-0.0738141075085163,1
5.1,-1.63487416424994,-1.40410674669321,-1.80457601058465,-2.9965683844564,-0.84070591144341,-0.0741355051596178,1
5.11,-1.63180198624429,-1.40491503871195,-1.80767508175346,-2.99244597466069,-0.837643084216067,-0.0744573935908688,1
5.12,-1.62874204917175,-1.40575042255314,-1.81075255938467,-2.988317008664,-0.834592512162675,-0.0747797695275144,1
5.13,-1.62569437787606,-1.4066129055363,-1.8138084254661,-2.98418150211952,-0.831554220031844,-0.0751026296660917,1
5.14,-1.62265899580611,-1.40750249364755,-1.81684266101008,-2.98003947304106,-0.828528231176547,-0.0754259706750743,1
5.15,-1.61963592502509,-1.40841919151495,-1.81985524607163,-2.97589094180851,-0.825514567563222,-0.0757497891955242,1
5.16,-1.61662518621985,-1.40936300238423,-1.82284615976653,-2.97173593117301,-0.822513249781234,-0.0760740818417458,1
5.17,-1.61362679871075,-1.41033392809462,-1.82581538028938,-2.96757446626195,-0.819524297052671,-0.0763988452019437,1
5.18,-1.61113470408861,-1.41133652385205,-1.82920856212048,-2.96299325584668,-0.817040084335499,-0.0766701533919579,1
5.19,-1.60881017059795,-1.41236749396379,-1.83272394779585,-2.95827270906455,-0.814722936050153,-0.0769243625396311,1
5.2,-1.60649381246023,-1.41342537066442,-1.83621824455411,-2.95354577020853,-0.812413969369892,-0.0771787851227158,1
5.21,-1.60418563186275,-1.41451018140487,-1.83969143557705,-2.94881243177379,-0.810113186423354,-0.0774334191085873,1
5.22,-1.60188563047625,-1.41562195286376,-1.84314350275449,-2.94407268833302,-0.80782058882241,-0.0776882624586937,1
5.23,-1.5995938094528,-1.41676071091261,-1.84657442670444,-2.9393265365503,-0.80553617766013,-0.0779433131290314,1
5.24,-1.59774605847749,-1.41790236304251,-1.8502480039174,-2.9343681587717,-0.803694424543003,-0.078149760708179,1
5.25,-1.59664457740976,-1.41902986313405,-1.85435024022141,-2.92905271612523,-0.802596529075186,-0.0782731772647876,1
5.26,-1.59554561222531,-1.42018426015802,-1.85843241770046,-2.92373035241713,-0.801501148902165,-0.0783965731386104,1
5.27,-1.59444915991862,-1.42136562173401,-1.86249453212097,-2.91840100485099,-0.800408281008796,-0.0785199479971866,1
5.28,-1.59335521747907,-1.42257401561006,-1.86653657749181,-2.91306461226043,-0.799317922374767,-0.0786433015067534,1
5.29,-1.59226378186633,-1.42380950961448,-1.87055854609265,-2.90772111512713,-0.79823006995012,-0.0787666333344373,1
5.3,-1.59117485001075,-1.42507217161951,-1.87456042848994,-2.9023704556012,-0.797144720655566,-0.0788899431482611,1
5.31,-1.59008841881361,-1.42636206950456,-1.87854221355279,-2.89701257752198,-0.796061871382788,-0.0790132306171511,1
5.32,-1.58900448514744,-1.4276792711191,-1.88250388846856,-2.89164742643967,-0.794981518994754,-0.0791364954109439,1
5.33,-1.58936603216352,-1.42881844687162,-1.88684048982736,-2.88620047264727,-0.795341870204517,-0.07909533676457,1
5.34,-1.58982512160244,-1.42997112746884,-1.89118470185347,-2.88074014033608,-0.795799442293527,-0.0790431107871908,1
5.35,-1.5902840175796,-1.43115129442108,-1.89550985189569,-2.87527127802718,-0.796256824027319,-0.0789909915883404,1
5.36,-1.5910433984833,-1.43153529615258,-1.89734734697214,-2.8731100910375,-0.797013699581724,-0.0789047591916622,1
5.37,-1.59248094259324,-1.43010906193481,-1.89361706388074,-2.87838018532631,-0.798446517131262,-0.0787420734234601,1
5.38,-1.59392216435722,-1.42870782633426,-1.88986806722059,-2.88364389278191,-0.799883010959671,-0.0785793396651604,1
5.39,-1.59536727332546,-1.42733410322287,-1.88609861596528,-2.88890036297784,-0.801323392492426,-0.0784166223720808,1
5.4,-1.59681627309603,-1.42598783605496,-1.88230873260142,-2.89414962883892,-0.802767665347528,-0.0782539222331468,1
5.41,-1.59826916717757,-1.424668967884,-1.8784984380972,-2.89939172520902,-0.804215833053602,-0.0780912399381875,1
5.42,-1.59972595898854,-1.42337744140143,-1.87466775188682,-2.90462668882779,-0.805667899049098,-0.0779285761778973,1
5.43,-1.60118665185631,-1.42211319897509,-1.87081669185487,-2.90985455830802,-0.807123866681399,-0.0777659316438044,1
5.44,-1.60351817301298,-1.42085499601308,-1.86750679841119,-2.91460132958898,-0.809447872808556,-0.0775072597451893,1
5.45,-1.60586729024225,-1.41962385669497,-1.86418160844065,-2.91933644537884,-0.811789451938095,-0.0772477918935436,1
5.46,-1.60822484764058,-1.41841998321116,-1.86083519988546,-2.92406491833671,-0.81413947779909,-0.0769885480722315,1
5.47,-1.61059084271164,-1.41724335190601,-1.85746759893902,-2.92878674266381,-0.816497947956307,-0.0767295303982402,1
5.48,-1.61296527239455,-1.41609393812626,-1.85407883061284,-2.93350191475532,-0.818864859409807,-0.0764707409820537,1
5.49,-1.61534813305951,-1.41497171625436,-1.8506689187191,-2.93821043318483,-0.821240208590495,-0.0762121819273752,1
5.5,-1.6177394205029,-1.41387665974165,-1.84723788585319,-2.94291229868912,-0.823623991355284,-0.0759538553308726,1
5.51,-1.62026118225987,-1.41281297134521,-1.8438932539701,-2.947504659677,-0.826137874837001,-0.0756826668314436,1
5.52,-1.62325368077288,-1.41179246440659,-1.84093240420824,-2.95170266153494,-0.829121071740698,-0.0753624813406118,1
5.53,-1.62625826865998,-1.41079926502717,-1.83794988267458,-2.95589400997051,-0.83211637153348,-0.0750427583471771,1
5.54,-1.62927492487828,-1.40983336897522,-1.83494571497336,-2.96007867866741,-0.835123753266738,-0.0747235011253653,1
5.55,-1.63230362703036,-1.40889477054408,-1.83191992580739,-2.96425664373302,-0.838143194636582,-0.0744047129238368,1
5.56,-1.63534435137775,-1.40798346258547,-1.82887253895716,-2.9684278836879,-0.841174671997357,-0.0740863969646841,1
5.57,-1.63839707283259,-1.40709943653532,-1.82580357726294,-2.97259237945887,-0.844218160353179,-0.0737685564428134,1
5.58,-1.64146176494944,-1.40624268243974,-1.82271306260697,-2.97675011437179,-0.847273633349817,-0.0734511945253295,1
5.59,-1.6445383999176,-1.40541318898138,-1.81960101589545,-2.98090107414418,-0.850341063266935,-0.0731343143509229,1
5.6,-1.64762694855369,-1.40461094350585,-1.81646745704068,-2.98504524687771,-0.853420421010685,-0.0728179190292637,1
5.61,-1.65070297962853,-1.40383448094809,-1.81328901736069,-2.9892058373815,-0.856487347468979,-0.0725044912397193,1
5.62,-1.65376040847023,-1.40308341565024,-1.81006019059473,-2.99338837673342,-0.859535774682332,-0.0721946064018419,1
5.63,-1.65682931266373,-1.40235951602353,-1.80680995787998,-2.99756413321152,-0.862595690966193,-0.071885191437863,1
5.64,-1.65990965983709,-1.40166276235799,-1.80353833412633,-3.00173310734072,-0.865667064031784,-0.0715762492366898,1
5.65,-1.66300141630352,-1.40099313381688,-1.80024533311814,-3.00589530195188,-0.868749860274631,-0.0712677826577562,1
5.66,-1.66610454705506,-1.40035060846463,-1.79693096749589,-3.01005072217294,-0.871844044768231,-0.0709597945304769,1
5.67,-1.66921901575811,-1.39973516329549,-1.79359524873756,-3.01419937541987,-0.874949581259525,-0.0706522876537122,1
5.68,-1.67234478474923,-1.39914677426221,-1.79023818713989,-3.0183412713874,-0.878066432164748,-0.0703452647952404,1
5.69,-1.67548181503146,-1.39858541630496,-1.78685979179957,-3.02247642203985,-0.881194558565678,-0.0700387286912348,1
5.7,-1.67863006627095,-1.39805106338038,-1.78346007059421,-3.02660484160185,-0.884333920206274,-0.0697326820457471,1
5.71,-1.68150613992114,-1.39753009416936,-1.77980944985514,-3.03095245674162,-0.88720191273782,-0.0694544674166145,1
5.72,-1.68417574240832,-1.39702543180594,-1.77596325087493,-3.03546542090336,-0.8898640480126,-0.0691973865623395,1
5.73,-1.68685372014398,-1.39654728990352,-1.77209612497759,-3.03997206706675,-0.892534567448053,-0.0689406109843397,1
5.74,-1.68954004904834,-1.39609562731993,-1.76820806373904,-3.04447244207302,-0.895213447018248,-0.0686841425504583,1
5.75,-1.69223470432151,-1.39567040270436,-1.76429905708631,-3.04896659465088,-0.897900661976679,-0.0684279831124684,1
5.76,-1.6949376604332,-1.39527157452584,-1.76036909327749,-3.05345457540816,-0.900596186845967,-0.0681721345059728,1
5.77,-1.69764889112134,-1.39489910110477,-1.7564181588797,-3.05793643682269,-0.903299995416472,-0.0679165985501521,1
5.78,-1.70036836939081,-1.39455294064455,-1.75244623874665,-3.06241223323353,-0.906012060745048,-0.0676613770475162,1
5.79,-1.70275504452883,-1.39422264039428,-1.74825922622806,-3.06706696236617,-0.908392256077,-0.0674382813998671,1
5.8,-1.70462281072806,-1.39390212505411,-1.74375300016945,-3.07200059664187,-0.910254968087832,-0.0672642680887196,1
5.81,-1.70649501265922,-1.39360716775026,-1.73922616833332,-3.07692896632751,-0.912122118507849,-0.0670903462723045,1
5.82,-1.70837164367959,-1.39333771622283,-1.73467868621135,-3.08185216699268,-0.913993700717406,-0.0669165167477037,1
5.83,-1.71025269697308,-1.39309371905663,-1.73011050702364,-3.08677029564049,-0.915869707923356,-0.0667427803084611,1
5.84,-1.71213816553265,-1.39287512570385,-1.72552158169334,-3.09168345070961,-0.917750133141504,-0.0665691377454035,1
5.85,-1.71402804215972,-1.39268188651431,-1.720911858816,-3.09659173207474,-0.919634969196059,-0.0663955898465852,1
5.86,-1.71783087098124,-1.39258879280424,-1.71784238580542,-3.09996452475616,-0.923427699104656,-0.0660478802992685,1
5.87,-1.71951644587558,-1.39261107399468,-1.71799624251783,-3.09988106779707,-0.925108810607225,-0.0658942033729237,1
5.88,-1.71762827462449,-1.39278033656308,-1.72263077598787,-3.09497344791241,-0.923225639303875,-0.0660663541938434,1
5.89,-1.71574337302457,-1.39297333033001,-1.72724574528242,-3.09006150775415,-0.921345737563915,-0.0662385016064449,1
5.9,-1.71386281760104,-1.39319168196884,-1.73183995201892,-3.08514465820736,-0.91947018473604,-0.0664107425561728,1
5.91,-1.71198661568494,-1.39343544190549,-1.73641344745404,-3.0802227987412,-0.917598988129026,-0.0665830762728671,1
5.92,-1.71011477441962,-1.39370466147286,-1.74096628051713,-3.07529583025119,-0.915732154863889,-0.0667555019836052,1
5.93,-1.70824730076121,-1.3939993928806,-1.74549849784068,-3.07036365505886,-0.913869691874323,-0.0669280189127595,1
5.94,-1.70638420147911,-1.39431968918504,-1.75001014378999,-3.0654261769121,-0.912011605907237,-0.0671006262820503,1
5.95,-1.70452548315655,-1.39466560425905,-1.75450126049207,-3.06048330098632,-0.91015790352328,-0.0672733233105997,1
5.96,-1.70267115219114,-1.39503719276185,-1.75897188786379,-3.05553493388639,-0.908308591097417,-0.067446109214984,1
5.97,-1.70053135432402,-1.39542349872517,-1.76325104846194,-3.05074627914788,-0.906174602406033,-0.067646115499023,1
5.98,-1.69765325863137,-1.39580772277569,-1.7670694579963,-3.04637677030494,-0.903304350995838,-0.0679161877885049,1
5.99,-1.69478421327132,-1.39621849380255,-1.77086683487384,-3.04200091004469,-0.900443160704239,-0.068186629756742,1
6,-1.6919242514062,-1.39665585156129,-1.77464318663626,-3.03761865396022,-0.897591064635655,-0.068457439394473,1
6.01,-1.68907340527192,-1.39711983543399,-1.77839851925483,-3.03322995962655,-0.894748094967543,-0.0687286146719493,1
6.02,-1.68623170620762,-1.39761048440992,-1.78213283714915,-3.0288347866018,-0.891914282979946,-0.06900015353823,1
6.03,-1.68339918465698,-1.39812783705401,-1.78584614320788,-3.02443309643757,-0.88908965905688,-0.0692720539214932,1
6.04,-1.68044290592726,-1.39866433689178,-1.78942816708678,-3.02013459139775,-0.886141661775282,-0.0695571666495155,1
6.05,-1.67732880643319,-1.39921816611859,-1.79284944123048,-3.01596825139752,-0.883036329118143,-0.0698589881861707,1
6.06,-1.67422566881673,-1.39979902888833,-1.79624944226703,-3.01179512697337,-0.879941972152209,-0.0701612831124893,1
6.07,-1.67113353224027,-1.40040695306385,-1.79962816143673,-3.00761520284033,-0.876858629964423,-0.0704640488078727,1
6.08,-1.66805243458103,-1.40104196554547,-1.80298558874874,-3.0034284659619,-0.873786340355698,-0.070767282621208,1
6.09,-1.66498241244174,-1.40170409224404,-1.8063217129995,-2.99923490555806,-0.870725139851601,-0.0710709818713228,1
6.1,-1.66192350115415,-1.4023933580513,-1.80963652179142,-2.99503451311541,-0.867675063705837,-0.0713751438474808,1
6.11,-1.65887573478283,-1.40310978681053,-1.81293000155147,-2.99082728239714,-0.864636145904113,-0.0716797658098794,1
6.12,-1.65583914612941,-1.40385340128724,-1.81620213754964,-2.98661320945311,-0.861608419168342,-0.071984844990156,1
6.13,-1.65281376673708,-1.40462422314002,-1.81945291391731,-2.98239229262983,-0.858591914961213,-0.0722903785918966,1
6.14,-1.6498011068693,-1.40542236596012,-1.82268368058939,-2.97816317136956,-0.855588139089184,-0.0725962131577031,1
6.15,-1.64680093652385,-1.40624783246264,-1.82589419445535,-2.97392607543813,-0.852596862169104,-0.0729023699775512,1
6.16,-1.64381204550709,-1.40710056295388,-1.82908329721248,-2.96968214519887,-0.849616877565533,-0.0732089715193534,1
6.17,-1.6408344602839,-1.40798057448754,-1.83225096865454,-2.96543138812928,-0.846648211659886,-0.0735160148849596,1
6.18,-1.63786820609269,-1.40888788287032,-1.83539718752529,-2.96117381405059,-0.843690889606367,-0.0738234971508915,1
6.19,-1.63491330695185,-1.40982250263364,-1.83852193153643,-2.95690943513734,-0.840744935338438,-0.0741314153688758,1
6.2,-1.63196978566654,-1.41078444700555,-1.84162517738543,-2.95263826592673,-0.837810371575657,-0.0744397665663791,1
6.21,-1.62903766383588,-1.41177372788278,-1.8447069007734,-2.94836032332785,-0.834887219830811,-0.074748547747148,1
6.22,-1.62611696186029,-1.412790355803,-1.84776707642286,-2.9440756266308,-0.831975500417344,-0.0750577558917493,1
6.23,-1.62320769894922,-1.41383433991729,-1.85080567809553,-2.93978419751556,-0.829075232457064,-0.0753673879581149,1
6.24,-1.62030989312911,-1.41490568796272,-1.85382267861006,-2.93548606006078,-0.826186433888134,-0.0756774408820876,1
6.25,-1.61759334815283,-1.41601038610836,-1.85696055386833,-2.9310452021942,-0.823478376477328,-0.0759696025217904,1
6.26,-1.6153091059631,-1.41715727252076,-1.8604323729164,-2.92625854374989,-0.821201304250872,-0.0762164074553098,1
6.27,-1.61303267261132,-1.41833141694261,-1.86388316026245,-2.92146511234126,-0.818932046702151,-0.076463411757918,1
6.28,-1.6107640508145,-1.41953285000979,-1.86731289186163,-2.91666490428591,-0.816670606493674,-0.0767106135411015,1
6.29,-1.60850324282486,-1.42076160147398,-1.87072154241664,-2.91185791805104,-0.814416985822949,-0.0769580109104695,1
6.3,-1.60625025041503,-1.4220177001611,-1.87410908539971,-2.90704415427176,-0.81217118640777,-0.0772056019665751,1
6.31,-1.60400507488224,-1.42330117393662,-1.87747549306968,-2.9022236157683,-0.809933209490376,-0.0774533848051226,1
6.32,-1.60176771705249,-1.42461204967083,-1.88082073648913,-2.89739630756338,-0.80770305584164,-0.0777013575171763,1
6.33,-1.60046920888028,-1.42591248670079,-1.88466798028257,-2.89214875367114,-0.806408742930028,-0.0778457603954416,1
6.34,-1.59952902937358,-1.4272259011269,-1.88869493364264,-2.88673583397799,-0.805471607499286,-0.0779505385843593,1
6.35,-1.59859081043648,-1.42856682171228,-1.89270195671657,-2.8813152886505,-0.804536431767801,-0.0780552865094258,1
6.36,-1.59765454955893,-1.42993532308549,-1.89668903433729,-2.87588705862484,-0.803603213219431,-0.078160003960849,1
6.37,-1.59672024422519,-1.43133147984908,-1.90065614964547,-2.87045108655545,-0.802671949332347,-0.078264690728554,1
6.38,-1.5957878919042,-1.43275536653588,-1.90460328411131,-2.86500731683613,-0.801742637569411,-0.0783693466031628,1
6.39,-1.59529192438576,-1.43415672680376,-1.90866481638228,-2.85950567213124,-0.801248288940076,-0.0784250686131387,1
6.4,-1.59517615285956,-1.43554199721332,-1.91282428928441,-2.8539518697776,-0.801132895666596,-0.0784380880199553,1
6.41,-1.59506051188399,-1.43695527440206,-1.91696435742085,-2.84838947252452,-0.801017632601822,-0.0784510956534037,1
6.42,-1.59494500125209,-1.43839665233152,-1.9210850053564,-2.84281840183867,-0.800902499539218,-0.0784640915282438,1
6.43,-1.59482962110525,-1.43986621576938,-1.92518623603209,-2.83723853531872,-0.800787497567359,-0.078477108172836,1
6.44,-1.59471437055791,-1.44136407800856,-1.92926799011026,-2.83164988837115,-0.800672623907885,-0.0784900805783275,1
6.45,-1.59459924975224,-1.44289032409561,-1.93333026702439,-2.82605234182718,-0.800557879649822,-0.0785030412674985,1
6.46,-1.59448425848836,-1.44444504867108,-1.93737304427831,-2.8204458235359,-0.800443264593691,-0.0785159902544053,1
6.47,-1.59336979260328,-1.44392810794997,-1.93535092277568,-2.82289747074148,-0.799332445630455,-0.0786415164481697,1
6.48,-1.5919122739839,-1.44272269345627,-1.93121514662898,-2.82812356313159,-0.7978797176901,-0.0788064092807687,1
6.49,-1.59045549459527,-1.44154191715876,-1.92706289077026,-2.83334120676037,-0.796427736078774,-0.0789715458975629,1
6.5,-1.58899997470556,-1.44038938188681,-1.92289165571183,-2.83854918884398,-0.794977023471077,-0.0791370088835951,1
6.51,-1.5875457208107,-1.43926498505616,-1.91870145753123,-2.84374759509193,-0.793527586384494,-0.0793027989734172,1
6.52,-1.58609273938088,-1.43816862445672,-1.91449231051141,-2.84893651263422,-0.792079431310762,-0.0794689169023423,1
6.53,-1.58464103686021,-1.43710019828921,-1.91026422712964,-2.85411602999572,-0.79063256471559,-0.0796353634064539,1
6.54,-1.58389786409128,-1.43590205133802,-1.90605470387181,-2.85946361206984,-0.789891872981881,-0.0797207572246927,1
6.55,-1.58395922441371,-1.43455258358853,-1.90186853236405,-2.86500421802165,-0.789953028306192,-0.0797137014800599,1
6.56,-1.58402065068998,-1.4332308719834,-1.8976629735765,-2.87053645953796,-0.790014249388917,-0.0797066390076059,1
6.57,-1.5840821430225,-1.43193682403982,-1.89343803661021,-2.87606042000609,-0.790075536332188,-0.0796995697981096,1
6.58,-1.58414370151303,-1.43067034766326,-1.88919372872384,-2.88157618426742,-0.790136889237508,-0.07969249384243,1
6.59,-1.58420532626353,-1.42943135118613,-1.8849300553248,-2.88708383858764,-0.790198308206576,-0.079685411131411,1
6.6,-1.58426701737617,-1.42821974340306,-1.88064701995554,-2.89258347063515,-0.790259793341291,-0.0796783216558807,1
6.61,-1.58432877495332,-1.4270354336057,-1.87634462427961,-2.89807516946032,-0.790321344743752,-0.079671225406652,1
6.62,-1.58542011073915,-1.42574670781353,-1.87239538560368,-2.90340121016863,-0.791409041614117,-0.0795459786887684,1
6.63,-1.58668187550964,-1.42446376093475,-1.8684865016599,-2.90869451921241,-0.792666608847883,-0.0794015044026542,1
6.64,-1.58794683582424,-1.42320794425687,-1.86455733016243,-2.91398086084841,-0.793927371444094,-0.0792570232658327,1
6.65,-1.58921499539644,-1.42197919684152,-1.86060788344427,-2.91926028282648,-0.795191333130826,-0.0791125357820809,1
6.66,-1.59048635788109,-1.4207774576348,-1.85663817219563,-2.92453283465348,-0.796458497577573,-0.0789680424568122,1
6.67,-1.59176092687934,-1.41960266550759,-1.85264820544684,-2.92979856757056,-0.797728868400156,-0.0788235437964915,1
6.68,-1.59303870593808,-1.41845475929189,-1.84863799055175,-2.93505753453344,-0.799002449160162,-0.0786790403086187,1
6.69,-1.59431969854936,-1.41733367781677,-1.84460753317103,-2.94030979019318,-0.800279243364379,-0.0785345325017128,1
6.7,-1.5957516545293,-1.41623228222857,-1.84065791020758,-2.94547294350345,-0.80170651848128,-0.0783734180221705,1
6.71,-1.59831410098468,-1.41510393372959,-1.83745595085033,-2.95000273159636,-0.804260620898227,-0.0780862158853441,1
6.72,-1.60088651180461,-1.41400255860501,-1.83423254008423,-2.95452626000505,-0.806824696482916,-0.0777993144487691,1
6.73,-1.60346888300988,-1.41292814507308,-1.83098770018872,-2.95904351412758,-0.809398741333203,-0.0775127163864475,1
6.74,-1.60606120977882,-1.41188068023277,-1.82772145236187,-2.96355448158187,-0.811982750704338,-0.0772264243647341,1
6.75,-1.60866348648773,-1.41086015011435,-1.82443381669025,-2.96805915218882,-0.814576719049216,-0.0769404410388925,1
6.76,-1.611350510658,-1.40986747228859,-1.82119681455097,-2.97249016644299,-0.817255206905498,-0.076646609082752,1
6.77,-1.61432609765638,-1.40890524709391,-1.81820506946898,-2.97666524897168,-0.8202213908633,-0.0763229404535736,1
6.78,-1.61731395518048,-1.40797007409622,-1.81519164257006,-2.9808339428105,-0.823199858857622,-0.0759997340556167,1
6.79,-1.62031406532112,-1.40706195128834,-1.81215655447499,-2.98499622419593,-0.826190593077237,-0.0756769932903502,1
6.8,-1.62332640881869,-1.40618087529444,-1.80909982486498,-2.98915207171905,-0.829193574359765,-0.075354721534298,1
6.81,-1.62635096506706,-1.40532684139844,-1.80602147246194,-2.99330146631844,-0.832208782195586,-0.0750329221382585,1
6.82,-1.62938771210404,-1.40449984356833,-1.80292151501026,-2.99744439127507,-0.835236194718267,-0.0747115984266581,1
6.83,-1.63243662660224,-1.40369987448077,-1.79979996925852,-3.00158083220705,-0.83827578869534,-0.0743907536969088,1
6.84,-1.63549768386009,-1.40292692554589,-1.79665685094117,-3.00571077706419,-0.841327539519417,-0.0740703912187681,1
6.85,-1.63857085779342,-1.40218098693235,-1.79349217476008,-3.00983421612236,-0.844391421199655,-0.0737505142337024,1
6.86,-1.64179091395909,-1.40146678292368,-1.79044800578356,-3.01381356415079,-0.847601795188724,-0.0734172116940367,1
6.87,-1.64506383790535,-1.40078107538325,-1.78742409341425,-3.01774568998789,-0.850864934151568,-0.0730803672028129,1
6.88,-1.64834993989897,-1.40012247385318,-1.78437850755444,-3.02167117505035,-0.854141268026475,-0.0727441003897393,1
6.89,-1.65164918031381,-1.39949097026301,-1.7813112614074,-3.02559000907648,-0.857430757286792,-0.0724084147137771,1
6.9,-1.6549615177878,-1.39888655518072,-1.77822236719105,-3.0295021842238,-0.860733360668779,-0.0720733135933864,1
6.91,-1.65828690921809,-1.39830921783721,-1.77511183611941,-3.03340769506439,-0.864049035166709,-0.0717388004058146,1
6.92,-1.6616253097547,-1.39775894615057,-1.77197967838392,-3.03730653858044,-0.867377736026503,-0.0714048784863543,1
6.93,-1.66497667279472,-1.39723572675059,-1.76882590313464,-3.04119871415958,-0.870719416739946,-0.0710715511276115,1
6.94,-1.6683409499772,-1.39673954500376,-1.76565051846142,-3.04508422359007,-0.874074029039489,-0.0707388215787834,1
6.95,-1.67171809117851,-1.39627038503846,-1.7624535313748,-3.04896307105565,-0.877441522893652,-0.0704066930449449,1
6.96,-1.67468837926287,-1.39581446259692,-1.75884294841434,-3.05321496332364,-0.88040337046203,-0.070116109815551,1
6.97,-1.67756770356231,-1.3953817987628,-1.75511681223387,-3.05755197861713,-0.883274552118229,-0.0698357795883577,1
6.98,-1.68045669657418,-1.39497562927822,-1.75136945726206,-3.06188285194895,-0.886155413697784,-0.0695558334542297,1
6.99,-1.68335532747902,-1.394595921216,-1.74760087396291,-3.06620762250869,-0.889045924446073,-0.0692762736634534,1
7,-1.68626356448326,-1.39424264126245,-1.74381105122643,-3.07052633148785,-0.891946052633673,-0.0689971024436472,1
7.01,-1.68918137481299,-1.39391575574653,-1.739999976347,-3.07483902207272,-0.894855765550182,-0.0687183219994224,1
7.02,-1.69210872471224,-1.39361523067033,-1.73616763500062,-3.07914573943729,-0.897775029502445,-0.0684399345120328,1
7.03,-1.69504557944147,-1.39334103173961,-1.73231401122176,-3.08344653073632,-0.900703809813064,-0.0681619421390267,1
7.04,-1.69799190327637,-1.39309312439448,-1.72843908737981,-3.08774144509876,-0.903642070819138,-0.0678843470139042,1
7.05,-1.70065310642213,-1.39286526085402,-1.72433883509879,-3.09222375972066,-0.906296023447189,-0.0676347174402507,1
7.06,-1.70302045149611,-1.39265688793781,-1.72000890813494,-3.09689825675331,-0.908656943955795,-0.067413523566135,1
7.07,-1.70539430122196,-1.39247418708508,-1.7156578916832,-3.10156763092355,-0.911024375197734,-0.0671925379670198,1
7.08,-1.70777463828919,-1.39231711615832,-1.71128574386198,-3.10623196432162,-0.913398299900833,-0.0669717619706468,1
7.09,-1.71007140245879,-1.39218660731309,-1.7069321956737,-3.11084553168066,-0.915688899112542,-0.0667595030747669,0
7.1,-1.70513303464027,-1.39216132571378,-1.70575843368996,-3.11176506449345,-0.910763813878356,-0.0672168199170609,0
7.11,-1.7006800767792,-1.39219010086701,-1.70570518101862,-3.11153413058464,-0.906322920477391,-0.0676321928611253,1
7.12,-1.69796168719179,-1.39234142506985,-1.7098470020566,-3.10708347223637,-0.903611937233165,-0.0678871873664228,1
7.13,-1.69525152151183,-1.39251864059624,-1.71396745884617,-3.1026275493554,-0.9009091870877,-0.0681424968447034,1
7.14,-1.69243789575515,-1.3927200623157,-1.71796705691845,-3.09826094455651,-0.898103293665832,-0.0684087118459882,1
7.15,-1.68892838778125,-1.39293700928469,-1.72131546192309,-3.09448719041668,-0.894603479099291,-0.0687424419049695,1
7.16,-1.68543172604777,-1.39318073676387,-1.72464214862108,-3.09070705852696,-0.891116529661752,-0.0690768196641773,1
7.17,-1.68194797512962,-1.39345126546825,-1.72794712278661,-3.08692052667997,-0.887642509841847,-0.0694118421225817,1
7.18,-1.67847719768955,-1.39374861506949,-1.73123038895103,-3.08312757504428,-0.884181482214637,-0.0697475062271888,1
7.19,-1.67501945451016,-1.3940728041795,-1.73449195042384,-3.07932818615947,-0.880733507473559,-0.0700838088738415,1
7.2,-1.67132241963144,-1.39441656620838,-1.73741563316593,-3.07582997381158,-0.877046978844466,-0.0704455094742865,1
7.21,-1.66748298699551,-1.39478298405208,-1.74011982253136,-3.07251711591268,-0.873218525637038,-0.0708234969135519,1
7.22,-1.66365945629167,-1.39517669309142,-1.74280202684673,-3.06919729597341,-0.86940599923823,-0.0712023372822174,1
7.23,-1.65985190730844,-1.39559769423133,-1.74546223828705,-3.06587052666466,-0.865609479323306,-0.0715820266322542,1
7.24,-1.65606041702675,-1.39604598653337,-1.74810044828069,-3.06253682338093,-0.861829042757747,-0.0719625609378361,1
7.25,-1.65215930844803,-1.39651430266178,-1.75050091515829,-3.05941086611965,-0.857939382664907,-0.0723566817509634,1
7.26,-1.64795239451579,-1.39699144930913,-1.75232320424671,-3.05683084213948,-0.853744901394284,-0.0727846789720941,1
7.27,-1.64376499785288,-1.39749627711188,-1.75412314546093,-3.05424338765541,-0.849569970478979,-0.0732138105241954,1
7.28,-1.63959721882106,-1.39802875749824,-1.75590072762707,-3.05164854983249,-0.845414690138504,-0.0736440714378429,1
7.29,-1.63544915363204,-1.39858885922314,-1.75765593935465,-3.04904637892407,-0.841279156439033,-0.0740754566255718,1
7.3,-1.63125516106283,-1.39916895789862,-1.75922751882789,-3.04660114030223,-0.837097928818725,-0.0745148734716575,1
7.31,-1.62691089701707,-1.39975693620901,-1.76035641974912,-3.04457638945165,-0.832766989128601,-0.0749735417777826,1
7.32,-1.62258839404798,-1.40037258626616,-1.76146278779873,-3.0425441552532,-0.828457848521641,-0.0754335128076662,1
7.33,-1.61828775245945,-1.40101585250591,-1.76254661644956,-3.04050450857643,-0.82417060713781,-0.0758947808253434,1
7.34,-1.61400906761632,-1.40168667636241,-1.76360789924345,-3.03845752345496,-0.81990536017412,-0.0763573399569866,1
7.35,-1.60970127944298,-1.40237261970981,-1.76445269706031,-3.03660575060479,-0.815611209966843,-0.0768267805462622,1
7.36,-1.60526625929711,-1.40304967694409,-1.76470526415307,-3.03534134379565,-0.811190346447601,-0.0773140678883096,1
7.37,-1.60085488100096,-1.4037541479192,-1.76493525959314,-3.03406951655441,-0.806793167921427,-0.0778028336890787,1
7.38,-1.59646723997575,-1.4044859483727,-1.76514268827001,-3.03279035809211,-0.802419769631475,-0.0782930717047582,1
7.39,-1.59208639162229,-1.40518641751511,-1.76474994887766,-3.03213879498074,-0.798053262797989,-0.0787867030932839,1
7.4,-1.58769587568374,-1.40580069288845,-1.76321919385994,-3.03270617093451,-0.79367724327495,-0.0792856589324393,1
7.41,-1.58332836321959,-1.4064417298814,-1.7616664159142,-3.03326608514694,-0.789324275823246,-0.079786280289497,1
7.42,-1.57898394824687,-1.40710942515245,-1.76009164087538,-3.03381862291872,-0.784994454331348,-0.0802885626073731,1
7.43,-1.57466271946033,-1.40780367294578,-1.75849489445884,-3.03436387233959,-0.780687867361055,-0.0807925011745055,1
7.44,-1.57060607258848,-1.40838354895611,-1.75599810084882,-3.0359411748186,-0.776645082326156,-0.0812695877321226,1
7.45,-1.56666087832265,-1.40893565331716,-1.75314492990557,-3.03790795867737,-0.772713479083386,-0.0817373470845299,1
7.46,-1.56273448610008,-1.4095135620869,-1.75027057740597,-3.03986774030978,-0.768800722571822,-0.0822066379004179,1
7.47,-1.55882696175066,-1.41011717654974,-1.74737506163065,-3.04182060479885,-0.764906878557318,-0.0826774578591501,1
7.48,-1.55493836759646,-1.41074639683345,-1.74445839997916,-3.04376663943507,-0.761032009294952,-0.0831498045372292,1
7.49,-1.55113222271464,-1.41137444228362,-1.74139777127617,-3.04586112153303,-0.757239407072038,-0.0836158729364751,1
7.5,-1.54753926848918,-1.41194536466822,-1.73793679567758,-3.04842838979908,-0.753659337220281,-0.0840592803581683,1
7.51,-1.54396239249645,-1.41254141041662,-1.73445503391154,-3.0509892225223,-0.750095386138251,-0.0845040767207182,1
7.52,-1.54040163975888,-1.41316248715574,-1.73095248749922,-3.05354371386,-0.746547598810261,-0.0849502606079045,1
7.53,-1.53685705282054,-1.41380850212598,-1.72742915662145,-3.05609195981521,-0.743016017740112,-0.0853978305318241,1
7.54,-1.53913013571803,-1.41310637429851,-1.72616835959328,-3.05826632454785,-0.745280748722859,-0.0851104174558561,1
7.55,-1.54304165036853,-1.41204758794762,-1.72552130813005,-3.06033256286965,-0.74917798711168,-0.0846191248168832,1
7.56,-1.54699090820273,-1.41101611174521,-1.72491717909791,-3.06232768303347,-0.753112952018987,-0.084127251105836,1
7.57,-1.55114029001405,-1.41002696349558,-1.72508740855221,-3.06351968381871,-0.757247445552293,-0.083614881139789,1
7.58,-1.5553144541722,-1.40906393867027,-1.72523535207131,-3.06470534123385,-0.761406763585385,-0.0831039537983996,1
7.59,-1.55951336348058,-1.40812715155344,-1.72536100059243,-3.06588453751252,-0.765590869145733,-0.0825944769318618,1
7.6,-1.56373697548522,-1.40721671396569,-1.72546434520416,-3.06705715741557,-0.769799719999777,-0.0820864582601457,1
7.61,-1.56798524241923,-1.40633273520354,-1.72554537715227,-3.06822308829002,-0.7740332685973,-0.0815799053722926,1
7.62,-1.57221135797494,-1.40546753406561,-1.72535192818913,-3.06963824893716,-0.778244868730572,-0.0810803285939231,1
7.63,-1.57643854872849,-1.40462517245625,-1.72501162008077,-3.07117302031647,-0.782457664129804,-0.0805848769314193,1
7.64,-1.58068976189137,-1.40380959445886,-1.72464892807651,-3.07270092441602,-0.786694522865665,-0.0800908267396241,1
7.65,-1.58496493535855,-1.40302089312342,-1.7242638486937,-3.07422186031386,-0.790955383039087,-0.0795981852275799,1
7.66,-1.58925070241084,-1.4022581362153,-1.72380339157283,-3.075788680025,-0.795226922098182,-0.0791084727180194,1
7.67,-1.59348511678765,-1.40151666979466,-1.72302252400159,-3.07764623260056,-0.799447395729196,-0.0786286403326987,1
7.68,-1.59774262724131,-1.40080231501088,-1.72221924794405,-3.07949669621748,-0.803691004464599,-0.0781501447771604,1
7.69,-1.60202315887574,-1.40011514721624,-1.72139356443,-3.08133998406245,-0.807957673600178,-0.0776729927636668,1
7.7,-1.60632663168237,-1.39945523892542,-1.72054547456779,-3.08317601230843,-0.812247323315357,-0.0771971908706392,1
7.71,-1.61063216865563,-1.39882196890182,-1.7196092771692,-3.08506953841766,-0.816539142762557,-0.0767250164604269,1
7.72,-1.61488201362803,-1.39821346457919,-1.71840417711021,-3.08719902001844,-0.82077555588483,-0.0762626694751654,1
7.73,-1.61915379382587,-1.39763235243788,-1.71717669152695,-3.08932118962152,-0.82503394149917,-0.0758015995097801,1
7.74,-1.62344741829671,-1.39707868720584,-1.71592682449864,-3.09143597922306,-0.829314208825096,-0.0753418125791664,1
7.75,-1.62776279122087,-1.39655252078267,-1.71465458006237,-3.09354332391603,-0.833616262211019,-0.0748833145650847,1
7.76,-1.63206693488486,-1.39605357447016,-1.71327489285982,-3.09572624930556,-0.837907224400576,-0.0744295636574382,1
7.77,-1.63629517988918,-1.39558118322542,-1.7116222826277,-3.0981464982213,-0.842122619298813,-0.0739872143842739,1
7.78,-1.64054391107132,-1.39513630687789,-1.70994734974424,-3.10055936518712,-0.846358535293659,-0.0735460620971938,1
7.79,-1.6448130261115,-1.39471897925973,-1.70825009961664,-3.1029648030426,-0.850614870216415,-0.0731061120786746,1
7.8,-1.64910241822948,-1.39432923153593,-1.70653053742806,-3.10536276773467,-0.854891517434181,-0.0726673694843025,1
7.81,-1.65036594717038,-1.39425748555691,-1.70719856506686,-3.10485099072766,-0.856151306111543,-0.0725386103711747,1
7.82,-1.64760442154828,-1.3946010741291,-1.71103828432264,-3.10048277590133,-0.853397960861782,-0.072820220564337,1
7.83,-1.64442115487652,-1.39498057829479,-1.7142748786858,-3.09665187548656,-0.850224168102667,-0.0731463587669565,1
7.84,-1.64020541223471,-1.39541374673474,-1.71607144266737,-3.09413461617005,-0.84602105391553,-0.0735810874512929,1
7.85,-1.63600968514886,-1.39587443263041,-1.71784570000824,-3.09161000979167,-0.841837989154164,-0.0740169771975494,1
7.86,-1.63183407084274,-1.39636260398796,-1.71959764421947,-3.08907810269408,-0.83767507089207,-0.0744540227616052,1
7.87,-1.62767866221166,-1.39687822621035,-1.72132726854963,-3.08653894428786,-0.833532391871033,-0.0748922187770043,1
7.88,-1.62339816276894,-1.39741779919611,-1.72266002517976,-3.08436011793126,-0.829265105931944,-0.0753470666825606,1
7.89,-1.61907838328059,-1.39798343098372,-1.72381324918139,-3.08232805175926,-0.824958766494388,-0.0758097073630004,1
7.9,-1.61478064905984,-1.3985765452402,-1.72494406627424,-3.08028856178621,-0.820674510446232,-0.0762736545227307,1
7.91,-1.61050505334806,-1.3991970848234,-1.72605247260482,-3.07824171823462,-0.816412430856744,-0.0767389021399907,1
7.92,-1.60625168443375,-1.39984498972408,-1.72713846432409,-3.07618759441813,-0.812172615838465,-0.0772054440574877,1
7.93,-1.60202062568314,-1.40052019708958,-1.72820203759596,-3.07412626670503,-0.807955148577779,-0.0776732739854651,1
7.94,-1.59769754830042,-1.40121467255177,-1.7288474359304,-3.07245264853621,-0.803646072118771,-0.0781551905970596,1
7.95,-1.59339316144898,-1.40193603674024,-1.72945427164885,-3.07078788296811,-0.79935574191114,-0.0786390185674195,1
7.96,-1.58911222617031,-1.40268453590818,-1.73003867965985,-3.0691159584235,-0.795088903705017,-0.0791242314472764,1
7.97,-1.58485481634569,-1.40346008755847,-1.73060066091275,-3.06743696712714,-0.790845631186567,-0.0796108224072864,1
7.98,-1.58062100062939,-1.40426260636529,-1.73114021648983,-3.06575100422855,-0.786625992811051,-0.0800987844822712,1
7.99,-1.57638000640411,-1.40508631911992,-1.73149825998632,-3.06422038790914,-0.782399320330775,-0.0805917097202844,1
8,-1.5720742592478,-1.40592039878935,-1.73137487528365,-3.06315094258683,-0.778108238942933,-0.0810964681852541,1
8.01,-1.56779310130388,-1.40678113937742,-1.73122915327062,-3.06207459114119,-0.773841790402689,-0.0816027209155344,1
8.02,-1.56353659202989,-1.40766843510314,-1.73106110347845,-3.06099144141717,-0.769600033960395,-0.0821104606511622,1
8.03,-1.55930478541847,-1.40858217755103,-1.73087073560394,-3.05990160396182,-0.76538302339754,-0.0826196799918548,1
8.04,-1.55515788319811,-1.40953525283306,-1.73100103188514,-3.05845453194685,-0.761250747135894,-0.0831230378281598,1
8.05,-1.5510520112297,-1.41051820065848,-1.73120419620989,-3.05690377073169,-0.757159482158137,-0.0836257351613258,1
8.06,-1.54826238490343,-1.41125047693503,-1.7318943568324,-3.05523096505048,-0.754379852632244,-0.0839697690174259,1
8.07,-1.55199539897753,-1.41061507989192,-1.73512658123347,-3.0529686943195,-0.758099502541201,-0.0835098485060986,1
8.08,-1.55574595665581,-1.41000498060689,-1.73833782687987,-3.05069986483859,-0.761836738765046,-0.0830513913875709,1
8.09,-1.55951400403264,-1.4094202747717,-1.74152808498405,-3.0484243856964,-0.765591507449181,-0.0825943995406397,1
8.1,-1.56329948412147,-1.40886105726766,-1.74469734560322,-3.04614216809043,-0.769363751655912,-0.0821388747555084,1
8.11,-1.56710233691952,-1.40832742215109,-1.74784559769628,-3.04385312528867,-0.773153411428735,-0.0816848187323783,1
8.12,-1.57112424968915,-1.40771645323627,-1.75033386780965,-3.04231611537011,-0.777161482428294,-0.0812084286717233,1
8.13,-1.57542463161251,-1.40700050203229,-1.75198690167496,-3.04173836195528,-0.781447188654107,-0.0807033301383536,1
8.14,-1.57974820669192,-1.40631099448628,-1.75361801638905,-3.04115338219563,-0.785756136367759,-0.0801998876185106,1
8.15,-1.58409489014579,-1.40564803761013,-1.75522718692972,-3.04056108594793,-0.790088240922109,-0.0796981058803338,1
8.16,-1.58847727076243,-1.40496881523038,-1.75639779771224,-3.04042190945896,-0.794456049256746,-0.0791965446632771,1
8.17,-1.59290537267934,-1.404242639788,-1.75682898539296,-3.041068154002,-0.798869553496695,-0.0786941021840953,1
8.18,-1.59735772565586,-1.40354357916499,-1.75723775897925,-3.04170700324809,-0.803307354974614,-0.0781932420291044,1
8.19,-1.60183423254585,-1.40287172878666,-1.75762410447215,-3.04233836611635,-0.807769356714846,-0.0776939701948934,1
8.2,-1.60633479034542,-1.40222718107566,-1.75798800807069,-3.04296215460552,-0.812255455879167,-0.0771962925129809,1
8.21,-1.61085929016919,-1.40161002539983,-1.75832945617986,-3.04357828384366,-0.816765543743022,-0.076700214646609,1
8.22,-1.61521913988569,-1.40094717659521,-1.7575918194769,-3.04530255518982,-0.821111621188918,-0.0762261494147734,1
8.23,-1.61959723809823,-1.40031014191512,-1.75680660060097,-3.04704581854678,-0.825476001361285,-0.0757539448495955,1
8.24,-1.62399793679,-1.39970072055292,-1.75599883203229,-3.0487815658715,-0.829863022288885,-0.0752831207195117,1
8.25,-1.62842112950166,-1.39911897523973,-1.75516851633036,-3.05050972292068,-0.834272577678024,-0.0748136828305847,1
8.26,-1.63250192303905,-1.39852428194566,-1.75338349327807,-3.05317748286252,-0.838340886080043,-0.0743839016109391,1
8.27,-1.63657028691355,-1.39795352799955,-1.75149455915183,-3.05592096185632,-0.842396893601931,-0.0739585487903535,1
8.28,-1.64065794057962,-1.39741029367704,-1.74958330358764,-3.05865724024363,-0.846472222189576,-0.0735342678761668,1
8.29,-1.64476479639246,-1.39689460834813,-1.74764973802891,-3.06138626957736,-0.850566784344155,-0.0731110639668271,1
8.3,-1.6488794182621,-1.39640599428423,-1.74567455528403,-3.06412706813057,-0.854669177713058,-0.0726900985481981,1
8.31,-1.65268753078421,-1.39593039017317,-1.74312499246099,-3.06740569260737,-0.858466050336473,-0.0723031617409669,1
8.32,-1.6565121701746,-1.39548207490278,-1.74055337681774,-3.07067740170249,-0.862279475104169,-0.0719170913281917,1
8.33,-1.66035326122139,-1.39506105436423,-1.73795971726622,-3.07394217437188,-0.866109376926064,-0.071531891552661,1
8.34,-1.66421072581271,-1.39466733253193,-1.73534402203143,-3.07719999231205,-0.869955677809713,-0.0711475665794009,1
8.35,-1.6680230527221,-1.39429953239371,-1.73262561977983,-3.0805290069786,-0.873757042709963,-0.0707701818137024,1
8.36,-1.67154455621928,-1.39395194853222,-1.72948394932436,-3.08424020993439,-0.877268482345054,-0.0704237141504464,1
8.37,-1.67507978084139,-1.39363127297303,-1.72632049254984,-3.08794492062485,-0.880793662900866,-0.0700779251073251,1
8.38,-1.6786286638727,-1.39333749185428,-1.72313524818805,-3.09164314934938,-0.884332521757708,-0.0697328180264377,1
8.39,-1.68219114055325,-1.39307059010635,-1.71992821384095,-3.09533490884225,-0.887884994250027,-0.0693883961949654,1
8.4,-1.68581660685159,-1.39283155735212,-1.71676080408525,-3.09896076860205,-0.891500338744642,-0.0690399222725436,1
8.41,-1.68965033605179,-1.39262347535454,-1.7138122755754,-3.10234695153375,-0.895323428875056,-0.0686736368220639,1
8.42,-1.69349895057874,-1.39244249371486,-1.71084181204975,-3.10572635772542,-0.899161428469885,-0.0683081792780676,1
8.43,-1.69736235852839,-1.39228859783793,-1.70784941188704,-3.10909899869299,-0.903014245720313,-0.0679435529660663,1
8.44,-1.70124046539414,-1.3921617716313,-1.70483507246517,-3.11246488858482,-0.906881786212713,-0.0675797611327277,1
8.45,-1.69708460859332,-1.39213235780056,-1.70183162625107,-3.11525683454652,-0.902737255022228,-0.0679696927817839,0
8.46,-1.69289889623562,-1.39213019279688,-1.69880658587813,-3.11803850621934,-0.898563024869228,-0.0683650122856404,0
8.47,-1.68872577126404,-1.39215486849942,-1.69575978491888,-3.12081291280433,-0.894401423879764,-0.0687617665059934,0
8.48,-1.6845653804504,-1.392206345511,-1.69269122804834,-3.12358008663305,-0.890252598887373,-0.0691599574980296,0
8.49,-1.68041786822131,-1.39228458302319,-1.68960091889917,-3.1263400626465,-0.886116694377764,-0.0695595872239378,0
8.5,-1.67628337663163,-1.39238953885187,-1.68648886004278,-3.12909287837897,-0.881993852462181,-0.069960657552647,0
8.51,-1.67216204533545,-1.39252116947172,-1.68335505296828,-3.13183857394475,-0.877884212848421,-0.0703631702595911,0
8.52,-1.66805401155835,-1.39267943005122,-1.68019949806137,-3.13457719202453,-0.873787912813089,-0.0707671270265122,0
8.53,-1.66395941007098,-1.39286427448829,-1.67702219458282,-3.13730877785127,-0.869705087175142,-0.0711725294413,0
8.54,-1.65987837316385,-1.39307565544638,-1.67382314064693,-3.14003337919585,-0.865635868270694,-0.0715793789978701,0
8.55,-1.65581103062341,-1.39331352439112,-1.67060233319956,-3.14275104635229,-0.861580385929117,-0.0719876770960793,0
8.56,-1.6517575097095,-1.39357783162754,-1.66735976799608,-3.1454618321226,-0.857538767450429,-0.0723974250416797,0
8.57,-1.64771793513399,-1.3938685263377,-1.66409543957892,-3.14816579180142,-0.853511137584009,-0.0728086240463087,0
8.58,-1.64369242904085,-1.39418555661886,-1.66080934125493,-3.15086298316029,-0.8494976185086,-0.0732212752275181,0
8.59,-1.63968111098743,-1.39452886952216,-1.6575014650725,-3.1535534664317,-0.845498329813644,-0.0736353796088406,0
8.6,-1.63568409792714,-1.39489841109171,-1.65417180179823,-3.15623730429288,-0.841513388481941,-0.0740509381198918,0
8.61,-1.63170150419344,-1.39529412640421,-1.6508203408935,-3.15891456184936,-0.837542908873619,-0.074467951596512,0
8.62,-1.62773344148509,-1.39571595960895,-1.64744707049058,-3.16158530661837,-0.833587002711444,-0.0748864207809422,0
8.63,-1.6237800188528,-1.39616385396828,-1.64405197736843,-3.16424960851202,-0.829645779067446,-0.0753063463220387,0
8.64,-1.61984134268721,-1.39663775189855,-1.64063504692825,-3.16690753982041,-0.825719344350875,-0.075727728775523,0
8.65,-1.61591751670809,-1.3971375950114,-1.63719626316856,-3.16955917519451,-0.821807802297479,-0.0761505686042675,0
8.66,-1.61200864195498,-1.39766332415545,-1.63373560865997,-3.17220459162904,-0.817911253960094,-0.0765748661786176,0
8.67,-1.60811481677905,-1.39821487945848,-1.6302530645196,-3.17484386844525,-0.814029797700553,-0.0770006217767487,0
8.68,-1.60423613683634,-1.3987922003699,-1.62674861038498,-3.17747708727363,-0.810163529182906,-0.0774278355850569,0
8.69,-1.60037269508223,-1.39939522570363,-1.62322222438769,-3.18010433203662,-0.806312541367923,-0.0778565076985864,0
8.7,-1.59652458176724,-1.40002389368137,-1.61967388312645,-3.18272568893134,-0.802476924508912,-0.0782866381214879,0
8.71,-1.59269188443411,-1.40067814197618,-1.61610356163983,-3.18534124641236,-0.798656766148789,-0.0787182267675128,0
8.72,-1.59435899373591,-1.4004575797339,-1.61576943773532,-3.18602739144287,-0.800318401073545,-0.0785298010816383,1
8.73,-1.59887819353432,-1.3998048480151,-1.61708762871789,-3.18571385011843,-0.80482288212763,-0.0780231814839247,1
8.74,-1.60341931821654,-1.39917694568287,-1.61838551196463,-3.18539311556962,-0.809349335966281,-0.0775182039836192,1
8.75,-1.60798401463854,-1.39857597707352,-1.61966141217942,-3.18506456590148,-0.813899412633867,-0.077014977971552,1
8.76,-1.61258478375916,-1.39801122426168,-1.62062571122464,-3.18500946921103,-0.818485573281143,-0.076512133323582,1
8.77,-1.61721925725749,-1.39748085825589,-1.62134172683831,-3.18516612813787,-0.823105457730773,-0.0760099504380772,1
8.78,-1.62187757956903,-1.39697779570928,-1.62203568890695,-3.18531465602494,-0.827749241541736,-0.0755095007572693,1
8.79,-1.62655960702492,-1.39650210842785,-1.62270758537234,-3.18545498583656,-0.832416781171984,-0.0750107887782103,1
8.8,-1.6312195771816,-1.39603650585955,-1.62393371261851,-3.18502489252142,-0.837062453653176,-0.0745186158585078,1
8.81,-1.63587544185274,-1.395588185469,-1.62546994533726,-3.18426268556019,-0.841704152554061,-0.0740309772922398,1
8.82,-1.6405530558721,-1.39516716743018,-1.62698412513689,-3.18349235612775,-0.846367652615334,-0.0735451161570048,1
8.83,-1.6385234639053,-1.39529942285329,-1.62757367922631,-3.18263141707003,-0.84434415926458,-0.0737550572000006,1
8.84,-1.63383578629392,-1.39567605839614,-1.62777522972892,-3.18172738339503,-0.839670688236168,-0.0742441036223853,1
8.85,-1.62916208459248,-1.39608167591788,-1.62785133775159,-3.18091675532277,-0.83501125898831,-0.0747354118667272,1
8.86,-1.62446946052552,-1.396539256684,-1.62728861762379,-3.18068713495912,-0.830333087014909,-0.0752328974858464,1
8.87,-1.61980052501183,-1.39702427774358,-1.62670381251909,-3.18044927660344,-0.825678654001674,-0.0757321116582709,1
8.88,-1.61515542395776,-1.39753666915276,-1.62609693439182,-3.1802032455401,-0.821048105727218,-0.0762330498579206,1
8.89,-1.61053429704559,-1.39807635797645,-1.62546799518336,-3.17994911038087,-0.816441581740485,-0.0767357073625047,1
8.9,-1.60593727774471,-1.39864326833407,-1.62481700681593,-3.17968694302073,-0.811859215371971,-0.077240079256677,1
8.91,-1.60137302466872,-1.39924964396355,-1.6237291371756,-3.17981999577873,-0.807309637540717,-0.0777452121451534,1
8.92,-1.59683312382287,-1.39988363447616,-1.62259722158237,-3.17996665401828,-0.802784461181745,-0.0782520328534526,1
8.93,-1.59231722811623,-1.40054449641836,-1.62144332982005,-3.18010556407512,-0.798283340558549,-0.0787605878642535,1
8.94,-1.58782544997557,-1.40123214150355,-1.62026747427578,-3.18023681011118,-0.793806387956929,-0.0792708721847439,1
8.95,-1.58335789587699,-1.40194647890336,-1.61906966717894,-3.18036047928151,-0.789353709706842,-0.0797828806435031,1
8.96,-1.58491028215362,-1.4015837702046,-1.62301325824717,-3.1769051635741,-0.790900912049592,-0.0796044568273764,1
8.97,-1.58755032316606,-1.40104680974619,-1.62786474004091,-3.17280285639278,-0.793532173474102,-0.0793022735455414,1
8.98,-1.59108490983628,-1.40043184552739,-1.63155842473911,-3.17000566032664,-0.797055076722218,-0.0789001395999952,1
8.99,-1.59519476847081,-1.39977807423959,-1.63451535583773,-3.1680261532521,-0.801151451263825,-0.0784360223158465,1
9,-1.59932313268221,-1.39915030956792,-1.63745044970947,-3.16603999389975,-0.805266378184679,-0.0779735099112071,1
9.01,-1.60346990107538,-1.39854862640013,-1.64036371002526,-3.16404710071957,-0.809399756124086,-0.0775126036897693,1
9.02,-1.607847735371,-1.39795908084659,-1.64258649415896,-3.1627461060986,-0.813763568013826,-0.0770299390543753,1
9.03,-1.61230510585217,-1.39739236642284,-1.64460386136592,-3.16162937048762,-0.818206779821301,-0.0765425774600239,1
9.04,-1.61678384677131,-1.39685246265944,-1.64659930296398,-3.16050498482837,-0.822671412550627,-0.0760569471635675,1
9.05,-1.62128382436945,-1.39633944591503,-1.64857280692795,-3.1593728802386,-0.827157332510652,-0.0755730506268103,1
9.06,-1.62584677331141,-1.39585269993007,-1.65028925126366,-3.15847178644036,-0.831706145237827,-0.075086442989758,1
9.07,-1.63049117390656,-1.39539218396844,-1.65164986139291,-3.15790171026865,-0.836336277326736,-0.0745952751573484,1
9.08,-1.63515785119078,-1.39495902181148,-1.65298842452647,-3.15732345648341,-0.840988737518782,-0.0741058708672428,1
9.09,-1.63984664479077,-1.39455328080806,-1.65430492542839,-3.15673696813572,-0.845663365518288,-0.0736182329189805,1
9.1,-1.64455738860032,-1.39417502544993,-1.65559934871467,-3.15614219159738,-0.850359995291187,-0.0731323639201308,1
9.11,-1.64604517072703,-1.39401610821968,-1.66027094568099,-3.15173011105839,-0.851843344034936,-0.0729797455507519,1
9.12,-1.64693289655249,-1.39391709927522,-1.6655512859753,-3.14660859962184,-0.852728430049962,-0.0728888703091023,1
9.13,-1.64301011582226,-1.39420349500081,-1.66735626714554,-3.14425172261268,-0.848817345452924,-0.0732915070744035,1
9.14,-1.63860274142987,-1.39455522934408,-1.66877644238053,-3.14217790418968,-0.844423208696447,-0.0737472047170672,1
9.15,-1.63421685184043,-1.39493450617629,-1.67017432037588,-3.14009646554393,-0.840050595367188,-0.0742042265873763,1
9.16,-1.62979453911845,-1.39534617363325,-1.67133469049525,-3.13821367419169,-0.835641775099609,-0.0746686851550737,1
9.17,-1.62523395468513,-1.3957989640226,-1.67187591276172,-3.13689498175297,-0.831095218309183,-0.0751515608193794,1
9.18,-1.62069668962242,-1.39627933025381,-1.67239486441319,-3.13556833706728,-0.826572025328101,-0.0756359599910036,1
9.19,-1.61618286787137,-1.39678721114061,-1.67289155026452,-3.13423380524342,-0.822072319936627,-0.0761218770225346,1
9.2,-1.61169260754983,-1.39732254243357,-1.67336597518958,-3.13289145468111,-0.817596220086906,-0.076609306093454,1
9.21,-1.60722602098137,-1.39788525685302,-1.67381814412634,-3.13154135702792,-0.813143837931928,-0.0770982412145456,1
9.22,-1.61037804764361,-1.39753137420408,-1.67807661649093,-3.12787378080249,-0.816285828302234,-0.0767527791379329,1
9.23,-1.61354917141956,-1.39720141847724,-1.68231885330724,-3.12419774714927,-0.819446914724778,-0.0764072772777952,1
9.24,-1.61779503806858,-1.39674154069368,-1.68477171765929,-3.12251765959041,-0.823679434769195,-0.0759478606633946,1
9.25,-1.62222394754018,-1.39628462824344,-1.68693157517888,-3.12113699136633,-0.828094533476195,-0.0754724607520985,1
9.26,-1.62667305956028,-1.39585465794177,-1.68906957695276,-3.11974854278058,-0.832529884177807,-0.0749987568974966,1
9.27,-1.63114223528661,-1.39545170268216,-1.69118570635891,-3.11835225419737,-0.836985348077025,-0.0745267507774765,1
9.28,-1.6357502754784,-1.39505382547424,-1.69276773771939,-3.11749055443067,-0.841579365464689,-0.0740440337730431,1
9.29,-1.64039073863946,-1.39468132752804,-1.69428026937144,-3.11667092225675,-0.84620582319133,-0.073561908659907,1
9.3,-1.64505251552854,-1.39433632600723,-1.6957707290914,-3.11584303755938,-0.850853645528044,-0.073081529172602,1
9.31,-1.6497354384839,-1.39401888468828,-1.69723909754689,-3.11500685219842,-0.855522664868801,-0.0726028973496582,1
9.32,-1.65107182407995,-1.39395450198779,-1.69857567258122,-3.11382387434331,-0.856855098877977,-0.072466863178411,1
9.33,-1.64654605981033,-1.39431839577975,-1.69969294838765,-3.11203959230801,-0.852342743132523,-0.0729284529674113,1
9.34,-1.64204138021524,-1.39470835636425,-1.70078927642664,-3.11024782213791,-0.847851510640001,-0.0733913656268726,1
9.35,-1.6374361559013,-1.39506325882104,-1.69930391833961,-3.11106184041521,-0.843260144352177,-0.0738684184702283,1
9.36,-1.63284333192547,-1.39544116072242,-1.69761695690364,-3.11205108451709,-0.83868125458253,-0.0743480878186408,1
9.37,-1.62827162195589,-1.39584639042869,-1.69590799198711,-3.11303221406178,-0.834123529298107,-0.0748294888085597,1
9.38,-1.62372117728399,-1.39627887665004,-1.6941770430612,-3.11400528493346,-0.829587119729548,-0.075312619226614,1
9.39,-1.61952216962102,-1.39667701543914,-1.69140194976586,-3.11607812624403,-0.825401167164289,-0.0757620093314894,1
9.4,-1.61535128381787,-1.3970996846812,-1.68857238838202,-3.11817922750106,-0.821243349438635,-0.0762118408157906,1
9.41,-1.61119797215432,-1.39754877971952,-1.68572120294939,-3.12027308360242,-0.817103151844131,-0.0766632499283905,1
9.42,-1.60706234673296,-1.39802422770845,-1.68284840079227,-3.1223597621387,-0.812980686465198,-0.0771162359399671,1
9.43,-1.60363106875132,-1.39841779161451,-1.67892990547698,-3.1256240474993,-0.80956040550474,-0.0774947635745759,1
9.44,-1.60033821178196,-1.3988165920989,-1.67479995787714,-3.12910257394054,-0.806278169640124,-0.0778603480608019,1
9.45,-1.5970557692932,-1.39924057979811,-1.67064869873201,-3.1325755684474,-0.803006381534329,-0.0782270742617495,1
9.46,-1.59378380005233,-1.39968969814759,-1.6664760891608,-3.13604312587332,-0.799745099985601,-0.0785949431819392,1
9.47,-1.59490957778666,-1.39951535486924,-1.66480844393423,-3.1379736000717,-0.800867188774755,-0.0784679708451753,1
9.48,-1.59940529426043,-1.39887983459622,-1.66503962782276,-3.13872764290553,-0.805348273419507,-0.0779643422975984,1
9.49,-1.60392446104279,-1.39826901631315,-1.66525077950203,-3.13947433844512,-0.809852854690826,-0.0774623011834312,1
9.5,-1.60846436135214,-1.39768583743073,-1.66540416238725,-3.14024813573905,-0.814378228225616,-0.0769622748789268,1
9.51,-1.61302141483424,-1.39713077264265,-1.66546536129749,-3.14108271951079,-0.818920824487682,-0.0764646359065656,1
9.52,-1.61760251947844,-1.39660310456723,-1.66550437125822,-3.14190933841595,-0.82348751907632,-0.0759686137105092,1
9.53,-1.62220754944548,-1.39610290551139,-1.6655211829797,-3.14272792072902,-0.82807818630897,-0.0754742138106488,1
9.54,-1.62683637279169,-1.3956302446878,-1.66551578725859,-3.14353839803762,-0.832692694393324,-0.0749814415430643,1
9.55,-1.63139420404603,-1.39519517655624,-1.66501598190168,-3.14479624830762,-0.837236547064734,-0.0745002525323959,1
9.56,-1.63585346397402,-1.39480047288476,-1.66388919852018,-3.14662961778541,-0.84168224126773,-0.0740332696577284,1
9.57,-1.64033489416396,-1.39443335331336,-1.662740126787,-3.14845520878442,-0.846150146576568,-0.073567687151786,1
9.58,-1.64415323328533,-1.39414516867239,-1.66153987067947,-3.15020412401071,-0.849957046299818,-0.0731738912573965,1
9.59,-1.63949179671579,-1.39452115963008,-1.65995892435125,-3.15109070312685,-0.845309585376186,-0.0736549957530357,1
9.6,-1.63485163158334,-1.39492452688575,-1.6583559373218,-3.15196910723948,-0.840683447172115,-0.0741378596105969,1
9.61,-1.63020798533161,-1.39535597926865,-1.65688949987703,-3.15267828119956,-0.836053955334417,-0.0746251058970368,1
9.62,-1.62557261139089,-1.39581518725005,-1.65548889045266,-3.15329003904057,-0.831432829361282,-0.0751155663427147,1
9.63,-1.62095957420127,-1.39630166941648,-1.65406625369237,-3.15389369203915,-0.82683409138667,-0.0756077844808909,1
9.64,-1.61636902182258,-1.39681535234034,-1.6526216049528,-3.15448930364567,-0.822257889383631,-0.0761017571956021,1
9.65,-1.61192823413209,-1.39734817263925,-1.65057224054368,-3.15567712101815,-0.817831100643835,-0.0765836267146003,1
9.66,-1.60758197670758,-1.39790302363061,-1.64816165012234,-3.15720696004882,-0.813498657279573,-0.0770591257697547,1
9.67,-1.60325582341547,-1.39848439776276,-1.64572920581178,-3.15872947665995,-0.809186367157333,-0.0775363090045429,1
9.68,-1.59894989200668,-1.3990922169669,-1.64327491511086,-3.16024474536697,-0.804894347973797,-0.078015174430229,1
9.69,-1.5947133552501,-1.39972155144726,-1.64067977391504,-3.16188054999312,-0.800671611963052,-0.078490196349978,1
9.7,-1.59080301894343,-1.40034639641954,-1.63731548162464,-3.16431170866025,-0.79677411464671,-0.0789321089158135,1
9.71,-1.58690913655562,-1.40099689398037,-1.63392940434845,-3.16673672061395,-0.792893114967948,-0.079375520691814,1
9.72,-1.58303179238359,-1.4016729736611,-1.63052152583849,-3.16915567464706,-0.789028697207291,-0.0798204310083242,1
9.73,-1.57947778708921,-1.40233319411528,-1.62676704892308,-3.17195997964817,-0.785486627933142,-0.0802312482725788,1
9.74,-1.57712184721395,-1.40285780479305,-1.62173213254198,-3.17627637273104,-0.783138647177443,-0.0805051847344914,1
9.75,-1.57477086198428,-1.40340657058089,-1.6166750344336,-3.1805898317597,-0.780795641907444,-0.0807798362806219,1
9.76,-1.573468080275,-1.40377061892854,-1.61248194993228,-3.18431028727558,-0.779497298530559,-0.0809325923406219,1
9.77,-1.57788543781172,-1.40301838612659,-1.61311237074556,-3.18479855256928,-0.783899654009688,-0.0804162571177213,1
9.78,-1.58232780037335,-1.40229277028519,-1.61372081534468,-3.18527939782317,-0.788327062840629,-0.0799015774361585,1
9.79,-1.58679508052803,-1.40159386565803,-1.61430727299106,-3.18575272911412,-0.792779437774632,-0.0793885597649447,1
9.8,-1.59128718463265,-1.40092176385426,-1.61487173284648,-3.18621845554295,-0.797256685347325,-0.0788772103971616,1
9.81,-1.58999093237511,-1.40131555924856,-1.60958825134364,-3.19100530201963,-0.795964706725334,-0.0790243060870755,0
9.82,-1.58855718005451,-1.40175807536513,-1.60414288376073,-3.19589394305935,-0.794535693998711,-0.0791874390630562,0
9.83,-1.58712453556265,-1.40222443975706,-1.59867465980402,-3.20078119325119,-0.793107798764527,-0.0793509038938654,0
9.84,-1.58569300525717,-1.40271464011827,-1.5931834283073,-3.20566721519254,-0.791681027403926,-0.0795147013819779,0
9.85,-1.58426259547235,-1.40322866644266,-1.58766903406704,-3.2105521732174,-0.790255386274746,-0.079678832331316,0
9.86,-1.58283331252172,-1.40376651106801,-1.58213131776734,-3.21543623342776,-0.788830881714108,-0.079843297546994,0
9.87,-1.58140516269786,-1.40432816871917,-1.57657011589409,-3.22031956373619,-0.787407520038228,-0.0800080978353187,0
9.88,-1.57997815227225,-1.40491363655245,-1.57098526064621,-3.22520233391026,-0.785985307542243,-0.0801732340037905,0
9.89,-1.57855228749507,-1.40552291420142,-1.56537657984368,-3.23008471561871,-0.784564250500031,-0.080338706861103,0
9.9,-1.58096336724688,-1.40517977817655,-1.56506294250086,-3.2309397897197,-0.786967188980051,-0.0800585008445974,1
9.91,-1.58530103857085,-1.4043896284269,-1.56735072823696,-3.22979335075692,-0.791290366104763,-0.0795596312173167,1
9.92,-1.58969940589508,-1.40363052185131,-1.5694116894324,-3.22884371816638,-0.795674142875325,-0.0790574391166456,1
9.93,-1.59412339865997,-1.40289844439753,-1.57143557700071,-3.2279015706723,-0.800083586163967,-0.0785566537103458,1
9.94,-1.59858019360327,-1.40219560803833,-1.5733792034602,-3.22700843286235,-0.804525849402633,-0.0780564729317938,1
9.95,-1.60307032711792,-1.4015222431928,-1.5752402214317,-3.22616643415396,-0.809001467833027,-0.0775568572423869,1
9.96,-1.60758300966675,-1.40087555426184,-1.577079174259,-3.22531698323021,-0.81349968694218,-0.0770590123013295,1
9.97,-1.6121266966133,-1.40025823216538,-1.57884406791884,-3.22451001665954,-0.818028935021517,-0.0765620063781327,1
9.98,-1.61669642721446,-1.399668860416,-1.58056508226413,-3.22371638553506,-0.822584267245959,-0.0760663874994118,1
9.99,-1.62128848670173,-1.39910641967215,-1.58226402274481,-3.22291502866159,-0.827161980338462,-0.0755725513476872,1
10,-1.62588739773781,-1.39856718839038,-1.58401899168062,-3.22203046359094,-0.831746644336073,-0.0750821288206403,1
10.01,-1.63044692847929,-1.39803988791416,-1.58606149654194,-3.22083924819207,-0.836292167265268,-0.0745999349123716,1
10.02,-1.63502728064796,-1.39753954439829,-1.58808186768607,-3.21964039745898,-0.840858563146002,-0.0741195085722767,1
10.03,-1.63466686291632,-1.39744583133605,-1.58997992652094,-3.21781094649072,-0.840499239101894,-0.0741571575225415,1
10.04,-1.62997810777947,-1.39786795784378,-1.58936961846489,-3.21766994081858,-0.835824781554043,-0.0746493321129974,1
10.05,-1.62527758586742,-1.39834201163181,-1.58836502761328,-3.21786594596415,-0.831138714737331,-0.0751469221918162,1
10.06,-1.62061998226599,-1.39885916378477,-1.58705714645089,-3.21832065036854,-0.826495556882977,-0.0756441839163626,1
10.07,-1.61598557210994,-1.39940354406325,-1.58572540941868,-3.21876909109139,-0.821875643883763,-0.0761432086527945,1
10.08,-1.61139781083751,-1.39998544702239,-1.58416809291427,-3.21940444326204,-0.81730235720381,-0.0766414499635799,1
10.09,-1.60683290371721,-1.40059426680656,-1.58258873621056,-3.22003204068183,-0.8127519765715,-0.077141470808967,1
10.1,-1.60229734758563,-1.40123206453854,-1.58094265509651,-3.22069500023372,-0.808230978214017,-0.0776425616642643,1
10.11,-1.59779973281687,-1.40190164274971,-1.57916882475509,-3.22145222749021,-0.803747924353036,-0.0781437534122781,1
10.12,-1.59332501018159,-1.4025978440837,-1.57737296236801,-3.22220202149458,-0.799287814145682,-0.0786467114302204,1
10.13,-1.58888202985596,-1.40332295087434,-1.57550148718405,-3.2229963837811,-0.794859468769038,-0.0791504374560737,1
10.14,-1.58447646668038,-1.40407841375407,-1.57351871265372,-3.22387003438807,-0.790468543628622,-0.0796542624697319,1
10.15,-1.58009376426928,-1.40486018883057,-1.57151390158608,-3.22473660717205,-0.786100530317723,-0.0801598377472031,1
10.16,-1.57589554069379,-1.40552659376252,-1.57119551036986,-3.22404272861897,-0.781916498409051,-0.0806482851169162,1
10.17,-1.57219067939594,-1.40600578897431,-1.57288580708683,-3.22156438171973,-0.778224260873303,-0.0810827626302516,1
10.18,-1.57570941810529,-1.40517572328264,-1.57700982782919,-3.21856384731755,-0.781731007758807,-0.0806700349358722,1
10.19,-1.57924170489561,-1.40437061228655,-1.58111124484463,-3.21555899566287,-0.785251341611396,-0.0802586406377037,1
10.2,-1.58307613868865,-1.40357655459614,-1.58469804279657,-3.21307917532603,-0.789072895108374,-0.0798153231676601,1
10.21,-1.58700764992666,-1.40280407322848,-1.58812554010152,-3.21074130723833,-0.792991301197744,-0.0793642608416571,1
10.22,-1.59095618909819,-1.40205716679131,-1.59153079085028,-3.20839777230796,-0.796926780049569,-0.0789147356760091,1
10.23,-1.59509485580152,-1.40133584539582,-1.59448752264257,-3.20648839378376,-0.801051865125841,-0.0784472614701456,1
10.24,-1.59935454318062,-1.40064055472855,-1.59717200010274,-3.20483062696357,-0.805297686854598,-0.0779700049473824,1
10.25,-1.60367940497662,-1.3999758935505,-1.59964177453102,-3.20335776652263,-0.809608586317682,-0.0774894141774477,1
10.26,-1.60820830931022,-1.39935557751484,-1.60131387227743,-3.20264940591294,-0.814122992185871,-0.0769903626853967,1
10.27,-1.61275254354687,-1.39876120489085,-1.60299798127194,-3.20189969071352,-0.818652802770794,-0.0764938795720815,1
10.28,-1.61716423347598,-1.39817456118283,-1.60537112439225,-3.20043899069755,-0.823050606425156,-0.0760158874246291,1
10.29,-1.62159637251376,-1.39761458065821,-1.60772125963418,-3.19897194092268,-0.827468908595299,-0.0755395898437168,1
10.3,-1.62616108789684,-1.3970922736315,-1.60959586592979,-3.19794807330206,-0.832019490390316,-0.0750530721947211,1
10.31,-1.63074718390151,-1.39659698232768,-1.61144842770281,-3.19691640771947,-0.836591504288691,-0.0745683204615521,1
10.32,-1.63535450680623,-1.39612877334487,-1.61327893604845,-3.19587688255418,-0.841184796626748,-0.074085336762009,1
10.33,-1.63923403969835,-1.39566811187109,-1.61681551078472,-3.19306943416457,-0.84505260451216,-0.0736817142533257,1
10.34,-1.63857476308194,-1.39565445550777,-1.61828744103991,-3.19156579380441,-0.84439531355124,-0.0737500689611447,1
10.35,-1.63383249664613,-1.39606364070614,-1.61760618905873,-3.19150861181752,-0.839667408592106,-0.0742444479902322,1
10.36,-1.62917882643141,-1.39652795275405,-1.61608370877868,-3.19223929361838,-0.83502794948642,-0.0747336445474426,1
10.37,-1.62454722174888,-1.39701947086803,-1.61453918580769,-3.19296193721638,-0.830410607746658,-0.0752246190764889,1
10.38,-1.61997377746207,-1.39754328792928,-1.61277245149688,-3.19387423883953,-0.825851366076366,-0.0757135106308591,1
10.39,-1.6154494696323,-1.39809799760797,-1.61083056865801,-3.19492997579749,-0.821341226458179,-0.0762012114968239,1
10.4,-1.61094674588486,-1.39867954535922,-1.6088666737407,-3.19597808200903,-0.816852722091014,-0.0766906672362531,1
10.41,-1.60650918640202,-1.399291338256,-1.60669546849607,-3.19720374253187,-0.812429294146905,-0.0771770928423271,1
10.42,-1.60211714688661,-1.39993165649271,-1.60439807593299,-3.19852617198154,-0.808051358503221,-0.077662559622166,1
10.43,-1.59774615896179,-1.40059843968979,-1.6020786768969,-3.19984141694162,-0.803694524700434,-0.0781497494805359,1
10.44,-1.59348285126487,-1.4012943563044,-1.59944651715101,-3.2014443747131,-0.799445137634248,-0.0786288960004474,1
10.45,-1.58927149954364,-1.40201740592361,-1.59668482674419,-3.2031496318741,-0.79524765047949,-0.0791061063500811,1
10.46,-1.58520690791821,-1.40276287208679,-1.59361574663806,-3.20514750019803,-0.791196549090708,-0.0795704262560479,1
10.47,-1.58142332588411,-1.40352642231496,-1.58993095827258,-3.20776194887511,-0.787425622243474,-0.0800059989878418,1
10.48,-1.57765542448954,-1.40431527794298,-1.58622388230363,-3.21037118730186,-0.783670418568655,-0.0804430301247846,1
10.49,-1.57431361812231,-1.40509749517673,-1.5819137208904,-3.21362215993931,-0.780339954460882,-0.0808334042081585,1
10.5,-1.5710886136931,-1.40589624719282,-1.5774318651983,-3.21703532694162,-0.777125968579835,-0.0812126326259323,1
10.51,-1.56789004424586,-1.40671788299778,-1.57291387108446,-3.2204613634064,-0.773938398841768,-0.0815912084203891,1
10.52,-1.56542366454894,-1.40748200228383,-1.56774363202664,-3.22465725510416,-0.771480550083026,-0.0818848138543126,1
10.53,-1.56296311464755,-1.40827020920047,-1.56254994700571,-3.22885143668126,-0.769028554105104,-0.0821792077822157,1
10.54,-1.56360268522244,-1.40854546402863,-1.55725570776828,-3.23392549457067,-0.769665897089865,-0.0821025427406338,1
10.55,-1.56750730855159,-1.40778903255945,-1.55849024306762,-3.23378132081353,-0.773556984167359,-0.0816366735381442,1
10.56,-1.57182581774076,-1.40692599476873,-1.56056611731452,-3.23293326285571,-0.777860647549846,-0.0811257267198864,1
10.57,-1.57616748265019,-1.40608900639323,-1.56261993096952,-3.23207843086239,-0.782187517471269,-0.0806165212537039,1
10.58,-1.58057301630063,-1.40534191989834,-1.56369839169908,-3.23210959303382,-0.786578169846608,-0.08010433835857,0
10.59,-1.58503514991314,-1.40467128122581,-1.56400906533596,-3.23283192031434,-0.791025363524969,-0.0795901288905544,0
10.6,-1.58952235027587,-1.4040273893371,-1.56429774897497,-3.23354670128697,-0.795497672167694,-0.0790775713196168,0
10.61,-1.59403452095434,-1.40341032873773,-1.56456443353978,-3.23425385014514,-0.799994999525928,-0.0785666721748209,0
10.62,-1.59857155932568,-1.40282018126284,-1.56480910986624,-3.23495328413421,-0.804517243157296,-0.0780574378071653,0
10.63,-1.60313335655302,-1.40225702603117,-1.56503176871071,-3.2356449235952,-0.809064294400149,-0.0775498743859276,0
10.64,-1.60771979755248,-1.40172093939889,-1.56523240075349,-3.23632869201267,-0.813636038340505,-0.0770439878955268,0
10.65,-1.61233076096415,-1.40121199491479,-1.56541099660214,-3.23700451606133,-0.818232353782933,-0.0765397841324637,0
10.66,-1.61696611912704,-1.40073026327692,-1.56556754679469,-3.23767232565105,-0.82285311322541,-0.0760372687023499,0
10.67,-1.62162573805812,-1.40027581229075,-1.56570204180265,-3.2383320539704,-0.827498182838279,-0.0755364470170247,0
10.68,-1.62630947743556,-1.39984870682889,-1.56581447203403,-3.23898363752855,-0.832167422447388,-0.075037324291765,0
10.69,-1.63101719058615,-1.39944900879239,-1.56590482783612,-3.23962701619559,-0.83686068552148,-0.074539905542593,0
10.7,-1.63574872447714,-1.3990767770738,-1.56597309949824,-3.24026213324104,-0.84157781916393,-0.0740441955836821,0
10.71,-1.64050391971246,-1.39873206752176,-1.56601927725427,-3.24088893537074,-0.846318664108863,-0.0735501990248695,0
10.72,-1.64528261053334,-1.39841493290758,-1.56604335128513,-3.24150737276178,-0.851083054721774,-0.0730579202692717,0
10.73,-1.65008462482356,-1.39812542289342,-1.56604531172113,-3.2421173990957,-0.855870819004642,-0.0725673635110143,0
10.74,-1.65490978411918,-1.39786358400245,-1.56602514864408,-3.24271897158971,-0.860681778605656,-0.0720785327330718,0
10.75,-1.65975790362298,-1.39762945959083,-1.56598285208943,-3.24331205102595,-0.865515748833546,-0.0715914317052258,0
10.76,-1.6646287922235,-1.39742308982164,-1.56591841204818,-3.24389660177889,-0.870372538676598,-0.07110606398214,0
10.77,-1.66952225251881,-1.39724451164082,-1.5658318184686,-3.24447259184049,-0.875251950826372,-0.0706224329015585,0
10.78,-1.67443808084499,-1.397093758755,-1.56572306125795,-3.24503999284348,-0.880153781706135,-0.0701405415826274,0
10.79,-1.67937606730943,-1.39697086161149,-1.56559213028397,-3.24559878008248,-0.885077821504068,-0.0696603929243425,0
10.8,-1.68433599582875,-1.39687584738021,-1.5654390153762,-3.24614893253291,-0.890023854211219,-0.0691819896041261,0
10.81,-1.6893176441716,-1.39680873993783,-1.56526370632722,-3.24669043286789,-0.894991657664234,-0.068705334076534,0
10.82,-1.69432078400624,-1.3967695598539,-1.56506619289375,-3.24722326747285,-0.899981003592864,-0.0682304285720941,0
10.83,-1.69934518095275,-1.39675832437921,-1.56484646479747,-3.24774742645794,-0.904991657672218,-0.0677572750962806,0
10.84,-1.70439059464013,-1.39677504743625,-1.5646045117259,-3.24826290366831,-0.910023379579784,-0.0672858754286214,0
10.85,-1.70945677876803,-1.39681973961186,-1.56434032333289,-3.24876969669203,-0.915075923057157,-0.0668162311219439,0
10.86,-1.7145434811732,-1.39689240815204,-1.56405388923915,-3.24926780686583,-0.920149035976466,-0.0663483435017575,0
10.87,-1.7196504439006,-1.39699305695897,-1.5637451990325,-3.24975723927859,-0.925242460411462,-0.0658822136657743,0
10.88,-1.72477740327907,-1.39712168659021,-1.56341424226799,-3.25023800277255,-0.930355932713214,-0.0654178424835701,0
10.89,-1.72992409000164,-1.39727829426012,-1.56306100846784,-3.2507101099422,-0.935489183590363,-0.0649552305963839,0
10.9,-1.73509022921025,-1.39746287384348,-1.56268548712129,-3.25117357713099,-0.940641938193876,-0.0644943784170579,0
10.91,-1.74027554058497,-1.39767541588128,-1.56228766768416,-3.25162842442575,-0.945813916206246,-0.0640352861301165,0
10.92,-1.74547973843749,-1.39791590758877,-1.56186753957828,-3.25207467564883,-0.951004831935031,-0.0635779536919866,0
10.93,-1.75070253180901,-1.3981843328656,-1.56142509219084,-3.252512358348,-0.95621439441069,-0.0631223808313559,0
10.94,-1.75594362457221,-1.39848067230825,-1.56096031487339,-3.2529415037842,-0.961442307488598,-0.0626685670496711,0
10.95,-1.76120271553733,-1.39880490322451,-1.5604731969408,-3.25336214691694,-0.966688269955177,-0.0622165116217729,0
10.96,-1.76647949856231,-1.39915699965021,-1.55996372766997,-3.25377432638765,-0.971951975638002,-0.0617662135966701,0
10.97,-1.77177366266674,-1.39953693236801,-1.55943189629835,-3.25417808450077,-0.977233113519814,-0.0613176717984478,0
10.98,-1.77708489214962,-1.39994466892831,-1.55887769202235,-3.25457346720275,-0.982531367856302,-0.0608708848273119,0
10.99,-1.78241286671078,-1.40038017367225,-1.55830110399542,-3.2549605240589,-0.987846418297553,-0.0604258510607655,0
11,-1.78775726157582,-1.40084340775675,-1.55770212132609,-3.25533930822825,-0.993177940013018,-0.0599825686549177,0
11.01,-1.79311774762442,-1.40133432918156,-1.55708073307569,-3.25570987643623,-0.998525603819905,-0.0595410355459221,0
11.02,-1.798493991522,-1.40185289281835,-1.55643692825594,-3.25607228894549,-1.00388907631482,-0.0591012494515417,0
11.03,-1.80388565585438,-1.40239905044169,-1.55577069582634,-3.2564266095247,-1.00926802000856,-0.0586632078728408,0
11.04,-1.80929239926555,-1.40297275076195,-1.55508202469131,-3.25677290541537,-1.01466209346386,-0.0582269080959984,0
11.05,-1.81471387659821,-1.40357393946015,-1.55437090369716,-3.25711124729697,-1.020070951436,-0.0577923471942432,0
11.06,-1.82014973903693,-1.40420255922457,-1.55363732162887,-3.25744170925002,-1.02549424501608,-0.0573595220299052,0
11.07,-1.82559963425399,-1.40485854978912,-1.55288126720662,-3.2577643687176,-1.03093162177686,-0.0569284292565834,0
11.08,-1.83042197518443,-1.40532444788042,-1.55366800103426,-3.25670582753858,-1.03574295368403,-0.056549313506265,1
11.09,-1.83380469140715,-1.4053260347994,-1.55796124240203,-3.25254555592312,-1.03911798490268,-0.0562846649340107,1
11.1,-1.83719000726849,-1.40535285985159,-1.56223078432464,-3.24838254751325,-1.04249564037432,-0.0560208628263941,1
11.11,-1.84057783833085,-1.40540491715412,-1.56647670463384,-3.24421673482638,-1.04587583556614,-0.0557579039156255,1
11.12,-1.84396810015892,-1.40548220134848,-1.5706990785597,-3.24004805247789,-1.04925848594714,-0.0554957849260361,1
11.13,-1.84736070828824,-1.40558470755257,-1.57489797880866,-3.2358764371509,-1.05264350695686,-0.0552345025724636,1
11.14,-1.85075557823763,-1.4057124313273,-1.57907347561023,-3.23170182758235,-1.0560308140179,-0.0549740535605931,1
11.15,-1.85415262552163,-1.40586536864375,-1.5832256367626,-3.22752416454969,-1.05942032254832,-0.0547144345872979,1
11.16,-1.85755176566285,-1.40604351585077,-1.58735452767709,-3.22334339085835,-1.062811947974,-0.0544556423409789,1
11.17,-1.86095291420424,-1.40624686964294,-1.5914602114215,-3.21915945132982,-1.06620560574093,-0.0541976735019047,1
11.18,-1.8635181089882,-1.40632183937705,-1.59610161351614,-3.21453661497744,-1.06876516945462,-0.0540037488340802,1
11.19,-1.86557635641035,-1.40632839156798,-1.60105813216196,-3.20964809090379,-1.07081891009369,-0.0538485423113194,1
11.2,-1.86763449090788,-1.40635936216324,-1.60599152706615,-3.20475782192221,-1.07287254816666,-0.0536936921399281,1
11.21,-1.86969249532835,-1.4064147622092,-1.61090190628184,-3.19986569051164,-1.07492606648503,-0.0535391970808834,1
11.22,-1.87175035256949,-1.40649460420601,-1.61578937462773,-3.19497158092937,-1.07697944791047,-0.0533850558977076,1
11.23,-1.8738080455751,-1.40659890206732,-1.62065403374914,-3.19007537919013,-1.07903267535084,-0.0532312673567328,1
11.24,-1.87586555733573,-1.40672767108296,-1.62549598217464,-3.18517697304665,-1.08108573176082,-0.0530778302271139,1
11.25,-1.87792287088935,-1.4068809278822,-1.63031531537108,-3.18027625197149,-1.08313860014262,-0.0529247432808417,1
11.26,-1.87997996932203,-1.40705869039745,-1.63511212579693,-3.17537310713985,-1.08519126354657,-0.0527720052927554,1
11.27,-1.88073140161044,-1.40704007363849,-1.64031249545115,-3.17021736716503,-1.08594107753337,-0.0527162725259978,1
11.28,-1.88112396224539,-1.40698485216563,-1.64560776370609,-3.16499084330604,-1.08633279422532,-0.0526872078769302,1
11.29,-1.88151624921676,-1.40695371852825,-1.65088098078233,-3.15976229429225,-1.08672423737567,-0.0526581474465511,1
11.3,-1.88190826318166,-1.40694668914487,-1.65613229203965,-3.15453152179739,-1.08711540845457,-0.0526291192011519,1
11.31,-1.88230000442239,-1.40696379553702,-1.66136181374846,-3.14929837808561,-1.08750630774252,-0.0526001230786156,1
11.32,-1.8826914732209,-1.4070050711377,-1.66656965885148,-3.14406271683716,-1.08789693551966,-0.0525711590169936,1
11.33,-1.88308267017477,-1.40707054034759,-1.67175595865538,-3.13882435122856,-1.08828729307332,-0.0525422507653135,1
11.34,-1.88347359493256,-1.40716026219784,-1.67692077630269,-3.13358322149187,-1.0886773786664,-0.052513350626673,1
11.35,-1.88325412748639,-1.40717210545854,-1.68207899765221,-3.12840563724864,-1.08845838213938,-0.0525295687019013,1
11.36,-1.88189544304297,-1.40701733418051,-1.68724364767493,-3.12334906419756,-1.08710261621732,-0.0526300800926977,1
11.37,-1.88053841778465,-1.40688692147881,-1.69238726451296,-3.11828905369334,-1.08574850967606,-0.0527305980708663,1
11.38,-1.87918305632965,-1.40678090673051,-1.69750995792422,-3.11322543895473,-1.0843960675254,-0.0528311361194465,1
11.39,-1.87782936306806,-1.40669933727975,-1.70261182228937,-3.10815807852731,-1.08304529415021,-0.0529316940582165,1
11.4,-1.87647734235483,-1.40664226220105,-1.70769294904308,-3.10308683217359,-1.08169619390019,-0.0530322717063638,1
11.41,-1.87512699850967,-1.4066097322709,-1.71275342671886,-3.09801156085668,-1.08034877108982,-0.0531328688824738,1
11.42,-1.87377833581705,-1.40660179993959,-1.71779334099244,-3.09293212672494,-1.07900302999829,-0.053233485404536,1
11.43,-1.87243135852607,-1.40661851930345,-1.72281277472388,-3.08784839309775,-1.07765897486942,-0.0533341210899485,1
11.44,-1.86981667070213,-1.40643474116879,-1.72744733208953,-3.0833047153344,-1.07504997149702,-0.0535298861884149,1
11.45,-1.86693637849012,-1.40622818703997,-1.73198365981386,-3.0788717808716,-1.07217595979257,-0.0537461779793182,1
11.46,-1.86406103945041,-1.40604689738742,-1.73649936692556,-3.07443351116359,-1.06930691011862,-0.0539627740919338,1
11.47,-1.86119070393483,-1.4058909338812,-1.74099450023401,-3.06998979827388,-1.06644287281079,-0.0541796739608992,1
11.48,-1.85832542189066,-1.40576035898004,-1.74546910431995,-3.06554053573549,-1.06358389779969,-0.0543968770037664,1
11.49,-1.85546524286076,-1.40565523590287,-1.74992322156529,-3.06108561854991,-1.06073003461102,-0.0546143826208789,1
11.5,-1.85261021597813,-1.40557562859718,-1.75435689218112,-3.05662494319054,-1.0578813323601,-0.0548321901953941,1
11.51,-1.8497603899605,-1.40552160170757,-1.75877015423498,-3.05215840760696,-1.05503783974648,-0.0550502990933076,1
11.52,-1.84691581310504,-1.40549322054411,-1.76316304367753,-3.04768591122992,-1.05219960504869,-0.0552687086634817,1
11.53,-1.84320603048744,-1.40531196361194,-1.766946779995,-3.04394125915706,-1.04849812460345,-0.0555546155146321,1
11.54,-1.8391468315046,-1.40508363291294,-1.77046732820904,-3.04049172660793,-1.04444805043825,-0.0558688507138216,1
11.55,-1.8350968811306,-1.4048818395143,-1.77396670796823,-3.03703534223807,-1.04040724703876,-0.0561838472643075,1
11.56,-1.83105632161441,-1.40470665203876,-1.77744491977454,-3.03357203701548,-1.03637585663912,-0.0564996046299825,1
11.57,-1.82702529375766,-1.40455813830899,-1.7809019628234,-3.03010174413129,-1.03235402002421,-0.0568161222051704,1
11.58,-1.82300393689377,-1.40443636531152,-1.7843378350251,-3.02662439901477,-1.02834187650864,-0.0571333993147697,1
11.59,-1.8189923888569,-1.404341399156,-1.78775253302404,-3.02313993935514,-1.02433956390579,-0.057451435214152,1
11.6,-1.81499078595163,-1.40427330503451,-1.79114605221779,-3.0196483051234,-1.02034721849744,-0.0577702290890855,1
11.61,-1.81099926292337,-1.40423214718112,-1.79451838677601,-3.01614943859411,-1.01636497500415,-0.0580897800556825,1
11.62,-1.80697072984669,-1.40420572098942,-1.79781306944269,-3.01270999435235,-1.01234585407788,-0.0584138959042523,1
11.63,-1.80236422501287,-1.40405342861097,-1.80038114390295,-3.01009604612023,-1.00775016993364,-0.0587865137121905,1
11.64,-1.7977707728127,-1.40392874220997,-1.80292727391323,-3.0074743994451,-1.00316757052837,-0.05916023452726,1
11.65,-1.7931905772725,-1.40383171931973,-1.8054514418734,-3.00484501457317,-0.99859825987085,-0.059535057701588,1
11.66,-1.7886238396513,-1.40376241528151,-1.80795362961842,-3.00220785471386,-0.994042439199115,-0.0599109824631694,1
11.67,-1.78407075840367,-1.40372088321014,-1.81043381843472,-2.99956288605791,-0.989500306943212,-0.0602880079171399,1
11.68,-1.77953152912518,-1.40370717395378,-1.81289198907625,-2.99691007780186,-0.984972058670616,-0.0606661330456782,1
11.69,-1.77500634449953,-1.40372133605467,-1.81532812178041,-2.99424940217162,-0.980457887033374,-0.0610453567079656,1
11.7,-1.77049539424744,-1.40376341571083,-1.81774219628386,-2.99158083444498,-0.975957981716986,-0.0614256776402025,1
11.71,-1.76599886507727,-1.40383345673878,-1.8201341918384,-2.98890435297317,-0.97147252939107,-0.0618070944556819,1
11.72,-1.76620236090277,-1.40375911427932,-1.81956962090617,-2.98955303306216,-0.971675522386079,-0.0617897802028941,1
11.73,-1.77024569966073,-1.40357229811834,-1.81658619364043,-2.99291611771553,-0.975708900463554,-0.0614467970498063,1
11.74,-1.77430131767016,-1.40341287160297,-1.81358140166577,-2.99627156634596,-0.97975458203231,-0.0611046462661079,1
11.75,-1.77836910596827,-1.40328099808903,-1.81055510506354,-2.99961935191524,-0.983812458187507,-0.0607633298766641,1
11.76,-1.78244892956286,-1.40317662743575,-1.80750732065968,-3.00295950593357,-0.987882393981708,-0.0604228494593945,1
11.77,-1.78655098418972,-1.40310218630437,-1.80444988523761,-3.00627823123218,-0.991974560351802,-0.060082351107592,1
11.78,-1.79080027070152,-1.40308761673998,-1.80152550255678,-3.00940846455237,-0.9962136593717,-0.0597315464080083,1
11.79,-1.7950617923816,-1.40310050441259,-1.79857951446344,-3.0125310983441,-1.00046502030299,-0.0593816602972548,1
11.8,-1.79933538925023,-1.40314079381087,-1.79561193590771,-3.01564617210069,-1.00472848319848,-0.0590326939366334,1
11.81,-1.80362089909802,-1.40320842777875,-1.79262278096414,-3.01875372799463,-1.00900388587862,-0.0586846483929284,1
11.82,-1.80791815752967,-1.40330334755732,-1.78961206281424,-3.021853810853,-1.01329106397525,-0.0583375246387332,1
11.83,-1.81222699800401,-1.40342549282565,-1.78657979372892,-3.02494646813402,-1.01758985097157,-0.057991323552486,1
11.84,-1.81654725187506,-1.40357480174213,-1.78352598505079,-3.02803174990319,-1.02190007824329,-0.0576460459185447,1
11.85,-1.82087874843426,-1.40375121098622,-1.7804506471764,-3.03110970880888,-1.02622157510078,-0.0573016924273006,1
11.86,-1.8252213149537,-1.40395465580071,-1.77735378953834,-3.03418040005769,-1.03055416883241,-0.0569582636753279,1
11.87,-1.82918495143447,-1.40409981826635,-1.7738849016544,-3.03766402381577,-1.03450874794245,-0.0566463569784722,1
11.88,-1.83265330561515,-1.40416125998634,-1.76994205590916,-3.04168386423144,-1.03796921143971,-0.0563746258681967,1
11.89,-1.83612923115825,-1.40424892184387,-1.7659784791435,-3.04569714271143,-1.04143726135562,-0.056103411990462,1
11.9,-1.83961263968101,-1.4043627379609,-1.7619941566708,-3.04970393909136,-1.04491280933045,-0.055832716152181,1
11.91,-1.84310344192969,-1.40450264240456,-1.75798907208548,-3.05370433504673,-1.04839576613225,-0.0555625391219635,1
11.92,-1.84660154778127,-1.40466856921866,-1.75396320724356,-3.05769841408071,-1.05188604165872,-0.055292881629588,1
11.93,-1.85010686625846,-1.40486045245976,-1.74991654223998,-3.06168626151077,-1.05538354495215,-0.0550237443660054,1
11.94,-1.85361930554488,-1.40507822623318,-1.74584905538552,-3.06566796445564,-1.05888818421459,-0.0547551279833538,1
11.95,-1.85622433391905,-1.40515550097747,-1.74133959854071,-3.07019717420747,-1.06148744748299,-0.0545565891349916,1
11.96,-1.85827532452002,-1.40515653246569,-1.7365528161301,-3.07505880270599,-1.0635339108811,-0.0544006807689409,1
11.97,-1.86032947623113,-1.40518261798906,-1.73174571130471,-3.07991536483352,-1.06558353873338,-0.0542448871733941,1
11.98,-1.86238677183947,-1.4052336977885,-1.72691822121662,-3.08476698265767,-1.06763631383906,-0.0540892087693548,1
11.99,-1.86444719399988,-1.40530971339748,-1.72207028048809,-3.08961377949171,-1.069692218865,-0.0539336459731238,1
12,-1.86651072522617,-1.40541060766632,-1.71720182118239,-3.09445587989917,-1.0717512363369,-0.0537781991965884,1
12.01,-1.86857734789206,-1.4055363247907,-1.71231277276824,-3.09929340970091,-1.07381334864023,-0.0536228688472036,1
12.02,-1.87064704423206,-1.40568681034035,-1.70740306208315,-3.10412649598313,-1.0758785380211,-0.0534676553279718,1
12.03,-1.8720725954075,-1.40575579095684,-1.70239393227854,-3.10911725926779,-1.07730099077185,-0.0533609495926012,1
12.04,-1.87251986642244,-1.40568851701747,-1.69724493664966,-3.11434937603737,-1.07774729039212,-0.0533274959897813,1
12.05,-1.87296757270105,-1.40564562393144,-1.69207508528521,-3.11957796234153,-1.07819402479804,-0.0532940259015222,1
12.06,-1.8734157147911,-1.40562705404234,-1.68688430179216,-3.12480312109318,-1.07864119523546,-0.0532605633591836,1
12.07,-1.87386429229719,-1.40563278376701,-1.68167244255196,-3.13002508168116,-1.07908879991227,-0.0532270602978343,1
12.08,-1.87431330577653,-1.40566275919802,-1.67643942497485,-3.13524394945904,-1.07953684008468,-0.053193540763841,1
12.09,-1.87476275578616,-1.40571692809835,-1.67118516355678,-3.14045983094553,-1.07998531700863,-0.0531600288160818,1
12.1,-1.8752126420328,-1.40579526924755,-1.66590951206466,-3.14567294553465,-1.08043422922586,-0.0531264843629166,1
12.11,-1.875662964859,-1.40589774165477,-1.66061236404618,-3.15088343027961,-1.08088357731165,-0.053092915414373,1
12.12,-1.87523176510214,-1.40588294305385,-1.65544609455551,-3.15604938055657,-1.08045331045475,-0.053125043447109,1
12.13,-1.87396184518203,-1.40575800877918,-1.65040293894029,-3.16117278768234,-1.07918614158027,-0.0532197862328333,1
12.14,-1.87269143978748,-1.40565738334359,-1.64533774907912,-3.16629375643033,-1.07791849157599,-0.0533146785244386,1
12.15,-1.87142055226669,-1.40558103167192,-1.64025043510081,-3.1714123911914,-1.0766503642519,-0.0534097362032591,1
12.16,-1.87014918577721,-1.40552892745325,-1.6351408899979,-3.17652882471841,-1.07538176277958,-0.0535049597509716,1
12.17,-1.86887734348867,-1.40550104607248,-1.63000900350684,-3.18164319132279,-1.07411269034274,-0.0536003496507929,1
12.18,-1.86760502858277,-1.40549736464593,-1.62485466204991,-3.18675562689709,-1.07284315013717,-0.0536959063874905,1
12.19,-1.86633224425326,-1.40551786205757,-1.61967774867523,-3.1918662689387,-1.07157314537079,-0.053791630447387,1
12.2,-1.86505899370591,-1.40556251899582,-1.61447814299486,-3.19697525657495,-1.07030267926356,-0.0538875223183647,1
12.21,-1.86273682030399,-1.40545440876315,-1.60977865197679,-3.20169859270437,-1.06798559415977,-0.0540627551682777,1
12.22,-1.85986119095894,-1.40527755839071,-1.60533263234995,-3.20621632154434,-1.06511628386071,-0.0542803723236264,1
12.23,-1.8569865131739,-1.40512559157064,-1.60086363437191,-3.21073129779843,-1.06224794315345,-0.0544986096973415,1
12.24,-1.85411283709012,-1.40499850229774,-1.5963715807915,-3.2152436015049,-1.05938062224913,-0.0547174696854923,1
12.25,-1.85124021290265,-1.40489628537156,-1.59185639166717,-3.21975331459201,-1.05651437141272,-0.054936954684035,1
12.26,-1.84836869086149,-1.40481893643484,-1.58731798432238,-3.22426052088447,-1.05364924096413,-0.0551570670884004,1
12.27,-1.84549832126665,-1.40476645200926,-1.58275627329566,-3.22876530611798,-1.05078528127324,-0.0553778092933571,1
12.28,-1.84262915446309,-1.4047388295315,-1.57817117028931,-3.23326775795461,-1.04792254275491,-0.0555991836928725,1
12.29,-1.83976124083581,-1.4047360673899,-1.57356258411659,-3.23776796599919,-1.04506107586397,-0.0558211926799745,1
12.3,-1.83628228128851,-1.40463884041005,-1.56950062632102,-3.24179109383238,-1.04158996544706,-0.0560914953846482,1
12.31,-1.83219168790852,-1.40444727028282,-1.56598851235661,-3.24533305173245,-1.03750864207219,-0.0564107275531299,1
12.32,-1.82810596209904,-1.40428155755262,-1.56245315517657,-3.24887068272286,-1.03343221998573,-0.0567311191086319,1
12.33,-1.8240252539479,-1.404141714626,-1.55889451433152,-3.25240400850465,-1.02936084940644,-0.0570526745276961,1
12.34,-1.81994971313918,-1.40402775343396,-1.55531254762785,-3.25593305306551,-1.02529468014837,-0.0573753982495801,1
12.35,-1.81587948893607,-1.40393968546319,-1.55170721109648,-3.25945784268117,-1.02123386160356,-0.0576992946753664,1
12.36,-1.81181473014676,-1.40387752178063,-1.54807845895794,-3.26297840592718,-1.01717854270796,-0.0580243681671158,1
12.37,-1.80775558509041,-1.40384127305848,-1.54442624358666,-3.26649477369089,-1.01312887190734,-0.0583506230470288,1
12.38,-1.80411837822708,-1.40381350293311,-1.54130073236985,-3.2694921508063,-1.00950019526129,-0.0586443674257282,1
12.39,-1.80665564925286,-1.40355230219298,-1.54630982788493,-3.26485318283547,-1.01203151162131,-0.0584393142389889,1
12.4,-1.80919415467882,-1.403315780699,-1.55129460162853,-3.26021312684515,-1.01456407833894,-0.0582348098014237,1
12.41,-1.8117338591652,-1.40310393305583,-1.55625518380494,-3.25557186048003,-1.01709786001895,-0.0580308522092539,1
12.42,-1.81427472739828,-1.40291675545308,-1.56119170093024,-3.25092926349114,-1.01963282129204,-0.0578274395589186,1
12.43,-1.81681672407213,-1.4027542456121,-1.56610427594131,-3.2462852176796,-1.02216892679672,-0.0576245699471532,1
12.44,-1.81935981389147,-1.40261640274312,-1.57099302826656,-3.24163960686868,-1.02470614118217,-0.0574222414710633,1
12.45,-1.82190396157455,-1.40250322750321,-1.57585807389455,-3.23699231687713,-1.02724442911108,-0.0572204522282001,1
12.46,-1.82444913185592,-1.40241472195496,-1.58069952544051,-3.2323432354938,-1.02978375526251,-0.0570192003166343,1
12.47,-1.82699528948927,-1.40235088952592,-1.58551749221083,-3.22769225245363,-1.03232408433464,-0.0568184838350305,1
12.48,-1.8289047544329,-1.40221784607583,-1.59062345775622,-3.22279619589401,-1.03422918981986,-0.0566683579648755,1
12.49,-1.83053367935861,-1.40206776865538,-1.59584305683214,-3.21779191517232,-1.03585440359347,-0.0565405573946362,1
12.5,-1.83216243130334,-1.40194190016254,-1.60103940791162,-3.21278636275489,-1.03747945192849,-0.0564130162802157,1
12.51,-1.83379100197481,-1.40184025135401,-1.60621264080518,-3.20777939905877,-1.039104326509,-0.0562857338114088,1
12.52,-1.83541938310325,-1.40176283483737,-1.61136288170286,-3.20277088626855,-1.04072901904172,-0.0561587091800663,1
12.53,-1.83704756643959,-1.40170966503018,-1.61649025324349,-3.19776068830791,-1.04235352125406,-0.0560319415802333,1
12.54,-1.83867554375556,-1.40168075812097,-1.6215948745809,-3.19274867081237,-1.04397782489436,-0.0559054302081475,1
12.55,-1.84030330684393,-1.40167613203097,-1.62667686144804,-3.18773470110349,-1.04560192173203,-0.0557791742622388,1
12.56,-1.84193084751867,-1.4016958063765,-1.63173632621912,-3.18271864816429,-1.04722580355776,-0.0556531729431273,1
12.57,-1.84214258533711,-1.4015467577922,-1.63711096382683,-3.17750124723467,-1.04743706581881,-0.0556367959564355,1
12.58,-1.84229541421716,-1.401413672707,-1.64247743100493,-3.17227377156939,-1.04758955153317,-0.0556249781994524,1
12.59,-1.84244812341226,-1.40130458745774,-1.6478218392891,-3.16704434773878,-1.04774191789174,-0.0556131717750326,1
12.6,-1.84260071307645,-1.40121953052964,-1.65314431506571,-3.16181282088423,-1.04789416504802,-0.0556013766652919,1
12.61,-1.84275318336314,-1.40115853246297,-1.65844498123144,-3.15657903758181,-1.04804629315491,-0.055589592852412,1
12.62,-1.84290553442546,-1.40112162581942,-1.66372395725539,-3.15134284581359,-1.04819830236505,-0.0555778203186142,1
12.63,-1.84305776641628,-1.40110884514919,-1.66898135923901,-3.14610409494088,-1.04835019283076,-0.0555660590461595,1
12.64,-1.84320987948816,-1.40112022695851,-1.674217299974,-3.14086263567861,-1.04850196470409,-0.0555543090173485,1
12.65,-1.84280991162111,-1.40108254656532,-1.67941922930464,-3.13568297652849,-1.04810289383118,-0.0555851992702685,1
12.66,-1.84154912289684,-1.40095474770712,-1.68458020442568,-3.13060105887504,-1.0468449364678,-0.0556827041516737,1
12.67,-1.84029002601419,-1.4008513323826,-1.68972006865083,-3.12551577754524,-1.04558867078707,-0.0557802034151705,1
12.68,-1.83903262413577,-1.40077233777188,-1.69483893377548,-3.12042696341602,-1.04433410042074,-0.0558777132002678,1
12.69,-1.83777692016786,-1.40071780994497,-1.69993689462231,-3.11533447588431,-1.04308122826978,-0.0559752333234809,1
12.7,-1.83652291698462,-1.40068779669346,-1.70501404305671,-3.11023817558365,-1.04183005720303,-0.0560727636009928,1
12.71,-1.8352706174281,-1.40068234750176,-1.71007046803204,-3.10513792436773,-1.0405805900572,-0.0561703038486393,1
12.72,-1.83402002430823,-1.40070151351863,-1.71510625563348,-3.100033585295,-1.03933282963688,-0.0562678538819155,1
12.73,-1.83277114040285,-1.40074534752905,-1.72012148912048,-3.09492502261431,-1.03808677871458,-0.05636541351598,1
12.74,-1.83115419015768,-1.40076207233886,-1.72500458812827,-3.08996085260456,-1.03647350257594,-0.0564919387343762,1
12.75,-1.82845831530038,-1.4006521402457,-1.72954009125084,-3.0854273344417,-1.03378376905565,-0.0567034273625831,1
12.76,-1.82576768959701,-1.40056759400968,-1.73405490542005,-3.08088849537365,-1.03109929239736,-0.0569151806574659,1
12.77,-1.82308235223726,-1.4005084913364,-1.73854907778791,-3.07634423145591,-1.02842011176891,-0.0571271978593336,1
12.78,-1.82040234198348,-1.40047489069509,-1.7430226532709,-3.07179444024029,-1.02574626591042,-0.0573394781952212,1
12.79,-1.8177276971898,-1.40046685129863,-1.74747567457712,-3.06723902076835,-1.02307779315337,-0.0575520208779851,1
12.8,-1.81505845579882,-1.40048443307233,-1.75190818223466,-3.06267787357416,-1.02041473141736,-0.057764825106362,1
12.81,-1.8123946553385,-1.40052769662277,-1.7563202146192,-3.05811090068778,-1.01775711820686,-0.0579778900650315,1
12.82,-1.80973633291901,-1.40059670320657,-1.76071180798092,-3.05353800563952,-1.0151049906082,-0.0581912149246799,1
12.83,-1.80708352522972,-1.40069151469914,-1.76508299647079,-3.04895909346481,-1.01245838528649,-0.0584047988420682,1
12.84,-1.80430263194926,-1.40079047174577,-1.76934816074009,-3.04447569023916,-1.00968401592454,-0.0586294547524395,1
12.85,-1.80061240699854,-1.40076668105745,-1.77300482087228,-3.04068307245638,-1.00600248343277,-0.0589287845108121,1
12.86,-1.79693162836414,-1.40076955945006,-1.77664043901011,-3.03688356071969,-1.00233041554808,-0.0592287424647076,1
12.87,-1.79326039772373,-1.40079916570294,-1.78025501796395,-3.03307709479393,-0.998667913912831,-0.0595293273780111,1
12.88,-1.78959881538238,-1.40085555794252,-1.78384855912544,-3.02926361660512,-0.995015078795386,-0.0598305379618398,1
12.89,-1.7859469802829,-1.40093879361682,-1.78742106248569,-3.02544307024788,-0.991372009100288,-0.0601323728747455,1
12.9,-1.78230498998957,-1.40104892945876,-1.79097252665494,-3.02161540200241,-0.98773880235205,-0.0604348307228649,1
12.91,-1.77867294067247,-1.40118602144949,-1.79450294888199,-3.01778056035153,-0.984115554679479,-0.0607379100600853,1
12.92,-1.77505092709238,-1.40135012478185,-1.79801232507334,-3.01393849599778,-0.980502360800558,-0.061041609388226,1
12.93,-1.77143904258618,-1.401541293824,-1.80150064981228,-3.01008916188062,-0.976899314007893,-0.0613459271572375,1
12.94,-1.76783737905293,-1.401759582083,-1.80496791637767,-3.00623251319362,-0.973306506154737,-0.0616508617654155,1
12.95,-1.76424555736594,-1.40200089458282,-1.80838449662526,-3.00240225247613,-0.969723559230223,-0.0619564516086872,1
12.96,-1.76055620090921,-1.40133413351171,-1.8051009102403,-3.00617372250032,-0.966043364101428,-0.0622719069791849,1
12.97,-1.76304156725607,-1.40103674023961,-1.80177083594035,-3.00992189699851,-0.968522553736685,-0.0620592222137639,1
12.98,-1.76675060718214,-1.40083389423914,-1.79841459112174,-3.01365955748143,-0.972222414921581,-0.0617431659116956,1
12.99,-1.77047053467821,-1.40065824967896,-1.79503714834076,-3.01738987030851,-0.975933183201931,-0.0614277799633929,1
13,-1.77420124958715,-1.4005097559206,-1.79163851598543,-3.02111287562221,-0.979654758469105,-0.0611130660711053,1
13.01,-1.77794265006681,-1.40038836125982,-1.7882187011966,-3.02482861597676,-0.983387038927908,-0.0607990258798268,1
13.02,-1.78169463266419,-1.4002940129961,-1.78477770987787,-3.02853713626072,-0.98712992117061,-0.060485660975622,1
13.03,-1.78545709233232,-1.40022665746894,-1.78131554667672,-3.03223848367974,-0.990883300193759,-0.0601729728854026,1
13.04,-1.78922992244764,-1.40018624009449,-1.77783221496552,-3.0359327077393,-0.994647069415641,-0.0598609630767242,1
13.05,-1.79301301482827,-1.40017270540219,-1.77432771682231,-3.03961986022733,-0.998421120694454,-0.0595496329576012,1
13.06,-1.79605205388549,-1.40006285989954,-1.77025254578061,-3.04393942709004,-1.00145292867849,-0.0593006298210591,1
13.07,-1.79901799447549,-1.39996613578338,-1.76609841920985,-3.04832047842439,-1.00441183916675,-0.0590585460650835,1
13.08,-1.80199074308674,-1.39989552352371,-1.76192371455888,-3.05269519987663,-1.00737756806641,-0.0588168190180986,1
13.09,-1.80497024806285,-1.39985096267041,-1.75772840859221,-3.05706367383409,-1.01035006375131,-0.0585754497316667,1
13.1,-1.80795645710423,-1.3998323930346,-1.75351247616817,-3.06142598436827,-1.01332927395138,-0.0583344392349098,1
13.11,-1.8109493172713,-1.39983975472085,-1.74927589021569,-3.06578221722589,-1.01631514575594,-0.058093788534417,1
13.12,-1.81394877499015,-1.39987298816012,-1.74501862170986,-3.07013245982059,-1.01930762561931,-0.0578534986141506,1
13.13,-1.81695477605822,-1.39993203414256,-1.74074063964684,-3.0744768012252,-1.02230665936651,-0.0576135704353595,1
13.14,-1.81996726565025,-1.40001683385042,-1.73644191101829,-3.07881533216462,-1.02531219219921,-0.0573740049364964,1
13.15,-1.82206062216192,-1.39999892942504,-1.73176722973412,-3.08359387404352,-1.02740072946224,-0.0572080469400857,1
13.16,-1.82362253116497,-1.39993194338022,-1.72686696651454,-3.08862492346416,-1.02895905062073,-0.0570844938623186,1
13.17,-1.82518684587939,-1.3998898545025,-1.72194628017741,-3.09365131222055,-1.03051977871225,-0.0569609825873642,1
13.18,-1.82675356001154,-1.39987260671922,-1.7170050983415,-3.09867316830886,-1.03208290745217,-0.0568375134268068,1
13.19,-1.82832266720852,-1.39988014542403,-1.71204334595267,-3.10369062093487,-1.03364843049653,-0.056714086690477,1
13.2,-1.82989416104847,-1.3999124175005,-1.70706094525109,-3.10870380052277,-1.03521634143242,-0.0565907026869487,1
13.21,-1.83146803504073,-1.39996937135046,-1.70205781573197,-3.11371283872616,-1.03678663377806,-0.0564673617235276,1
13.22,-1.83304428262587,-1.4000509569225,-1.69703387410504,-3.11871786844011,-1.03835930098287,-0.0563440641062379,1
13.23,-1.83462289717577,-1.40015712574079,-1.6919890342527,-3.12371902381416,-1.03993433642755,-0.05622081013981,1
13.24,-1.83517916709571,-1.40015704640664,-1.68683689072211,-3.12889321495524,-1.04048934631655,-0.0561774182959898,1
13.25,-1.83531425310314,-1.40012745878264,-1.68162817554502,-3.13413684407672,-1.04062412653436,-0.0561668877699196,1
13.26,-1.83544946155126,-1.40012211109054,-1.67639828746765,-3.13937740892649,-1.04075902896412,-0.0561563493647238,1
13.27,-1.8355847925794,-1.40014096206768,-1.67114711962413,-3.14461505763365,-1.04089405374496,-0.0561458030732938,1
13.28,-1.83572024633091,-1.40018397237145,-1.66587456194311,-3.14984993961283,-1.04102920102001,-0.0561352488882145,1
13.29,-1.83585582294932,-1.40025110460821,-1.66058050109737,-3.15508220558562,-1.04116447093259,-0.0561246868020642,1
13.3,-1.83599152257835,-1.40034232336465,-1.65526482044779,-3.16031200760513,-1.04129986362619,-0.0561141168074145,1
13.31,-1.83612734561133,-1.40045758674199,-1.64992741634189,-3.16553946751196,-1.04143538004808,-0.0561035579772523,1
13.32,-1.83626329169346,-1.40059688034471,-1.6445681326617,-3.17076480324486,-1.04157101873474,-0.0560929721395689,1
13.33,-1.83538400265239,-1.40062973354582,-1.63936439984216,-3.17590107529189,-1.04069371865957,-0.0561614665190861,1
13.34,-1.83409556631507,-1.40063425204012,-1.63420995853184,-3.18100013203494,-1.03940820041669,-0.0562619573195237,1
13.35,-1.83280677717408,-1.40066296902427,-1.62903319089175,-3.18609711414736,-1.03812233458921,-0.0563626276767312,1
13.36,-1.83151763886351,-1.40071586160875,-1.62383397964671,-3.19119216118648,-1.03683612482633,-0.0564634781097932,1
13.37,-1.83022815502837,-1.40079290873944,-1.61861220408489,-3.19628541430915,-1.03554957478822,-0.0565645091394267,1
13.38,-1.82893832932493,-1.40089409123493,-1.61336773999733,-3.20137701629496,-1.03426268814635,-0.0566657212879521,1
13.39,-1.82764816542063,-1.40101939182422,-1.60810045961231,-3.20646711157417,-1.03297546858344,-0.0567671150792975,1
13.4,-1.82635766699409,-1.40116879518516,-1.60281023152754,-3.21155584625707,-1.03168791979341,-0.0568686910390029,1
13.41,-1.82506683773508,-1.40134228798377,-1.59749692064008,-3.21664336816476,-1.03040004548137,-0.0569704496942243,1
13.42,-1.82290808036706,-1.40141941290007,-1.59254213038561,-3.22143314184589,-1.0282462401425,-0.0571409808877362,1
13.43,-1.82042355580696,-1.40147578165392,-1.58770776052383,-3.2261093145933,-1.02576743086067,-0.0573377951748935,1
13.44,-1.81793997652469,-1.40155679543866,-1.58285005640532,-3.23078349075972,-1.0232895818967,-0.0575351267032979,1
13.45,-1.81545737528116,-1.40166244841511,-1.57796890987389,-3.23545578199897,-1.02081272606439,-0.0577329772854397,1
13.46,-1.81297578485019,-1.40179273612292,-1.57306420948377,-3.24012630187717,-1.0183368961905,-0.0579313487348276,1
13.47,-1.81049523802014,-1.40194765552278,-1.56813584043798,-3.24479516589247,-1.01586212511633,-0.0581302428657121,1
13.48,-1.80801576759138,-1.40212720503714,-1.56318368452296,-3.24946249149975,-1.01338844569527,-0.0583296614930207,1
13.49,-1.80553740637385,-1.40233138459173,-1.55820762004112,-3.25412839813668,-1.01091589079022,-0.0585296064322926,1
13.5,-1.80306018718445,-1.40256019565782,-1.55320752174131,-3.25879300725113,-1.00844449327113,-0.0587300794996135,1
13.51,-1.80058414284455,-1.40281364129528,-1.54818326074705,-3.26345644232988,-1.00597428601239,-0.0589310825115497,1
13.52,-1.80477033637653,-1.40318610043458,-1.54826913963755,-3.26317921008008,-1.01015062153661,-0.0585916163180371,1
13.53,-1.81008632869627,-1.40360159470954,-1.54919373637787,-3.26206601917114,-1.01545416960699,-0.0581630884082397,1
13.54,-1.81541519633749,-1.4040444505602,-1.55009581091651,-3.26094511909939,-1.02077064488463,-0.0577363439257952,1
13.55,-1.82075660601118,-1.40451462396079,-1.55097535492678,-3.2598165699363,-1.02609971393579,-0.0573113779797644,1
13.56,-1.82611022164326,-1.40501206802517,-1.55183235993775,-3.25868043504996,-1.03144104053692,-0.0568881855017902,1
13.57,-1.82935421934499,-1.40553511459471,-1.55010338611953,-3.26001703119513,-1.03467763000712,-0.0566330696495833,0
13.58,-1.82927955176005,-1.40608050073792,-1.54433604293631,-3.26523599455735,-1.03460313260969,-0.0566389303768233,0
13.59,-1.82920482231667,-1.40664975414089,-1.53854374991758,-3.27045603737425,-1.03452857350991,-0.0566447964786941,0
13.6,-1.82913003091381,-1.40724289229623,-1.53272630000157,-3.27567734920922,-1.03445395260701,-0.0566506679645541,0
13.61,-1.82905517746998,-1.40785993565474,-1.5268834807885,-3.28090012200627,-1.03437926981972,-0.0566565448422278,0
13.62,-1.82898026190357,-1.40850090767648,-1.52101507448352,-3.28612455009519,-1.03430452506668,-0.0566624271195558,0
13.63,-1.82890528413281,-1.40916583489295,-1.51512085776552,-3.29135083026059,-1.03422971826633,-0.0566683148043943,0
13.64,-1.82883024407579,-1.40985474697133,-1.50920060165104,-3.29657916181373,-1.03415484933698,-0.0566742079046156,0
13.65,-1.82875514165043,-1.41056767678101,-1.50325407135316,-3.30180974666711,-1.03407991819679,-0.0566801064281081,0
13.66,-1.8286799767745,-1.41130466046252,-1.49728102613505,-3.30704278941198,-1.03400492476378,-0.056686010382776,0
13.67,-1.82860474936563,-1.41206573749891,-1.491281219158,-3.31227849739897,-1.03392986895578,-0.0566919197765396,0
13.68,-1.82852945934131,-1.41285095078967,-1.48525439732366,-3.31751708082188,-1.03385475069051,-0.0566978346173352,0
13.69,-1.82845410661883,-1.4136603467275,-1.47920030111026,-3.32275875280469,-1.03377956988552,-0.0567037549131157,0
13.7,-1.82837869111538,-1.41449397527782,-1.47311866440251,-3.32800372949222,-1.0337043264582,-0.0567096806718495,0
13.71,-1.82830321274796,-1.41535189006132,-1.46700921431489,-3.33325223014416,-1.03362902032581,-0.0567156119015218,0
13.72,-1.82822767143343,-1.41623414843967,-1.46087167100809,-3.3385044772331,-1.03355365140542,-0.0567215486101338,0
13.73,-1.82815206708851,-1.41714081160444,-1.45470574749814,-3.34376069654628,-1.03347821961399,-0.0567274908057031,0
13.74,-1.82807639962973,-1.41807194466958,-1.44851114945805,-3.34902111729163,-1.03340272486828,-0.0567334384962635,0
13.75,-1.82800066897349,-1.41902761676744,-1.44228757501153,-3.35428597220796,-1.03332716708494,-0.0567393916898653,0
13.76,-1.82792487503604,-1.42000790114862,-1.43603471451837,-3.35955549767973,-1.03325154618043,-0.0567453503945755,0
13.77,-1.82784901773345,-1.42101287528582,-1.42975225035116,-3.36482993385647,-1.03317586207108,-0.0567513146184771,0
13.78,-1.82777309698166,-1.42204262098187,-1.42343985666291,-3.37010952477719,-1.03310011467304,-0.05675728436967,0
13.79,-1.82769711269644,-1.42309722448215,-1.41709719914507,-3.37539451849987,-1.03302430390233,-0.0567632596562704,0
13.8,-1.82762106479339,-1.42417677659169,-1.41072393477554,-3.38068516723637,-1.03294842967479,-0.0567692404864114,0
13.81,-1.82754495318798,-1.42528137279709,-1.40431971155615,-3.3859817274931,-1.03287249190611,-0.0567752268682427,0
13.82,-1.8274687777955,-1.42641111339352,-1.39788416823905,-3.39128446021747,-1.03279649051184,-0.0567812188099304,0
13.83,-1.8273925385311,-1.4275661036172,-1.39141693404152,-3.39659363095078,-1.03272042540735,-0.0567872163196579,0
13.84,-1.82731623530975,-1.42874645378349,-1.3849176283485,-3.40190950998749,-1.03264429650787,-0.0567932194056246,0
13.85,-1.82723986804629,-1.42995227943088,-1.37838586040232,-3.40723237254152,-1.03256810372844,-0.0567992280760477,0
13.86,-1.82716343675837,-1.43118369735377,-1.37182123641763,-3.41256248607445,-1.03249184731199,-0.0568052500648678,0
13.87,-1.82708694115454,-1.43244084221275,-1.36522332951507,-3.41790016184756,-1.03241552651734,-0.0568112699297631,0
13.88,-1.82701038125214,-1.433723842044,-1.35859172392079,-3.42324567806957,-1.03233914158701,-0.0568172954038651,0
13.89,-1.82693375696531,-1.4350328348499,-1.35192598492221,-3.42859933144537,-1.03226269243539,-0.0568233264954603,0
13.9,-1.82685706820808,-1.43636796467756,-1.34522566589466,-3.43396142454721,-1.03218617897677,-0.0568293632128502,0
13.91,-1.82678031489432,-1.43772938180593,-1.33849030789838,-3.43933226603059,-1.03210960112523,-0.0568354055643535,0
13.92,-1.82670349693772,-1.43911724294174,-1.33171943925673,-3.44471217086008,-1.03203295879472,-0.0568414535583059,0
13.93,-1.82662661425183,-1.44053171142442,-1.32491257511499,-3.45010146054562,-1.03195625189903,-0.0568475072030606,0
13.94,-1.82654966675002,-1.44197295744083,-1.31806921697827,-3.45550046338989,-1.03187948035177,-0.0568535665069879,0
13.95,-1.82647265434549,-1.4434411582501,-1.31118885222763,-3.46090951474733,-1.0318026440664,-0.0568596314784754,0
13.96,-1.82436909426429,-1.44389201439486,-1.30813578830945,-3.4634264254649,-1.02970390117811,-0.0570255196897044,1
13.97,-1.81918898934241,-1.4427795315106,-1.3109388601097,-3.46152359704327,-1.02453571072862,-0.0574358127190667,1
13.98,-1.81402261188537,-1.44169426087442,-1.31371645469324,-3.45961644736007,-1.01938129106708,-0.0578475946407318,1
13.99,-1.80887026383448,-1.44063623205258,-1.31646865785822,-3.4577048578141,-1.01424094417725,-0.0582608668654502,1
14,-1.80373224376937,-1.43960547341847,-1.31919555341952,-3.45578871328146,-1.00911496867628,-0.0586756306171168,1
14.01,-1.79860884690811,-1.4386020121194,-1.32189722334086,-3.4538679020201,-1.00400365981436,-0.0590918869323057,1
14.02,-1.79350036499655,-1.4376258740248,-1.32457374777551,-3.45194231568306,-0.998907309364014,-0.0595096366590141,1
14.03,-1.79532455426038,-1.43723716393062,-1.3270892970537,-3.44989647699916,-1.00072715241162,-0.0593599742610808,1
14.04,-1.80039260119296,-1.43714560121271,-1.3295071106458,-3.44779229429466,-1.00578319666657,-0.0589466578905402,1
14.05,-1.80547127010497,-1.43707775592441,-1.33190402978723,-3.44568277873073,-1.01084990971182,-0.0585349505474308,1
14.06,-1.81056082527659,-1.43703699109632,-1.33427626898717,-3.44356817659474,-1.01592755942975,-0.0581249761415242,1
14.07,-1.81566097455493,-1.43702326296939,-1.33662387400339,-3.44144849450916,-1.02101585349749,-0.0577167288932124,1
14.08,-1.82077142387322,-1.43703652625347,-1.33894688929267,-3.43932374215451,-1.02611449767441,-0.0573102028866649,1
14.09,-1.82589187735984,-1.43707673412446,-1.34124535804134,-3.43719393223808,-1.03122319591114,-0.0569053920721926,1
14.1,-1.83102203744759,-1.43714383822243,-1.34351932219484,-3.43505908046235,-1.03634165045899,-0.0565022902686684,1
14.11,-1.83616160498368,-1.43723778865096,-1.34576882248679,-3.43291920549269,-1.04146956197994,-0.0561008911659939,1
14.12,-1.84131027934019,-1.43735853397773,-1.34799389846728,-3.43077432892451,-1.04660662965722,-0.0557011883276104,1
14.13,-1.84646775852502,-1.43750602123611,-1.35019458853066,-3.4286244752499,-1.05175255130627,-0.0553031751930537,1
14.14,-1.85179957287851,-1.43781435338985,-1.35179297878924,-3.42691969980131,-1.05707248874717,-0.0548941607700744,1
14.15,-1.85720152049121,-1.43819853958136,-1.35315586300249,-3.42537407906244,-1.06246247579738,-0.054482262859686,1
14.16,-1.86261265377344,-1.43860935400758,-1.35449518842079,-3.42382258928545,-1.06786170006515,-0.0540721374321892,1
14.17,-1.86803262321425,-1.43904673251137,-1.35581096791969,-3.42226529287186,-1.07326981183057,-0.0536637773620533,1
14.18,-1.87346107811668,-1.43951060894322,-1.35710321381548,-3.42070225501087,-1.07868646018364,-0.053257175381029,1
14.19,-1.87889766674162,-1.44000091518522,-1.35837193787914,-3.41913354363609,-1.08411129316821,-0.0528523240816481,1
14.2,-1.88434203644778,-1.44051758117515,-1.35961715134965,-3.41755922938273,-1.08954395792207,-0.0524492159205796,1
14.21,-1.88979383383158,-1.44106053493157,-1.36083886494695,-3.41597938554412,-1.09498410081683,-0.0520478432220206,1
14.22,-1.89525270486641,-1.44162970257992,-1.36203708888457,-3.4143940880275,-1.10043136759743,-0.0516481981811218,1
14.23,-1.90071829504146,-1.44222500837941,-1.36321183288198,-3.41280341530914,-1.10588540352097,-0.0512502728674422,1
14.24,-1.90619024949992,-1.44284637475088,-1.36436310617657,-3.41120744838897,-1.11134585349503,-0.0508540592284295,1
14.25,-1.91166821317624,-1.44349372230548,-1.36549091753536,-3.40960627074448,-1.11681236221505,-0.050459549092924,1
14.26,-1.91715183093262,-1.44416696987405,-1.3665952752664,-3.40799996828429,-1.1222845743009,-0.0500667341746808,1
14.27,-1.92264074769433,-1.4448660345374,-1.36767618722987,-3.40638862930107,-1.12776213443234,-0.0496756060759091,1
14.28,-1.91898275534044,-1.44376896911546,-1.37032692961353,-3.40472287992227,-1.12411170388402,-0.0499360387104823,1
14.29,-1.91361349441142,-1.44235555008183,-1.37325202824456,-3.4030444264924,-1.11875359041871,-0.0503199616440532,1
14.3,-1.9082522099689,-1.44096799131236,-1.37615222107027,-3.401362542245,-1.11340349496821,-0.050705312726975,1
14.31,-1.90289924043022,-1.43960636014976,-1.37902758316781,-3.39967707678139,-1.10806175607722,-0.05109209630507,1
14.32,-1.89755492313561,-1.43827072327144,-1.38187818781852,-3.39798788240078,-1.10272871120941,-0.0514803165769614,1
14.33,-1.89224131679632,-1.43711001446267,-1.38390054280114,-3.39695023527185,-1.09742637300461,-0.05186838681165,1
14.34,-1.88704330886808,-1.43671818461436,-1.38188936503853,-3.39917836180156,-1.0922394475115,-0.0522500594473236,1
14.35,-1.88185132664901,-1.43635253855783,-1.37985419884805,-3.40140178992939,-1.08705859464399,-0.0526333456486464,1
14.36,-1.87666567502626,-1.43601314111949,-1.37779501661635,-3.40362047100912,-1.08188411950756,-0.0530182528789393,1
14.37,-1.87148665853469,-1.43570005564859,-1.3757117897967,-3.40583435896979,-1.07671632685262,-0.053404788504688,1
14.38,-1.86631458123042,-1.43541334399895,-1.37360448890807,-3.40804341033925,-1.07155552094799,-0.0537929597920475,1
14.39,-1.86114974658261,-1.43515306652006,-1.37147308351215,-3.41024758428044,-1.06640200547253,-0.0541827739041122,1
14.4,-1.85599245736485,-1.43491928204897,-1.36931754218987,-3.41244684262725,-1.06125608340653,-0.0545742378982079,1
14.41,-1.85084301554634,-1.43471204790311,-1.36713783251751,-3.41464114991993,-1.05611805692272,-0.0549673587232057,1
14.42,-1.84570172218288,-1.43453141987415,-1.3649339210422,-3.41683047343997,-1.05098822727729,-0.0553621432168644,1
14.43,-1.84056887730784,-1.43437745222268,-1.3627057732569,-3.41901478324454,-1.04586689470068,-0.0557585981031999,1
14.44,-1.83544477982316,-1.43425019767404,-1.36045335357491,-3.42119405220042,-1.04075435828859,-0.0561567299898868,1
14.45,-1.83032972739045,-1.43414970741508,-1.35817662530373,-3.42336825601732,-1.03565091589295,-0.0565565453656933,1
14.46,-1.82522401632239,-1.43407603109201,-1.35587555061841,-3.4255373732808,-1.03055686401326,-0.0569580505979522,1
14.47,-1.82012794147438,-1.43402921680934,-1.35355009053429,-3.42770138548446,-1.0254724976882,-0.0573612519300716,1
14.48,-1.81498723015283,-1.43354916077207,-1.35348450557482,-3.42803384748927,-1.02034367094469,-0.057770513065283,1
14.49,-1.80979716643779,-1.43256981762796,-1.35600731388045,-3.42627196460707,-1.01516568213535,-0.0581863253270634,1
14.5,-1.80462150234709,-1.43161760995074,-1.35850563090596,-3.42450480719582,-1.01000213710471,-0.0586036549575415,1
14.51,-1.79946053978252,-1.43069257358357,-1.36097952041987,-3.42273227276962,-1.00485333779162,-0.0590225031613342,1
14.52,-1.79431457709221,-1.42979474278406,-1.36342904475897,-3.42095426217203,-0.999719582575724,-0.0594428709517334,1
14.53,-1.78918390898784,-1.42892415018417,-1.36585426488077,-3.41917067956668,-0.99460116619461,-0.0598647591486742,1
14.54,-1.78406882643471,-1.42808082674479,-1.36825524039291,-3.41738143245539,-0.989498379633893,-0.0602881683776033,1
14.55,-1.77896961654448,-1.42726480171166,-1.37063202958181,-3.41558643169537,-0.984411510019876,-0.0607130990684539,1
14.56,-1.77388656247054,-1.42647610257295,-1.37298468944064,-3.41378559151536,-0.979340840514936,-0.061139551454728,1
14.57,-1.76881994330626,-1.42571475501817,-1.37531327569659,-3.41197882953089,-0.97428665021572,-0.0615675255726882,1
14.58,-1.76377003398613,-1.42498078289878,-1.3776178428375,-3.41016606675836,-0.969249214054259,-0.0619970212606597,1
14.59,-1.75873710518984,-1.42427420819019,-1.37989844413792,-3.40834722762811,-0.96422880270208,-0.0624280381584432,1
14.6,-1.75372142324957,-1.42359505095549,-1.3821551316844,-3.40652223999629,-0.959225682477425,-0.0628605757068411,1
14.61,-1.74872325006037,-1.42294332931062,-1.38438795640038,-3.40469103515558,-0.954240115255635,-0.0632946331472965,1
14.62,-1.74772651734504,-1.4221836688927,-1.38825256744252,-3.40153578622411,-0.953245907069719,-0.0633815590169027,1
14.63,-1.75063217542924,-1.42131793280818,-1.39370812775532,-3.39709219682221,-0.956144215615838,-0.0631284955322266,1
14.64,-1.7535410338447,-1.42047808654442,-1.39913449009843,-3.39265088077105,-0.959045746496324,-0.0628761883606909,1
14.65,-1.75645303801677,-1.41966406724175,-1.40453189493303,-3.38821166357651,-0.961950445064914,-0.0626246350600372,1
14.66,-1.75936813317956,-1.41887581482154,-1.40990057637788,-3.38377437432109,-0.964858256484059,-0.0623738331817279,1
14.67,-1.76228626440782,-1.41811327190136,-1.41524076246266,-3.37933884549594,-0.96776912575662,-0.0621237802699327,1
14.68,-1.76520737662345,-1.41737638371445,-1.42055267528529,-3.37490491292378,-0.970682997732419,-0.0618744738616989,1
14.69,-1.76813141460208,-1.41666509803178,-1.42583653116356,-3.37047241568497,-0.973599817114811,-0.0616259114871227,1
14.7,-1.77105832297966,-1.41597936508645,-1.43109254078145,-3.36604119604648,-0.976519528467266,-0.061378090669521,1
14.71,-1.77398804625901,-1.41531913750046,-1.43632090933026,-3.36161109939379,-0.979442076219957,-0.0611310089256035,1
14.72,-1.77692052881643,-1.41468437021358,-1.44152183664479,-3.35718197416548,-0.982367404676358,-0.0608846637656468,1
14.73,-1.77985571490833,-1.41407502041442,-1.44669551733484,-3.35275367179054,-0.985295458019856,-0.0606390526936671,1
14.74,-1.78279354867778,-1.41349104747334,-1.45184214091211,-3.34832604662809,-0.988226180320351,-0.0603941732075948,1
14.75,-1.78593068651456,-1.41297961392273,-1.45674585676918,-3.34407671649709,-0.991355754534965,-0.0601337228187743,1
14.76,-1.79026333265127,-1.41277960773953,-1.46031727190725,-3.3409006608608,-0.995678005509412,-0.0597757673528724,1
14.77,-1.79460374339739,-1.41260594372463,-1.46386415927325,-3.33772075188621,-1.00000806077653,-0.0594191759663166,1
14.78,-1.7989517377994,-1.41245860036785,-1.46738658505078,-3.33453695136948,-1.00434573924744,-0.059063944056207,1
14.79,-1.8033071338743,-1.41233755568568,-1.47088461335398,-3.33134922376092,-1.00869085880216,-0.0587100669543768,1
14.8,-1.80766974870225,-1.41224278721194,-1.47435830627061,-3.32815753612978,-1.01304323638201,-0.0583575399287535,1
14.81,-1.81203939847558,-1.41217427197277,-1.47780772390479,-3.32496185814488,-1.01740268803869,-0.0580063581845004,1
14.82,-1.81641589854794,-1.41213198646229,-1.48123292441869,-3.32176216205526,-1.02176902898346,-0.0576565168651744,1
14.83,-1.82079906348381,-1.41211590661922,-1.48463396407328,-3.31855842267114,-1.02614207363666,-0.0573080110538992,1
14.84,-1.82518870710801,-1.41212600780406,-1.48801089726826,-3.31535061734489,-1.03052163567728,-0.0569608357745525,1
14.85,-1.82958464255552,-1.41216226477716,-1.491363776581,-3.3121387259521,-1.03490752809281,-0.0566149859929672,1
14.86,-1.8339866823213,-1.41222465167748,-1.49469265280469,-3.30892273087285,-1.03929956322908,-0.0562704566181443,1
14.87,-1.83839463831023,-1.412313142002,-1.49799757498566,-3.30570261697296,-1.04369755284023,-0.0559272425034785,1
14.88,-1.84280832188708,-1.4124277085859,-1.50127859045991,-3.30247837158541,-1.04810130813877,-0.0555853384479946,1
14.89,-1.8472275439265,-1.41256832358342,-1.50453574488888,-3.29924998449171,-1.05251063984554,-0.0552447391975927,1
14.9,-1.85165211486301,-1.41273495844929,-1.50776908229444,-3.29601744790347,-1.05692535823976,-0.0549054394463061,1
14.91,-1.85608184474089,-1.41292758392098,-1.51097864509322,-3.29278075644386,-1.06134527320898,-0.054567433837563,1
14.92,-1.86051654326402,-1.41314617000141,-1.5141644741302,-3.28953990712927,-1.06577019429892,-0.0542307169654599,1
14.93,-1.86495601984563,-1.41339068594245,-1.51732660871163,-3.28629489935089,-1.07019993076326,-0.0538952833760394,1
14.94,-1.86940008365781,-1.41366110022887,-1.52046508663738,-3.28304573485632,-1.07463429161325,-0.053561127568575,1
14.95,-1.87384854368098,-1.41395738056304,-1.52357994423252,-3.27979241773126,-1.07907308566711,-0.0532282439968609,1
14.96,-1.87768729305351,-1.41410734007683,-1.52744063762129,-3.27591631000425,-1.08290353082013,-0.0529422559584172,1
14.97,-1.88148579103221,-1.41427073228748,-1.53133063224496,-3.27199457156458,-1.08669384485556,-0.052660408870145,1
14.98,-1.88528641960858,-1.41445945472819,-1.53519663987618,-3.26807009698608,-1.0904863175186,-0.0523795258991431,1
14.99,-1.88908906192321,-1.4146734857696,-1.53903872476078,-3.26414284969196,-1.09428083182572,-0.052099602794875,1
15,-1.89289360125509,-1.41491280385861,-1.54285694895249,-3.26021279524816,-1.09807727093148,-0.051820635293935,1
15.01,-1.8966999210411,-1.41517738749013,-1.54665137235603,-3.25627990134777,-1.10187551814792,-0.0515426191206333,1
15.02,-1.900507904896,-1.41546721517956,-1.55042205276873,-3.2523441377958,-1.10567545696467,-0.0512655499875772,1
15.03,-1.90431743663241,-1.41578226543589,-1.55416904592132,-3.24840547649453,-1.1094769710689,-0.0509894235962485,1
15.04,-1.9081284002805,-1.4161225167351,-1.55789240551774,-3.24446389142924,-1.11327994436502,-0.0507142356375792,1
15.05,-1.91194068010748,-1.41648794749411,-1.56159218327408,-3.24051935865444,-1.11708426099422,-0.0504399817925236,1
15.06,-1.91575416063694,-1.41687853604513,-1.5652684289567,-3.23657185628052,-1.12088980535377,-0.0501666577326287,1
15.07,-1.91956872666789,-1.41729426061037,-1.5689211904195,-3.2326213644608,-1.12469646211615,-0.0498942591206002,1
15.08,-1.92338426329363,-1.4177350992772,-1.57255051364042,-3.22866786537897,-1.12850411624788,-0.049622781610866,1
15.09,-1.92720065592038,-1.41820102997367,-1.57615644275717,-3.22471134323694,-1.1323126530282,-0.0493522208501363,1
15.1,-1.93101779028568,-1.41869203044446,-1.5797390201022,-3.22075178424302,-1.13612195806745,-0.0490825724779595,1
15.11,-1.93483555247652,-1.41920807822709,-1.58329828623704,-3.21678917660044,-1.13993191732525,-0.0488138321272746,1
15.12,-1.93865382894727,-1.41974915062858,-1.58683427998587,-3.21282351049626,-1.14374241712842,-0.0485459954249595,1
15.13,-1.9414297413095,-1.42005961185504,-1.5911509577843,-3.2082765362179,-1.14651269274139,-0.0483518591890163,1
15.14,-1.94356695240018,-1.42023813149605,-1.59593625680803,-3.2033739675989,-1.14864557364242,-0.0482027220596168,1
15.15,-1.94570338104265,-1.42044102461863,-1.60069825449692,-3.19846989777825,-1.15077768197305,-0.0480539248461934,1
15.16,-1.9478390100125,-1.42066829761283,-1.605437048926,-3.19356422396478,-1.15290900047158,-0.0479054662668937,1
15.17,-1.94997382216636,-1.42091995809194,-1.61015273511747,-3.18865684519313,-1.15503951195741,-0.0477573450434113,1
15.18,-1.95210780044018,-1.42119601485389,-1.61484540509902,-3.18374766230387,-1.15716919932938,-0.0476095599011562,1
15.19,-1.95424092784969,-1.42149647784426,-1.61951514795713,-3.17883657792722,-1.15929804556623,-0.0474621095692632,1
15.2,-1.95637318749092,-1.42182135811971,-1.62416204988881,-3.17392349646783,-1.16142603372708,-0.0473149927806005,1
15.21,-1.95850456254057,-1.42217066781193,-1.62878619425192,-3.16900832409054,-1.16355314695188,-0.0471682082717781,1
15.22,-1.96063503625653,-1.42254442009191,-1.63338766161404,-3.16409096870714,-1.16567936846182,-0.0470217547831565,1
15.23,-1.9627645919783,-1.42294262913468,-1.63796652980005,-3.15917133996407,-1.16780468155983,-0.046875631058853,1
15.24,-1.96489321312736,-1.42336531008437,-1.64252287393841,-3.15424934923109,-1.16992906963097,-0.0467298358467511,1
15.25,-1.96702088320768,-1.42381247901958,-1.64705676650613,-3.14932490959084,-1.17205251614284,-0.0465843678985067,1
15.26,-1.96914758580604,-1.42428415291917,-1.65156827737261,-3.14439793582927,-1.17417500464601,-0.0464392259695554,1
15.27,-1.97036404579334,-1.42456726197791,-1.65635389149385,-3.13936119246704,-1.17538905757082,-0.0463563217720999,1
15.28,-1.97002410379195,-1.42450990280802,-1.66162494956863,-3.13413857425134,-1.17504978788591,-0.0463794777500839,1
15.29,-1.96968443605193,-1.42447668761647,-1.66687437725735,-3.12891343986882,-1.17471079211041,-0.0464026216011842,1
15.3,-1.96934504242762,-1.42446765205177,-1.67210228737282,-3.12368564087177,-1.17437207009873,-0.0464257533275558,1
15.31,-1.96900592276535,-1.42448283366886,-1.67730878946877,-3.11845503016495,-1.17403362169727,-0.0464488729318923,1
15.32,-1.9686670769112,-1.42452227190228,-1.68249398989588,-3.11322146197652,-1.17369544675219,-0.0464719804168976,1
15.33,-1.96832850497712,-1.42458599810349,-1.68765801252869,-3.10798475180431,-1.17335754594851,-0.046495095473734,1
15.34,-1.9679902062766,-1.4246740752856,-1.69280091607961,-3.10274483651107,-1.17301991745445,-0.0465181787389337,1
15.35,-1.96765218092094,-1.42478653835833,-1.69792281831536,-3.09750153414828,-1.17268256195373,-0.0465412498929683,1
15.36,-1.96731442875523,-1.42492343396999,-1.70302381328567,-3.09225470403118,-1.17234547929154,-0.046564308938582,1
15.37,-1.9669769496243,-1.42508481049846,-1.7081039920849,-3.08700420670083,-1.1720086693128,-0.0465873558785289,1
15.38,-1.96663974359348,-1.42527070999779,-1.71316345985519,-3.08174987069952,-1.17167213255911,-0.0466104070832309,1
15.39,-1.96630281006585,-1.42548120030886,-1.71820226796527,-3.07649162537698,-1.17133586748173,-0.0466334298289889,1
15.4,-1.9659661491061,-1.42571632676196,-1.72322051589779,-3.07122930166213,-1.17099987462113,-0.0466564404773975,1
15.41,-1.96438731482133,-1.42566406789367,-1.72810243729007,-3.06635750815281,-1.16942417668576,-0.0467644623987117,1
15.42,-1.96157727621852,-1.42532663360641,-1.73284891497541,-3.06187296850355,-1.16661973028682,-0.0469570683421707,1
15.43,-1.95877019962074,-1.42501386395059,-1.73757503257194,-3.05738352580459,-1.1638182534226,-0.0471499331594392,1
15.44,-1.95596613350872,-1.42472582483124,-1.7422808484137,-3.05288905565636,-1.16101979457069,-0.0473430567385798,1
15.45,-1.95316512618858,-1.42446258331498,-1.74696641842741,-3.04838943492567,-1.15822440203379,-0.0475364389556814,1
15.46,-1.95036722579828,-1.42422420760768,-1.7516317961675,-3.0438845417334,-1.15543212394606,-0.0477300796744082,1
15.47,-1.94757248030231,-1.42401076702512,-1.75627703284626,-3.03937425545372,-1.15264300826782,-0.0479239787459589,1
15.48,-1.94478093748644,-1.42382233196359,-1.76090217736329,-3.0348584567142,-1.14985710278033,-0.0481181360090284,1
15.49,-1.94199264495251,-1.42365897387049,-1.76550727633403,-3.0303370273967,-1.14707445508056,-0.0483125512897709,1
15.5,-1.93920765011325,-1.42352076521497,-1.77009237411751,-3.02580985063912,-1.14429511257596,-0.0485072244017641,1
15.51,-1.93642600018708,-1.42340777945839,-1.77465751284336,-3.02127681083795,-1.14151912247935,-0.048702155145977,1
15.52,-1.93364774219298,-1.42332009102487,-1.77920273243806,-3.01673779365161,-1.13874653180373,-0.0488973433107379,1
15.53,-1.93087292294542,-1.42325777527162,-1.78372807065049,-3.01219268600467,-1.13597738735721,-0.0490927886717048,1
15.54,-1.92810158904922,-1.42322090845923,-1.78823356307673,-3.00764137609271,-1.13321173573792,-0.0492884909918386,1
15.55,-1.9253337868946,-1.42320956772182,-1.7927192431843,-3.0030837533881,-1.13044962332897,-0.0494844500213765,1
15.56,-1.92095026119375,-1.42272480024515,-1.79618636630923,-2.99996804704092,-1.12607513923347,-0.0497958484883122,1
15.57,-1.91648680701226,-1.42223924225544,-1.79957904796985,-2.99692329976593,-1.12162093038105,-0.0501142619334262,1
15.58,-1.91203024657001,-1.42177966561428,-1.80295063250104,-2.99387200983605,-1.11717364072432,-0.0504335506854912,1
15.59,-1.9075807741184,-1.4213461633521,-1.80630111192593,-2.99081408946707,-1.11273346454819,-0.0507537158703358,1
15.6,-1.90313858301814,-1.42093882773951,-1.80963047710274,-2.9877494529276,-1.10830059524462,-0.0510747585365247,1
15.61,-1.89870386568774,-1.42055775023906,-1.81293871774376,-2.98467801656959,-1.10387522526115,-0.0513966796546755,1
15.62,-1.89427681355061,-1.42020302145603,-1.81622582243332,-2.98159969886093,-1.09945754604794,-0.0517194801167306,1
15.63,-1.88985761698251,-1.41987473108911,-1.81949177864564,-2.97851442041823,-1.09504774800517,-0.0520431607352548,1
15.64,-1.88544646525922,-1.41957296788118,-1.82273657276248,-2.97542210403959,-1.09064602043078,-0.0523677222427585,1
15.65,-1.88104354650478,-1.41929781957009,-1.8259601900908,-2.97232267473743,-1.08625255146859,-0.0526931652910477,1
15.66,-1.87664904763999,-1.41904937283952,-1.82916261488021,-2.96921605977132,-1.08186752805685,-0.0530194904506008,1
15.67,-1.87226315433152,-1.41882771326991,-1.83234383034039,-2.96610218868073,-1.0774911358773,-0.0533466982099737,1
15.68,-1.86788605094138,-1.41863292528951,-1.83550381865838,-2.96298099331775,-1.07312355930465,-0.0536747889752322,1
15.69,-1.86351792047705,-1.41846509212554,-1.83864256101586,-2.95985240787976,-1.06876498135666,-0.0540037630694139,1
15.7,-1.85915894454209,-1.41832429575549,-1.84176003760623,-2.9567163689419,-1.06441558364478,-0.0543336207320196,1
15.71,-1.8548093032874,-1.41821061685857,-1.84485622765178,-2.95357281548945,-1.06007554632533,-0.0546643621185349,1
15.72,-1.85029020665759,-1.41804562728465,-1.84768060964431,-2.95074394205004,-1.05556647744455,-0.0550096969534784,1
15.73,-1.84530425785134,-1.41769848085636,-1.84981427392708,-2.9487678467325,-1.05059165198482,-0.0553927595965425,1
15.74,-1.84033017581471,-1.41737892457989,-1.85192554680246,-2.94678426708473,-1.04562873024305,-0.0557770921987334,1
15.75,-1.83536822845379,-1.41708703709071,-1.85401440354291,-2.94479314643226,-1.04067798016013,-0.0561626959099176,1
15.76,-1.83041868112831,-1.41682289442891,-1.85608081920546,-2.94279443115136,-1.03573966712655,-0.0565495717354856,1
15.77,-1.8254817965722,-1.41658656999232,-1.85812476864728,-2.94078807070177,-1.03081405390281,-0.0569377205365685,1
15.78,-1.82055783480329,-1.41637813448503,-1.86014622654044,-2.93877401766514,-1.02590140052912,-0.0573271430290953,1
15.79,-1.81564705303476,-1.41619765586704,-1.86214516738671,-2.93675222778222,-1.02100196423684,-0.0577178397829235,1
15.8,-1.81074970558825,-1.41604519930516,-1.86412156553224,-2.9347226599887,-1.0161159993615,-0.0581098112210358,1
15.81,-1.80586604380878,-1.41592082712515,-1.86607539518215,-2.93268527644989,-1.0112437572578,-0.0585030576188109,1
15.82,-1.80099631598155,-1.41582459876516,-1.86800663041506,-2.93064004259393,-1.00638548621629,-0.0588975791033652,1
15.83,-1.7961407672507,-1.41575657073053,-1.86991524519762,-2.92858692714366,-1.00154143138216,-0.0592933756529679,1
15.84,-1.79129963953998,-1.41571679654996,-1.87180121339881,-2.92652590214705,-0.996711834675932,-0.0596904470965305,1
15.85,-1.78647317147567,-1.41570532673313,-1.87366450880434,-2.92445694300614,-0.991896934716286,-0.0600887931131699,1
15.86,-1.78166159831152,-1.41572220872974,-1.87550510513085,-2.92238002850444,-0.987096966745038,-0.0604884132318481,1
15.87,-1.77686515185591,-1.41576748689012,-1.87732297604009,-2.92029514083286,-0.982312162554307,-0.0608893068310866,1
15.88,-1.77216603986969,-1.41587986551172,-1.87925357176058,-2.91803199301183,-0.977624528991539,-0.0612845556103762,1
15.89,-1.7677588094417,-1.41615141077291,-1.88162001138251,-2.91518483768841,-0.973228130210832,-0.0616575304504988,1
15.9,-1.76336570597996,-1.41645131944203,-1.88396421655752,-2.91232961731619,-0.968845888455906,-0.0620315375965442,1
15.91,-1.75898689862965,-1.41677962819455,-1.88628615460094,-2.90946632983805,-0.964477972824786,-0.0624065753733311,1
15.92,-1.75462255360905,-1.41713637105915,-1.88858579245689,-2.90659497640429,-0.960124549485352,-0.0627826419950358,1
15.93,-1.75027283416326,-1.4175215793807,-1.8908630967155,-2.90371556139238,-0.955785781629044,-0.0631597355643067,1
15.94,-1.74593790052865,-1.41793528178686,-1.8931180336293,-2.90082809242355,-0.95146182943537,-0.0635378540726337,1
15.95,-1.74161790989912,-1.41837750415556,-1.89535056912961,-2.89793258037825,-0.947152850038167,-0.0639169954007653,1
15.96,-1.73731301639411,-1.41884826958382,-1.89756066884302,-2.8950290394103,-0.942858997493608,-0.0642971573191766,1
15.97,-1.73302337102835,-1.41934759835761,-1.8997482981077,-2.89211748695991,-0.938580422750002,-0.0646783374885844,1
15.98,-1.72874912168344,-1.41987550792293,-1.90191342198994,-2.88919794376529,-0.934317273619352,-0.0650605334605124,1
15.99,-1.7244904130812,-1.42043201285812,-1.90405600530048,-2.88627043387308,-0.930069694750743,-0.0654437426779025,1
16,-1.7202473867588,-1.42101712484737,-1.90617601261098,-2.88333498464744,-0.925837827605501,-0.0658279624757749,1
16.01,-1.71602018104578,-1.42163085265544,-1.90827340827042,-2.88039162677778,-0.921621810434195,-0.0662131900819336,1
16.02,-1.71180893104276,-1.42227320210373,-1.91034815642155,-2.87744039428519,-0.917421778255421,-0.0665994226177198,1
16.03,-1.71076124380391,-1.42341587198818,-1.91410590984652,-2.87248128757164,-0.916376893034293,-0.0666958962728804,1
16.04,-1.71063967687151,-1.42472517516066,-1.91834499269044,-2.86692608220894,-0.916255651490963,-0.0667070994290065,1
16.05,-1.71051823225989,-1.42606264015435,-1.92256496986242,-2.86136182521436,-0.91613453200156,-0.0667182933948454,1
16.06,-1.71039690979281,-1.42742836938098,-1.92676582831611,-2.85578842721884,-0.916013534390162,-0.0667294781812639,1
16.07,-1.71027570930583,-1.42882246566009,-1.93094755314105,-2.85020580031029,-0.915892658492613,-0.0667406537980543,1
16.08,-1.71015463063476,-1.43024503218173,-1.93511012760502,-2.84461385802786,-0.915771904145006,-0.0667518202549986,1
16.09,-1.71003367361567,-1.4316961724681,-1.93925353316504,-2.83901251538929,-0.915651271183691,-0.0667629775618676,1
16.1,-1.70991283808487,-1.43317599033441,-1.94337774947819,-2.83340168891931,-0.915530759445271,-0.0667741257284211,1
16.11,-1.70979212387893,-1.434684589849,-1.94748275441219,-2.82778129667879,-0.915410368766602,-0.0667852647644081,1
16.12,-1.70967153083469,-1.43622207529282,-1.95156852405588,-2.82215125829493,-0.915290098984792,-0.0667963946795668,1
16.13,-1.70955105878923,-1.4377885511181,-1.95563503272949,-2.81651149499227,-0.915169949937201,-0.0668075154836246,1
16.14,-1.70943070757986,-1.43938412190621,-1.95968225299476,-2.81086192962465,-0.915049921461442,-0.0668186271862977,1
16.15,-1.70924037583141,-1.44039415099185,-1.96219135886929,-2.80733207764396,-0.914860100200663,-0.0668362032481906,1
16.16,-1.70874831079623,-1.43878826922236,-1.9581460202494,-2.81295554132777,-0.914369356223108,-0.066881687108129,1
16.17,-1.70825599761238,-1.43721153954032,-1.95408140615382,-2.81856911077399,-0.913878364856653,-0.0669271971349197,1
16.18,-1.70776343696714,-1.43566383754427,-1.94999758887559,-2.82417276423437,-0.913387128698719,-0.0669727989940206,1
16.19,-1.70727062796858,-1.43414507769897,-1.94589454827008,-2.82976668474373,-0.912895644857494,-0.0670184239214966,1
16.2,-1.70677757134852,-1.43265513457303,-1.9417723554714,-2.83535084880966,-0.912403916077315,-0.0670641411150443,1
16.21,-1.70628426621079,-1.43119392342501,-1.93763098646219,-2.84092544293157,-0.911911939450947,-0.0671098814276456,1
16.22,-1.70579071329213,-1.42976131888183,-1.93347050914167,-2.84649044640535,-0.911419717738908,-0.067155714442701,1
16.23,-1.70529691169208,-1.42835723715697,-1.92929089557558,-2.85204604908048,-0.910927248018435,-0.0672015706276386,1
16.24,-1.70480286215237,-1.42698155309722,-1.92509221038987,-2.85759223291552,-0.910434533066333,-0.0672475199540534,1
16.25,-1.70604994856909,-1.42576435353115,-1.92139954096593,-2.86257312253533,-0.911678253947973,-0.0671316457539196,1
16.26,-1.70909503497488,-1.42470946688801,-1.91822618945024,-2.86697372564076,-0.914715149726412,-0.0668496440491625,1
16.27,-1.71214980014171,-1.42368305719541,-1.91503162686642,-2.87136612414354,-0.917761736674917,-0.0665680678086019,1
16.28,-1.71521420062618,-1.42268508585198,-1.91181589258068,-2.87575031434272,-0.920817971408978,-0.0662869190811966,1
16.29,-1.71828819185168,-1.42171551275733,-1.90857902490492,-2.88012629513776,-0.923883809410228,-0.0660061998913393,1
16.3,-1.72137172817285,-1.42077429638987,-1.90532106108241,-2.88449406796826,-0.926959205090745,-0.0657259122354019,1
16.31,-1.72446476287665,-1.41986139384569,-1.90204203727138,-2.88885363679195,-0.930044111794091,-0.0654460580814136,1
16.32,-1.7275672481837,-1.41897676087751,-1.89874198852873,-2.89320500806259,-0.933138481796673,-0.0651666393687435,1
16.33,-1.73067913525,-1.41812035193349,-1.8954209487937,-2.89754819070787,-0.936242266309413,-0.0648876580077906,1
16.34,-1.7338003741689,-1.41729212019614,-1.89207895087163,-2.90188319610727,-0.939355415479754,-0.0646091158796805,1
16.35,-1.73693091397343,-1.4164920176211,-1.88871602641775,-2.90621003806989,-0.942477878393974,-0.0643310148359675,1
16.36,-1.74007070263901,-1.4157199949759,-1.88533220592091,-2.91052873281239,-0.945609603079844,-0.0640533566983444,1
16.37,-1.74321968708636,-1.41497600187873,-1.88192751868743,-2.91483929893684,-0.948750536509591,-0.0637761432583596,1
16.38,-1.74735123230885,-1.41458825670186,-1.87970052092558,-2.91766427016571,-0.952871573482233,-0.0634143197528715,1
16.39,-1.75217119428105,-1.41445591463538,-1.87827937522146,-2.91945993839653,-0.957679353883305,-0.0629948765206844,1
16.4,-1.75700819326068,-1.41435219167966,-1.87683520198393,-2.92124758268357,-0.962504210906542,-0.0625767937420429,1
16.41,-1.76186200179986,-1.41427706433132,-1.87536802235774,-2.92302720402217,-0.967345917138914,-0.0621600726955296,1
16.42,-1.76673238826883,-1.41423050557227,-1.87387785763492,-2.92479880705432,-0.972204240980853,-0.0617447144917568,1
16.43,-1.77161911696077,-1.41421248491248,-1.87236472925187,-2.92656240002847,-0.97707894675097,-0.0613307200756352,1
16.44,-1.77652194816226,-1.41422296841908,-1.87082865877757,-2.92831799478204,-0.981969794756475,-0.0609180902263885,1
16.45,-1.78144063822652,-1.41426191874748,-1.86926966790161,-2.93006560672211,-0.986876541366419,-0.0605068255576529,1
16.46,-1.78637493964933,-1.41432929517418,-1.86768777842211,-2.93180525480403,-0.991798939087655,-0.0600969265176675,1
16.47,-1.7913246011477,-1.41442505363163,-1.86608301223357,-2.93353696150835,-0.996736736643474,-0.0596883933895512,1
16.48,-1.79628936774107,-1.41454914674472,-1.86445539131452,-2.93526075281578,-1.00168967905486,-0.0592812262916671,1
16.49,-1.80126898083511,-1.41470152386917,-1.86280493771508,-2.93697665818044,-1.00665750772425,-0.0588754251780741,1
16.5,-1.80626317830792,-1.4148821311316,-1.86113167354444,-2.93868471050127,-1.0116399605218,-0.0584709898390648,1
16.51,-1.81127169459869,-1.41509091147125,-1.85943562095815,-2.94038494609183,-1.01663677187403,-0.058067919901787,1
16.52,-1.81629426079858,-1.41532780468344,-1.85771680214536,-2.94207740464833,-1.02164767285473,-0.0576662148309529,1
16.53,-1.82133060474387,-1.41559274746458,-1.85597523931591,-2.94376212921606,-1.02667239127817,-0.0572658739296291,1
16.54,-1.82626981116383,-1.41583224630089,-1.85402365132496,-2.94567542210398,-1.03160026493658,-0.0568756119220456,1
16.55,-1.83077296766803,-1.41588307549412,-1.85129114809537,-2.94853807530258,-1.03609314733956,-0.0565218043064952,1
16.56,-1.83528735456004,-1.41596150456421,-1.84853691246198,-2.95139298261459,-1.04059728930619,-0.0561689992763068,1
16.57,-1.83981277402539,-1.41606746216507,-1.84576097028537,-2.95424019022574,-1.04511249302416,-0.0558171969402623,1
16.58,-1.84434902622734,-1.41620087507409,-1.84296334673314,-2.95707974706532,-1.04963855865574,-0.0554663973047552,1
16.59,-1.84889590935259,-1.41636166823707,-1.84014406626507,-2.95991170477565,-1.05417528438368,-0.0551166002726662,1
16.6,-1.85345321966939,-1.41654976481729,-1.83730315261633,-2.96273611767889,-1.05872246646929,-0.0547678056438542,1
16.61,-1.85802075158657,-1.41676508624499,-1.83444062878072,-2.96555304274327,-1.0632798993115,-0.0544200131156888,1
16.62,-1.86259829771354,-1.41700755226735,-1.83155651699383,-2.96836253954883,-1.06784737550687,-0.0540732222836243,1
16.63,-1.86718564892113,-1.41727708099882,-1.82865083871618,-2.97116467025285,-1.07242468591045,-0.0537274326418141,1
16.64,-1.87178259440331,-1.41757358897192,-1.82572361461631,-2.97395949955465,-1.0770116196975,-0.053382643583765,1
16.65,-1.87638892173961,-1.41789699118834,-1.82277486455381,-2.97674709466025,-1.081607964426,-0.0530388544030303,1
16.66,-1.88100441695842,-1.41824720117039,-1.8198046075623,-2.97952752524649,-1.08621350609987,-0.0526960642939424,1
16.67,-1.88562886460086,-1.41862413101275,-1.81681286183235,-2.98230086342503,-1.09082802923294,-0.0523542723523813,1
16.68,-1.89026204778531,-1.41902769143451,-1.81379964469431,-2.98506718370594,-1.09545131691347,-0.0520134775765815,1
16.69,-1.8949037482726,-1.41945779183142,-1.8107649726011,-2.98782656296113,-1.10008315086938,-0.0516736788679748,1
16.7,-1.89955374653167,-1.41991434032842,-1.8077088611109,-2.99057908038757,-1.1047233115339,-0.0513348750320664,1
16.71,-1.90421182180574,-1.42039724383225,-1.80463132486975,-2.99332481747035,-1.10937157811184,-0.050997064779347,1
16.72,-1.90846600391422,-1.42077501896717,-1.80122105655132,-2.99649348086151,-1.1136168416012,-0.0506899072331115,1
16.73,-1.91162023286309,-1.42082593975165,-1.79695426565118,-3.00080919375503,-1.11676448196725,-0.0504629953480966,1
16.74,-1.91477903562275,-1.42090264749852,-1.79266747588654,-3.0051183150816,-1.11991670686661,-0.050236452024948,1
16.75,-1.91794234341167,-1.42100506301836,-1.78836066609368,-3.00942094527061,-1.12307344752445,-0.0500102774988784,1
16.76,-1.92111008710606,-1.42113310765519,-1.78403381316213,-3.01371718620154,-1.12623463482291,-0.0497844719839984,1
16.77,-1.92428219723364,-1.42128670331281,-1.77968689202082,-3.0180071411915,-1.12940019929503,-0.0495590356726535,1
16.78,-1.92745860398343,-1.42146577248768,-1.77531987561579,-3.02229091498445,-1.13257007113451,-0.0493339687354955,1
16.79,-1.93063923721562,-1.42167023830172,-1.77093273488736,-3.02656861374109,-1.13574418020561,-0.0491092713215582,1
16.8,-1.93382402647152,-1.42190002453489,-1.76652543874675,-3.03084034502946,-1.13892245605308,-0.0488849435583363,1
16.81,-1.93701290098352,-1.42215505565764,-1.76209795405213,-3.03510621781625,-1.14210482791213,-0.0486609855518697,1
16.82,-1.94020578968516,-1.42243525686325,-1.75765024558404,-3.03936634245884,-1.1452912247185,-0.0484373973868299,1
16.83,-1.94340262122125,-1.42274055410007,-1.75318227602027,-3.04362083069804,-1.14848157511857,-0.0482141791266128,1
16.84,-1.94660332395801,-1.42307087410363,-1.74869400590998,-3.04786979565161,-1.15167580747955,-0.0479913308134328,1
16.85,-1.94980782599329,-1.42342614442874,-1.74418539364719,-3.05211335180845,-1.15487384989964,-0.0477688524684224,1
16.86,-1.95301605516683,-1.42380629348143,-1.73965639544365,-3.05635161502363,-1.15807563021833,-0.047546744091735,1
16.87,-1.95576434805864,-1.42409498185596,-1.73503084373487,-3.0607643579969,-1.16081841315405,-0.0473569723198315,1
16.88,-1.95636018373269,-1.42386816529277,-1.73003121110505,-3.06600718670521,-1.1614130556867,-0.0473158785567579,1
16.89,-1.95695653073629,-1.42366607690111,-1.72501128266375,-3.07124553537649,-1.16200820975838,-0.0472747919654717,1
16.9,-1.95755338838658,-1.42348867905573,-1.71997093762698,-3.07647962405236,-1.16260387345541,-0.0472336701985936,1
16.91,-1.9581507571557,-1.42333589537318,-1.71491013805675,-3.08170950529323,-1.16320004848117,-0.0471925556181388,1
16.92,-1.95874863637489,-1.42320769175167,-1.70982875738398,-3.08693540147295,-1.16379673293712,-0.0471514059112515,1
16.93,-1.95934702651195,-1.4231039949121,-1.70472675227079,-3.09215736737751,-1.16439392852119,-0.0471102634034143,1
16.94,-1.95994592689369,-1.42302477437578,-1.69960399020815,-3.0973756277673,-1.16499163333151,-0.0470690858192478,1
16.95,-1.96054533798352,-1.42296996007924,-1.69446042229303,-3.10259023970823,-1.16558984906054,-0.0470279154464874,1
16.96,-1.96114525910381,-1.42293952527803,-1.68929590989782,-3.10780143041443,-1.16618857380307,-0.0469867100479827,1
16.97,-1.96174569042907,-1.42293341379506,-1.68411037651927,-3.11300930157132,-1.16678780834866,-0.0469454907760492,1
16.98,-1.96234663213129,-1.42295157106099,-1.67890374280285,-3.11821395608114,-1.16738755348263,-0.0469042787434083,1
16.99,-1.9629480838099,-1.42299396546676,-1.67367588258161,-3.12341558262948,-1.16798780818908,-0.046863052808881,1
17,-1.96355004506449,-1.4230605675181,-1.66842666628239,-3.12861437126539,-1.16858857145873,-0.0468217919713574,1
17.01,-1.96415251620259,-1.42315132289108,-1.66315601614182,-3.13381040750033,-1.16918984451802,-0.0467805278598567,1
17.02,-1.9628927372259,-1.42283941080671,-1.6583760902044,-3.13886844240003,-1.16793257175494,-0.0468668465756954,1
17.03,-1.96103321232262,-1.42241471886389,-1.65373881455225,-3.14388028814473,-1.16607675067144,-0.0469944129339258,1
17.04,-1.95917279537446,-1.4220145118259,-1.64907933513612,-3.14888953077463,-1.16422004522354,-0.0471222436192566,1
17.05,-1.95731149684172,-1.42163876756825,-1.64439757644091,-3.15389626672508,-1.16236246589894,-0.0472503395728221,1
17.06,-1.95544932723867,-1.42128746503479,-1.63969346022277,-3.15890059408851,-1.16050402323939,-0.0473787017387153,1
17.07,-1.95358629713157,-1.42096058427162,-1.63496690547131,-3.16390261261832,-1.15864472783872,-0.0475073310640698,1
17.08,-1.95172241713855,-1.42065810646179,-1.63021782836287,-3.16890242374089,-1.15678459034272,-0.0476362284990606,1
17.09,-1.94985769792944,-1.42038001396043,-1.62544614221248,-3.17390013056847,-1.15492362144896,-0.0477653949969062,1
17.1,-1.94799215022561,-1.42012629033024,-1.62065175742443,-3.1788958379132,-1.15306183190664,-0.0478948315138696,1
17.11,-1.94612578479978,-1.41989692037735,-1.61583458144135,-3.1838896523021,-1.15119923251641,-0.0480245390092592,1
17.12,-1.9442586124759,-1.41969189018772,-1.61099451869184,-3.1888816819931,-1.14933583413023,-0.0481545184454302,1
17.13,-1.9423906441289,-1.41951118716394,-1.60613147053645,-3.19387203699221,-1.14747164765113,-0.0482847707877857,1
17.14,-1.94052189068458,-1.41935480006257,-1.60124533521214,-3.19886082907177,-1.14560668403312,-0.0484152970047773,1
17.15,-1.93815816183591,-1.41910537390841,-1.59668954710763,-3.20359763305179,-1.1432477580103,-0.0485807118338062,1
17.16,-1.93445412351599,-1.41856245156725,-1.59306933622092,-3.20765255247196,-1.13955126671419,-0.0488406392577187,1
17.17,-1.93075047208124,-1.41804452383638,-1.58942594844662,-3.21170442110176,-1.13585518725401,-0.0491014251018488,1
17.18,-1.92704731084185,-1.41755160935014,-1.58575934393999,-3.21575325426327,-1.13215962305937,-0.0493630734639861,1
17.19,-1.92334474344087,-1.41708372658619,-1.58206948105196,-3.21979906925201,-1.12846467789271,-0.0496255884381583,1
17.2,-1.91964287384636,-1.41664089389429,-1.57835631630182,-3.22384188533629,-1.12477045584136,-0.0498889741138206,1
17.21,-1.91594180633603,-1.41622312952148,-1.57461980434256,-3.22788172376747,-1.12107706130218,-0.0501532345753868,1
17.22,-1.91224164548165,-1.4158304516377,-1.57085989792529,-3.2319186077907,-1.11738459896591,-0.0504183739017564,1
17.23,-1.9085424961333,-1.41546287836171,-1.56707654786307,-3.235952562656,-1.11369317380145,-0.0506843961658374,1
17.24,-1.90484446340335,-1.41512042778736,-1.56326970299384,-3.23998361562974,-1.11000289103979,-0.0509513054340677,1
17.25,-1.9011476526503,-1.41480311801027,-1.55943931014259,-3.24401179600663,-1.10631385615791,-0.0512191057659315,1
17.26,-1.89745216946247,-1.41451096715491,-1.5555853140827,-3.2480371351221,-1.10262617486233,-0.0514878012134752,1
17.27,-1.89375811964139,-1.41424399340205,-1.55170765749635,-3.25205966636519,-1.09893995307262,-0.0517573958208178,1
17.28,-1.89006560918513,-1.41400221501667,-1.54780628093405,-3.25607942519192,-1.09525529690462,-0.0520278936236611,1
17.29,-1.88637474427142,-1.41378565037629,-1.54388112277329,-3.26009644913914,-1.09157231265358,-0.0522992986487964,1
17.3,-1.88258031593535,-1.41356589692507,-1.54005942035019,-3.26400828034937,-1.08778601764969,-0.0525794042867609,1
17.31,-1.87814361760927,-1.41319755821121,-1.53699403341284,-3.26728858924941,-1.08335887047819,-0.0529083371028925,1
17.32,-1.87371089248437,-1.41285501240555,-1.53390519446817,-3.27056468288322,-1.07893573287817,-0.0532385207993543,1
17.33,-1.86928232924758,-1.41253829200353,-1.53079287234342,-3.27383655175435,-1.07451679369934,-0.0535699609485881,1
17.34,-1.86485811648006,-1.41224742866579,-1.52765703448186,-3.2771041886602,-1.07010224168454,-0.0539026630810602,1
17.35,-1.86043844262389,-1.41198245323875,-1.52449764691355,-3.28036758870287,-1.06569226543631,-0.0542366326840521,1
17.36,-1.85602349593402,-1.41174339576938,-1.52131467422503,-3.28362674930662,-1.06128705336877,-0.0545718752003957,1
17.37,-1.85161346442997,-1.41153028552067,-1.51810807952849,-3.28688167023526,-1.0568867936593,-0.0549083960272144,1
17.38,-1.84720853584738,-1.41134315098761,-1.51487782443037,-3.29013235360962,-1.05249167420008,-0.0552462005146676,1
17.39,-1.84280889758942,-1.41118201991375,-1.51162386899929,-3.29337880392497,-1.04810188254941,-0.0555852939647015,1
17.4,-1.83841473667807,-1.41104691930846,-1.50834617173332,-3.29662102806848,-1.04371760588299,-0.0559256816298072,1
17.41,-1.83402623970531,-1.41093787546466,-1.5050446895267,-3.29985903533674,-1.03933903094507,-0.0562673687117848,1
17.42,-1.82964359278431,-1.41085491397735,-1.50171937763577,-3.30309283745327,-1.03496634399961,-0.0566103603605166,1
17.43,-1.82526698150054,-1.41079805976262,-1.49837018964419,-3.30632244858609,-1.03059973078134,-0.0569546616727494,1
17.44,-1.82089659086295,-1.41076733707748,-1.49499707742757,-3.30954788536537,-1.02623937644689,-0.0573002776908855,1
17.45,-1.81653260525509,-1.4107627695402,-1.49159999111716,-3.31276916690109,-1.02188546552594,-0.057647213401786,1
17.46,-1.81217520838644,-1.41078438015147,-1.48817887906287,-3.3159863148008,-1.01753818187243,-0.0579954737355833,1
17.47,-1.80782458324373,-1.41083219131618,-1.48473368779549,-3.3191993531875,-1.01319770861592,-0.0583450635645083,1
17.48,-1.80348091204247,-1.41090622486594,-1.48126436198799,-3.32240830871755,-1.00886422811304,-0.0586959877017283,1
17.49,-1.79914437617861,-1.41100650208237,-1.47777084441605,-3.32561321059876,-1.00453792189914,-0.0590482509002005,1
17.5,-1.79481515618042,-1.41113304372104,-1.4742530759176,-3.32881409060852,-1.00021897064011,-0.0594018578515383,1
17.51,-1.79049343166058,-1.41128587003628,-1.47071099535156,-3.33201098311216,-0.995907554084484,-0.0597568131848956,1
17.52,-1.78617938126857,-1.41146500080669,-1.46714453955546,-3.3352039250814,-0.991603851015762,-0.0601131214658645,1
17.53,-1.78233079778122,-1.41178193710752,-1.46301937250215,-3.33883673132496,-0.987764547753798,-0.0604326823619007,1
17.54,-1.77907915275529,-1.41226884301884,-1.45817723861682,-3.34304224857653,-0.984520780273822,-0.0607039410108596,1
17.55,-1.77583116342399,-1.41278125337449,-1.45330885126868,-3.34724730289636,-0.981280693632377,-0.0609760640530361,1
17.56,-1.77258690564309,-1.4133191990795,-1.4484140540632,-3.3514520158958,-0.97804436377168,-0.0612490544373331,1
17.57,-1.76934645505612,-1.41388271264866,-1.44349268629811,-3.35565651191078,-0.974811866421191,-0.0615229150992211,1
17.58,-1.76610988706391,-1.41447182825472,-1.43854458286699,-3.35986091805015,-0.971583277067316,-0.0617976489604691,1
17.59,-1.76287727681352,-1.41508658178625,-1.43356957415437,-3.36406536424323,-0.968358670942271,-0.0620732589288598,1
17.6,-1.75964869918712,-1.41572701090697,-1.42856748592734,-3.36826998328932,-0.965138123012985,-0.0623497478979065,1
17.61,-1.75642422879096,-1.41639315511674,-1.42353813922334,-3.37247491090923,-0.961921707970039,-0.062627118746572,1
17.62,-1.75320393994435,-1.41708505581429,-1.41848135023426,-3.37668028579906,-0.95870950021666,-0.0629053743389894,1
17.63,-1.74998790666867,-1.41780275636171,-1.41339693018632,-3.38088624968607,-0.95550157385774,-0.0631845175241856,1
17.64,-1.74677620267653,-1.41854630215084,-1.40828468521596,-3.38509294738695,-0.952298002688925,-0.0634645511358065,1
17.65,-1.74356890136085,-1.41931574067161,-1.40314441624119,-3.38930052686844,-0.949098860185753,-0.0637454779918446,1
17.66,-1.7403660757841,-1.42011112158245,-1.3979759188285,-3.39350913931054,-0.945904219492847,-0.0640273008943704,1
17.67,-1.74301526904905,-1.42101723121783,-1.39353744494071,-3.39717767803995,-0.948546640004576,-0.0637941007576462,1
17.68,-1.7469639993073,-1.42196868094127,-1.38923907657792,-3.40072569033922,-0.952485322752281,-0.063448141764745,1
17.69,-1.75092542418777,-1.42294689906087,-1.38491384355698,-3.40427220678679,-0.95643672430884,-0.0631030131041977,1
17.7,-1.75489942252933,-1.42395190600126,-1.38056159671025,-3.40781735360997,-0.960400723572061,-0.062758716848937,1
17.71,-1.75888587093242,-1.424983722933,-1.37618218292267,-3.41136126037349,-0.964377197199101,-0.0624152549905164,1
17.72,-1.76288464385095,-1.42604237184959,-1.37177544507834,-3.41490405995811,-0.968366019698227,-0.0620726294375997,1
17.73,-1.76689561361572,-1.42712787562844,-1.36734122196264,-3.41844588859794,-0.972367063452157,-0.0617308420156617,1
17.74,-1.77091865045876,-1.42824025809349,-1.36287934816126,-3.42198688591907,-0.976380198742437,-0.0613898944667211,1
17.75,-1.77495362253876,-1.4293795440796,-1.35838965395578,-3.42552719497979,-0.980405293774853,-0.0610497884491051,1
17.76,-1.7790003959675,-1.43054575949893,-1.35387196521587,-3.42906696231234,-0.984442214705852,-0.0607105255372461,1
17.77,-1.78305883483728,-1.43173893140903,-1.34932610328783,-3.4326063379663,-0.98849082566995,-0.0603721072215122,1
17.78,-1.7871288012493,-1.4329590880831,-1.3447518848793,-3.43614547555379,-0.992550988808151,-0.0600345349080682,1
17.79,-1.7913424779947,-1.4341757727986,-1.34034766326349,-3.43952238999779,-0.996754570779032,-0.059686922613482,1
17.8,-1.79575859365919,-1.43537572469982,-1.3362009885048,-3.44266517742275,-1.00116016548188,-0.059324632204997,1
17.81,-1.80018711444769,-1.4366028163779,-1.3320265786268,-3.44580666083276,-1.00557819527955,-0.0589633714119223,1
17.82,-1.80462785560977,-1.43785706151162,-1.32782427214495,-3.44894698773877,-1.01000847544296,-0.05860314101535,1
17.83,-1.80908063006146,-1.43913847448593,-1.32359390347098,-3.45208630923363,-1.01445081890626,-0.0582439416835563,1
17.84,-1.81354524844389,-1.44044707046438,-1.31933530280871,-3.45522478002319,-1.01890503632549,-0.0578857739726966,1
17.85,-1.81802151917559,-1.44178286546156,-1.31504829604659,-3.45836255846074,-1.02337093613083,-0.057528638327104,1
17.86,-1.8225092485059,-1.44314587641752,-1.31073270464646,-3.46149980658303,-1.02784832458006,-0.0571725350796357,1
17.87,-1.82694497187199,-1.44427800680203,-1.30754539178588,-3.46373520437655,-1.03227388173058,-0.0568224445260397,1
17.88,-1.83096449651018,-1.44370920470897,-1.31207504929261,-3.45993569067898,-1.0362842404186,-0.0565067979522863,1
17.89,-1.83498839486646,-1.44316733747371,-1.31657529484782,-3.45613697820391,-1.0402990063906,-0.0561923055799557,1
17.9,-1.83901652377096,-1.44265233038525,-1.32104631805122,-3.45233895868019,-1.04431803633855,-0.0558789626847375,1
17.91,-1.84304873987055,-1.44216411021924,-1.32548830352618,-3.44854152738161,-1.04834118677032,-0.0555667645131999,1
17.92,-1.8470848996292,-1.44170260515708,-1.32990143109848,-3.44474458302749,-1.05236831401004,-0.0552557062827116,1
17.93,-1.85112485935889,-1.44126774472437,-1.33428587591935,-3.44094802771985,-1.05639927422903,-0.0549457831822852,1
17.94,-1.85516847525028,-1.4408594597313,-1.33864180858441,-3.43715176688273,-1.06043392347651,-0.0546369903734209,1
17.95,-1.8592156034034,-1.44047768221499,-1.34296939524878,-3.43335570920347,-1.06447211771033,-0.0543293229909538,1
17.96,-1.86326609985811,-1.44012234538359,-1.34726879773838,-3.42955976657591,-1.0685137128274,-0.054022776143899,1
17.97,-1.86731982062442,-1.4397933835622,-1.35154017365769,-3.42576385404541,-1.0725585646941,-0.0537173449163004,1
17.98,-1.87137662171268,-1.43949073214045,-1.35578367649405,-3.42196788975562,-1.07660652917643,-0.0534130243680771,1
17.99,-1.87543635916351,-1.43921432752163,-1.35999945571868,-3.41817179489696,-1.08065746217004,-0.0531098095358703,1
18,-1.87949888907761,-1.43896410707352,-1.36418765688454,-3.41437549365669,-1.08471121963,-0.0528076954338901,1
18.01,-1.88356406764534,-1.43874000908052,-1.36834842172107,-3.41057891317053,-1.0887676576004,-0.0525066770547597,1
18.02,-1.887631751176,-1.43854197269739,-1.37248188822617,-3.40678198347578,-1.09282663224372,-0.0522067493703595,1
18.03,-1.88590066876989,-1.43936787418156,-1.36678094427434,-3.41159828786205,-1.09109925157329,-0.0523342345881573,0
18.04,-1.88399982836856,-1.44024878075653,-1.36076191772644,-3.41667156242515,-1.0892024835971,-0.0524744858186644,0
18.05,-1.88209854928601,-1.44115566262056,-1.354710697911,-3.42175067494867,-1.08730528597323,-0.0526150478576618,0
18.06,-1.88019684419502,-1.44208862861915,-1.34862693681962,-3.42683586322183,-1.08540767140641,-0.0527559218025232,0
18.07,-1.8782947258129,-1.44304779220957,-1.34251027695547,-3.43192736990735,-1.08350965264601,-0.0528971087537608,0
18.08,-1.87639220690064,-1.44403327159864,-1.33636035106067,-3.43702544267627,-1.08161124248518,-0.0530386098150503,0
18.09,-1.87448930026258,-1.44504518989071,-1.330176781807,-3.44213033436921,-1.07971245376047,-0.0531804260932288,0
18.1,-1.872586018746,-1.44608367524188,-1.32395918147315,-3.44724230316505,-1.07781329935152,-0.0533225586982915,0
18.11,-1.87068237524083,-1.44714886102064,-1.31770715160779,-3.45236161275704,-1.07591379218066,-0.0534650087433898,0
18.12,-1.86877838267922,-1.44824088597556,-1.31142028267773,-3.45748853253717,-1.07401394521258,-0.0536077773448277,0
18.13,-1.86687405403521,-1.44935989441011,-1.30509815370026,-3.46262333778887,-1.07211377145393,-0.0537508656220595,0
18.14,-1.86496940232436,-1.45050603636524,-1.29874033185898,-3.46776630988867,-1.07021328395297,-0.0538942746976859,0
18.15,-1.86306444060336,-1.45167946781003,-1.29234637210203,-3.47291773651732,-1.06831249579916,-0.0540380056974515,0
18.16,-1.86115918196961,-1.45288035084095,-1.28591581672183,-3.47807791188083,-1.06641142012283,-0.054182059750241,0
18.17,-1.86129883909884,-1.45371114485793,-1.28229108447191,-3.48087695843988,-1.06655077031586,-0.0541714893934827,1
18.18,-1.8662330858769,-1.45365353463777,-1.28527217584138,-3.47813259595222,-1.07147420370232,-0.0537990935565916,1
18.19,-1.871173337034,-1.45361898404106,-1.28823208098971,-3.47538401396118,-1.07640368637553,-0.0534282420730357,1
18.2,-1.87557456327476,-1.45331060131997,-1.29219776077985,-3.471882063697,-1.08079536722663,-0.053099510433529,1
18.21,-1.87994127319656,-1.45300797026548,-1.29620704804401,-3.46832756537442,-1.08515265075944,-0.0527748753943175,1
18.22,-1.88359958249528,-1.45243753933527,-1.3010917789477,-3.46413924214992,-1.08880309625348,-0.0525040528945754,1
18.23,-1.88679034029816,-1.45173558101306,-1.30637599970475,-3.45966575098641,-1.09198701980352,-0.0522686863488954,1
18.24,-1.88625611530911,-1.45036225489066,-1.31244539864596,-3.45495155247729,-1.09145393716838,-0.0523080282309659,1
18.25,-1.88059873077562,-1.44958632378907,-1.31243203433236,-3.45554696584601,-1.08580869285572,-0.0527261275126223,1
18.26,-1.8751168418156,-1.44905368174763,-1.31148290609596,-3.45683777534202,-1.08033863638201,-0.0531336260847026,1
18.27,-1.86980480342776,-1.44875876050747,-1.30962094540725,-3.45880665941544,-1.07503813005881,-0.053530775969008,1
18.28,-1.86446569660605,-1.44845645799192,-1.30787157804687,-3.46066640765048,-1.06971068095308,-0.0539322506130604,1
18.29,-1.85901165552467,-1.44805996794366,-1.30658614721397,-3.46214916707895,-1.06426861907947,-0.0543447942933081,1
18.3,-1.85352747000626,-1.44761638228426,-1.30559497341759,-3.46338045645023,-1.05879655222108,-0.054762137682157,1
18.31,-1.84791043952895,-1.4469307068711,-1.3057398543411,-3.46370947398104,-1.05319201155981,-0.055192259998729,1
18.32,-1.84296633136692,-1.44581222925243,-1.30831882901341,-3.46205970591855,-1.04825896312452,-0.0555731305607458,1
18.33,-1.84013291329172,-1.44436357433405,-1.31358638402799,-3.4581311143745,-1.0454319116373,-0.0557923795333895,1
18.34,-1.84095669782985,-1.44301943724413,-1.32032035503738,-3.45277330229554,-1.0462538421289,-0.0557285310368833,1
18.35,-1.84178004576215,-1.44170213188521,-1.32701804924711,-3.44742476672138,-1.04707534052732,-0.0556648378063759,1
18.36,-1.84469969940968,-1.44089232352294,-1.3324975818126,-3.44286752340186,-1.04998844658104,-0.0554393549533332,1
18.37,-1.84901546335794,-1.44081997585675,-1.33526167735289,-3.44034031657054,-1.0542945720232,-0.0551074272292317,1
18.38,-1.85462806706757,-1.44154136891578,-1.33498544099527,-3.44010609574578,-1.05989471128408,-0.0546781779291084,1
18.39,-1.86016947782416,-1.4421748289343,-1.33519586271534,-3.43946713460791,-1.06542389232127,-0.0542570092823214,1
18.4,-1.8654407135142,-1.44244666789576,-1.33710864271718,-3.43747440498449,-1.07068356389177,-0.0538587600241665,1
18.41,-1.8647511760447,-1.44148291271597,-1.34142811276624,-3.4340937810845,-1.06999553477344,-0.0539107053222167,1
18.42,-1.86073040767255,-1.440087811624,-1.3458472282713,-3.43092334621682,-1.06598358840189,-0.0542145204536725,1
18.43,-1.8551122984103,-1.43935576442584,-1.34605358668599,-3.43124159303423,-1.06037787092895,-0.0546412707754807,1
18.44,-1.8499285869783,-1.43901097464291,-1.34468959986417,-3.43275594651458,-1.05520566239919,-0.0550374067986777,1
18.45,-1.84531934392975,-1.43917594121057,-1.3412268186724,-3.43587841936832,-1.05060670431155,-0.0553915972692148,1
18.46,-1.84144201449133,-1.43962170672935,-1.33689092146142,-3.43961923564233,-1.04673806874555,-0.0556909926727065,1
18.47,-1.83874628343048,-1.44050687705667,-1.33114937162433,-3.44437081586989,-1.04404840509655,-0.0558999383976462,1
18.48,-1.83644392321702,-1.44150625838423,-1.32515938288283,-3.44927127105881,-1.04175124197846,-0.0560789121258808,1
18.49,-1.8350873566249,-1.4427434496431,-1.31861455498983,-3.45452550945219,-1.0403977440956,-0.056184589811695,1
18.5,-1.83401925013437,-1.4440471134327,-1.31199180168113,-3.45980240870651,-1.03933205721788,-0.0562679143140299,1
18.51,-1.83468930596598,-1.44561605221715,-1.30507887991722,-3.46517289949663,-1.04000059420167,-0.0562156096029083,1
18.52,-1.83831677781607,-1.44691018147253,-1.30093977445837,-3.46816033595518,-1.04361986794431,-0.055933289625215,1
18.53,-1.84379271318991,-1.4478006866716,-1.29962766358885,-3.46879423774597,-1.0490834920095,-0.0555093199782008,1
18.54,-1.84940759039072,-1.44849954843814,-1.29934889909239,-3.4685883709261,-1.05468582565219,-0.0550773491591146,1
18.55,-1.8550323309672,-1.44921167837397,-1.2991073938719,-3.4683288947142,-1.06029808042928,-0.0546473643590039,1
18.56,-1.8606644168679,-1.44992210147315,-1.29896990097831,-3.46796396662689,-1.06591774270434,-0.0542195177089929,1
18.57,-1.86630725946523,-1.45065917852564,-1.29880905190169,-3.46759274899462,-1.07154821518379,-0.0537935108480044,1
18.58,-1.86884800882642,-1.45183909977419,-1.29491015734465,-3.47040293462352,-1.07408341961126,-0.0536025513379643,1
18.59,-1.86448968817826,-1.45203090966037,-1.29156108335879,-3.47340331978699,-1.06973461998905,-0.0539304413373998,1
18.6,-1.85940413999568,-1.45197177252047,-1.28901840454303,-3.47581954300498,-1.06466023909197,-0.0543150238891904,1
18.61,-1.85403336918285,-1.4517055152759,-1.28733809068943,-3.47756711145676,-1.05930133037652,-0.0547235319831847,1
18.62,-1.84867161138207,-1.45146601124826,-1.28563337672303,-3.47930954730453,-1.05395148624514,-0.0551338133779002,1
18.63,-1.84342293892186,-1.45135042918741,-1.28352552188073,-3.48133240636523,-1.04871454664267,-0.0555378652876446,1
18.64,-1.8381842091362,-1.45126258721644,-1.28138943143491,-3.48335309209544,-1.04348759828164,-0.0559435869833408,1
18.65,-1.83785601792194,-1.45244699043393,-1.27604328004151,-3.48750201123609,-1.04316014738178,-0.0559690814031379,1
18.66,-1.84346736989134,-1.45313235521251,-1.27571767535907,-3.48736003756549,-1.04875887799521,-0.0555344347319365,1
18.67,-1.84881948551135,-1.45338649234073,-1.27723666096594,-3.48579138906651,-1.05409903083301,-0.0551224647113042,1
18.68,-1.85410598867295,-1.45354122632029,-1.27924574506204,-3.4838264575302,-1.05937378900143,-0.0547179921093776,1
18.69,-1.85940103406942,-1.4537227535397,-1.28122996768688,-3.48185688465217,-1.06465714000509,-0.0543152594281254,1
18.7,-1.85463484853755,-1.45307999676908,-1.28155322528967,-3.48199993639681,-1.05990147774153,-0.0546776609158635,0
18.71,-1.84900685700441,-1.45239020574651,-1.28171113381766,-3.48232030412772,-1.05428598484316,-0.0551080875358374,0
18.72,-1.84339047865619,-1.45172722024295,-1.28184559685662,-3.48263429039151,-1.04868215915806,-0.0555403716913603,0
18.73,-1.83778610617434,-1.45109110477523,-1.28195662875776,-3.4829418064125,-1.04309039354489,-0.0559745194163276,0
18.74,-1.83219412975067,-1.45048192152932,-1.28204424338424,-3.48324276656338,-1.03751107836716,-0.0564105365413345,0
18.75,-1.8266149369619,-1.44989973032607,-1.28210845416608,-3.48353708835041,-1.03194460136731,-0.0568484286910816,0
18.76,-1.82104891259757,-1.44934458858344,-1.28214927409977,-3.48382469245692,-1.02639134749462,-0.0572882012809695,0
18.77,-1.81549643848951,-1.4488165512802,-1.28216671574775,-3.48410550278562,-1.02085169873447,-0.0577298595137954,0
18.78,-1.80995789334293,-1.44831567092118,-1.28216079123745,-3.48437944649943,-1.01532603393945,-0.0581734083765526,0
18.79,-1.80443365256942,-1.447841997504,-1.28213151226017,-3.48464645406093,-1.00981472866217,-0.0586188526373414,0
18.8,-1.79892408812199,-1.44739557848741,-1.28207889006954,-3.48490645927025,-1.00431815499029,-0.0590661968423911,0
18.81,-1.79342956833236,-1.4469764587613,-1.2820029354799,-3.48515939930148,-0.998836681383686,-0.0595154453132,0
18.82,-1.78795045775071,-1.44658468061833,-1.28190365886418,-3.48540521473747,-0.993370672514129,-0.0599666021437973,0
18.83,-1.78248711698799,-1.4462202837273,-1.28178107015168,-3.48564384960295,-0.987920489107526,-0.0604196711981287,0
18.84,-1.77703990256109,-1.44588330510829,-1.28163517882548,-3.48587525139596,-0.982486487789012,-0.0608746561075714,0
18.85,-1.7734523744239,-1.44534276561443,-1.28298589195826,-3.48489733384578,-0.978907714250186,-0.0611761128571169,1
18.86,-1.77579578941976,-1.444068204386,-1.28927355127925,-3.4799940005304,-0.981245405885257,-0.06097903423926,1
18.87,-1.77517908009292,-1.44246333862253,-1.29625426147166,-3.4745893652057,-0.980630200396049,-0.0610308175912886,1
18.88,-1.77320934901162,-1.44092667996632,-1.3026185781573,-3.46966930841962,-0.978665283412822,-0.0611965864442935,1
18.89,-1.77013398871409,-1.4394931820817,-1.30828140609678,-3.46529472284954,-0.975597463983349,-0.061456247972938,1
18.9,-1.76552834230167,-1.4384193628922,-1.31195704958371,-3.46247299152454,-0.971003169632889,-0.0618471412921082,1
18.91,-1.76027871551038,-1.43779125707453,-1.31350105333977,-3.46130292656778,-0.965766569632116,-0.0622956979438643,1
18.92,-1.75492426083762,-1.43753468256428,-1.31339905222309,-3.46139835152366,-0.960425499558692,-0.0627565709524828,1
18.93,-1.74961101345614,-1.437433610024,-1.31268703506608,-3.46194635621139,-0.955125633117534,-0.0632173136534783,1
18.94,-1.74435041810842,-1.43745728206553,-1.31150995247789,-3.46283336450265,-0.949878385448916,-0.0636769067333164,1
18.95,-1.73913908367089,-1.43755400674686,-1.31010567826759,-3.46387307881292,-0.944680372988099,-0.0641356104423044,1
18.96,-1.73398834237714,-1.43774037995531,-1.30839956049714,-3.46512420361902,-0.939542897683281,-0.0645923819824039,1
18.97,-1.72900408956552,-1.43808183281094,-1.30610714165133,-3.46681148779511,-0.934571577390196,-0.0650376672795685,1
18.98,-1.72931450003175,-1.43873744254909,-1.30315490641376,-3.46912465074937,-0.934881179487099,-0.0650098340879943,1
18.99,-1.73459553696001,-1.43893274641835,-1.30305273473971,-3.46931053253458,-0.940148523234724,-0.0645383576778207,1
19,-1.73988140557939,-1.43900540635102,-1.30359962745747,-3.46896612243302,-0.945420791159475,-0.064070061035377,1
19.01,-1.74518283209359,-1.43907615885743,-1.30425685449565,-3.46851000380885,-0.950708680696198,-0.0636039537233369,1
19.02,-1.75050704988105,-1.43919251167103,-1.3048098062162,-3.46810966689121,-0.956019405937214,-0.0631393717843967,1
19.03,-1.75585374447698,-1.43935396575762,-1.30526070931409,-3.46776337740257,-0.961352652599505,-0.0626763215713809,1
19.04,-1.76117684050622,-1.43976138762217,-1.30468273587874,-3.46819486474735,-0.966662459283401,-0.062218727727261,1
19.05,-1.76611731246703,-1.44057086892833,-1.30227305770413,-3.47003375879903,-0.97159068412537,-0.0617970172868373,1
19.06,-1.76975586403508,-1.44189248014995,-1.29728601946823,-3.47387286455429,-0.975220268639572,-0.0614882485235779,1
19.07,-1.77115950555794,-1.4433513906135,-1.29114802926212,-3.47861846868572,-0.976620462755204,-0.0613695410684431,1
19.08,-1.7670775109716,-1.44381833401504,-1.287982456922,-3.48112290103003,-0.972548511951149,-0.0617153862447986,1
19.09,-1.76173223832495,-1.44355579449178,-1.28779620930094,-3.48131398466799,-0.96721647615651,-0.0621711771973871,1
19.1,-1.75639720386262,-1.4430547379777,-1.28876042497782,-3.48058970965983,-0.961894750707693,-0.0626294487113256,1
19.11,-1.75110208514879,-1.4425450249846,-1.28986653704173,-3.47973023237782,-0.956612939581765,-0.0630876668855771,1
19.12,-1.74586744338237,-1.44199258877311,-1.29126986371925,-3.47861537648168,-0.951391551332751,-0.0635440189841364,1
19.13,-1.74065163648673,-1.44146780716102,-1.29264940591287,-3.47749369409779,-0.946189048908488,-0.0640021212201662,1
19.14,-1.73540438197888,-1.44105560566065,-1.29361778128184,-3.47666499558132,-0.940955280300555,-0.0644664659573249,1
19.15,-1.73016071522804,-1.44071671847114,-1.29435616325889,-3.47598910050038,-0.935725193540827,-0.0649340458172926,1
19.16,-1.72747288657413,-1.44108146364011,-1.29235052086703,-3.47748726763087,-0.933044352595699,-0.0651746421160199,1
19.17,-1.73229781145886,-1.44181855104365,-1.28975031268093,-3.47960626171978,-0.937856742551267,-0.0647430470911042,1
19.18,-1.737319347922,-1.44247557539272,-1.28761282548865,-3.4813499064491,-0.942865312732115,-0.0642965964567973,1
19.19,-1.74242300278036,-1.44310601947127,-1.2857010627976,-3.48289491639288,-0.947955885649213,-0.0638461592316378,1
19.2,-1.74755532688151,-1.4437534454146,-1.28381391145599,-3.48439601262388,-0.953075150557131,-0.0633965010441017,1
19.21,-1.75275438530779,-1.44437680594521,-1.28213920686298,-3.48570829533952,-0.958261076606311,-0.0629443187605072,1
19.22,-1.7579901861152,-1.44500056582498,-1.2805636266946,-3.48691905845968,-0.963483748725668,-0.0624922593286455,1
19.23,-1.76332401161368,-1.44553371459152,-1.27949892327466,-3.48771049929397,-0.968804297489476,-0.0620350980230856,1
19.24,-1.76871474412402,-1.44585479342229,-1.27946521272727,-3.48768184441585,-0.974181709999254,-0.0615764427403022,1
19.25,-1.77294027369104,-1.44538447832646,-1.28266067606332,-3.48515675348837,-0.978396866625974,-0.0612192623950728,0
19.26,-1.77328666561291,-1.44381249948335,-1.28969177507256,-3.47971393554888,-0.978742410636115,-0.0611900654229556,0
19.27,-1.77363281037587,-1.44226826791768,-1.29668364521879,-3.47428257162761,-0.979087708486905,-0.0611609028493154,0
19.28,-1.77397870819342,-1.44075157537526,-1.30363686119911,-3.46886229534074,-0.979432760389984,-0.0611317746107524,0
19.29,-1.77432435934513,-1.43926222174636,-1.31055198129984,-3.46345274857372,-0.979777566622935,-0.0611026806384492,0
19.3,-1.77466976411014,-1.43780001473796,-1.31742954807666,-3.45805358112578,-0.980122127462886,-0.0610736208637821,0
19.31,-1.77501492320521,-1.43636475204388,-1.3242701201044,-3.45266439712233,-0.980466444604106,-0.0610446289263286,0
19.32,-1.77535983603179,-1.43495629145399,-1.33107414761968,-3.44728496794268,-0.980810515486123,-0.0610156373254826,0
19.33,-1.77570450330626,-1.43357444496958,-1.33784216054868,-3.44191491204398,-0.9811543418038,-0.0609866797175814,0
19.34,-1.77604892565179,-1.43221903534879,-1.34457466826951,-3.43655386595609,-0.981497924951956,-0.0609577826779369,0
19.35,-1.77639310265295,-1.4308899332562,-1.35127209363101,-3.43120159902376,-0.981841262965173,-0.0609288928396574,0
19.36,-1.7767370349326,-1.42958697445415,-1.35793492017391,-3.4258577606025,-0.982184357238726,-0.0609000367913448,0
19.37,-1.77708072276656,-1.42831001473382,-1.36456359460636,-3.4205220482536,-0.982527208046492,-0.0608712144657245,0
19.38,-1.77742416677261,-1.42705890253216,-1.37115857557786,-3.41519412384104,-0.982869816770812,-0.060842452176914,0
19.39,-1.77776736654065,-1.4258335324055,-1.37772023853774,-3.40987377964641,-0.983212181465868,-0.0608136970828555,0
19.4,-1.77811032268813,-1.42463376429542,-1.38424901952498,-3.40456068863221,-0.983554303514427,-0.0607849755107769,0
19.41,-1.7784530357434,-1.42345946727604,-1.39074533739623,-3.39925453978328,-0.983896184012818,-0.0607563070042918,0
19.42,-1.77879550547112,-1.42231054539283,-1.39720954774968,-3.39395511980942,-0.984237821583407,-0.0607276522673417,0
19.43,-1.77913773239926,-1.42118687827548,-1.4036420488827,-3.38866212769363,-0.984579217322685,-0.0606990308533562,0
19.44,-1.77947971680053,-1.42008836052505,-1.41004321161866,-3.38337529807085,-0.98492037150145,-0.0606704426963656,0
19.45,-1.77982145919926,-1.41901488204836,-1.4164134144735,-3.37809433959519,-0.98526128520759,-0.0606419071876108,0
19.46,-1.780162959363,-1.41796636650215,-1.42275297495414,-3.37281905713183,-0.985601957075269,-0.0606133853380711,0
19.47,-1.78050421781551,-1.41694271324217,-1.42906225339875,-3.36754916805822,-0.985942388192352,-0.0605848965487174,0
19.48,-1.78084523516014,-1.4159438232627,-1.43534160671497,-3.36228438414589,-0.986282579906485,-0.0605564664457642,0
19.49,-1.78118601100224,-1.4149696398295,-1.44159131554065,-3.35702454232695,-0.986622530328038,-0.0605280435689137,0
19.5,-1.78152654594483,-1.41402007265598,-1.44781172016625,-3.35176936226387,-0.98696224080503,-0.0604996535570787,0
19.51,-1.7818668402575,-1.41309504831973,-1.45400313024145,-3.34651860778756,-0.987301711605191,-0.0604712963455654,0
19.52,-1.7822068945383,-1.41219448522293,-1.46016586976315,-3.34127200644824,-0.987640944063691,-0.0604429973045716,0
19.53,-1.78254670839793,-1.41131834270843,-1.46630018876387,-3.33602940915244,-0.987979936310652,-0.0604147054881543,0
19.54,-1.78288628243409,-1.41046654706608,-1.47240639640866,-3.33079055038754,-0.988318689681603,-0.0603864462790474,0
19.55,-1.78322561691463,-1.40963904075411,-1.47848477253235,-3.32555520791797,-0.988657204442546,-0.0603582196132717,0
19.56,-1.78356471243211,-1.40883575797258,-1.4845356116839,-3.32032312322161,-0.988995481915556,-0.0603300505989998,0
19.57,-1.78390356860299,-1.40805667261213,-1.49055913656326,-3.3150941594325,-0.989333520251798,-0.0603018888166288,0
19.58,-1.78424218601946,-1.40730172604806,-1.49655562841286,-3.30986806415289,-0.989671320773687,-0.0602737593867063,0
19.59,-1.78458056494764,-1.40657087519038,-1.50252534031484,-3.30464462744744,-0.990008883745516,-0.0602456622459571,0
19.6,-1.7849187056533,-1.40586408036279,-1.50846851908898,-3.29942364222937,-0.990346209431205,-0.0602175973312762,0
19.61,-1.78525660872302,-1.4051812935628,-1.51438542664517,-3.29420486509216,-0.990683299139339,-0.0601895894923199,0
19.62,-1.78559427377878,-1.40452250509907,-1.52027625529985,-3.28898817258474,-0.991020151041724,-0.0601615888293045,0
19.63,-1.78593170140669,-1.40388767338972,-1.5261412552633,-3.28377332657283,-0.991356766447183,-0.0601336202040974,0
19.64,-1.78626889218825,-1.40327676027082,-1.53198067066811,-3.27856009186618,-0.99169314665107,-0.0601057081988347,0
19.65,-1.78660584575176,-1.40268976497088,-1.53779467754441,-3.27334835182356,-0.992029289847822,-0.0600778034504725,0
19.66,-1.78694256267831,-1.40212665535414,-1.54358350915479,-3.26813787608988,-0.992365197333096,-0.0600499305532043,0
19.67,-1.78727904323061,-1.40158741370213,-1.54934737259626,-3.26292847534212,-0.992700869367817,-0.0600220894451333,0
19.68,-1.78761528767103,-1.40107202518376,-1.55508646981748,-3.25771996251811,-0.993036306212533,-0.0599942800645289,0
19.69,-1.78795129657551,-1.40058046668679,-1.560801018148,-3.25251211443991,-0.993371509150448,-0.0599665267533515,0
19.7,-1.78828706957708,-1.40011275125626,-1.5664911687158,-3.24730482502752,-0.993706476394065,-0.0599387806316149,0
19.71,-1.78862260748438,-1.39966885303214,-1.57215714429292,-3.24209784681789,-0.994041209986529,-0.0599110841844667,0
19.72,-1.78895791009149,-1.39924878462586,-1.57779909710691,-3.23689105819908,-0.994375708666482,-0.0598834010796998,0
19.73,-1.78929297789212,-1.39885253659608,-1.58341722020456,-3.23168425403175,-0.994709973452936,-0.059855749396293,0
19.74,-1.78962781114605,-1.39848011031218,-1.58901168698103,-3.2264772596058,-0.995044004603921,-0.0598281290735237,0
19.75,-1.78996241011269,-1.3981315096713,-1.594582666427,-3.22126990208769,-0.995377802377082,-0.0598005400508326,0
19.76,-1.79029677543524,-1.3978067277634,-1.60013034791445,-3.21606196342139,-0.995711368282821,-0.0597730121830659,0
19.77,-1.79063090660335,-1.39750580003976,-1.60565484245474,-3.21085336850227,-0.996044700070296,-0.0597454855654162,0
19.78,-1.79096480425992,-1.39722872436931,-1.61115633111746,-3.2056439027898,-0.996377799250442,-0.0597179900671682,0
19.79,-1.79129846881507,-1.3969755091051,-1.61663497590813,-3.20043338182871,-0.996710666576601,-0.0596905374960814,0
19.8,-1.79163190022113,-1.39674618057539,-1.62209090561401,-3.1952216788607,-0.997043301309119,-0.0596631040515159,0
19.81,-1.79196509888763,-1.39654075169788,-1.62752427439361,-3.19000861270954,-0.997375704201064,-0.0596357015471408,0
19.82,-1.79229806507106,-1.39635924286029,-1.63293522282183,-3.18479402246583,-0.997707875507221,-0.05960832992354,0
19.83,-1.79263079940408,-1.39620166392676,-1.63832391168266,-3.17957770245339,-0.998039816711735,-0.059581018500165,0
19.84,-1.79296330138881,-1.39606806513825,-1.64369042616011,-3.1743595874698,-0.998371525607769,-0.0595537084467219,0
19.85,-1.79329557165758,-1.39595846059012,-1.64903491980335,-3.16913947483472,-0.998703003679965,-0.0595264290967817,0
19.86,-1.79362761046525,-1.39587287924208,-1.65435751860866,-3.16391720964479,-0.99903425118147,-0.059499180391571,0
19.87,-1.79395941806629,-1.39581135210918,-1.65965834509212,-3.15869263842131,-0.999365268365052,-0.0594719622724729,0
19.88,-1.7942909950862,-1.39577389990442,-1.66493754181522,-3.15346556325368,-0.999696056697242,-0.0594448036931399,0
19.89,-1.79462234103532,-1.39576058235526,-1.67019517754036,-3.14823592508836,-1.00002661400043,-0.0594176465574786,0
19.9,-1.79495345653881,-1.39577142406674,-1.67543138821747,-3.14300352872666,-1.00035694174162,-0.0593905198330404,0
19.91,-1.79528434184953,-1.39580646394674,-1.6806462830382,-3.13776822612089,-1.00068704017197,-0.0593634234618398,0
19.92,-1.79561499751353,-1.39586573320003,-1.685839986451,-3.13252983419689,-1.00101691050268,-0.0593363803370067,0
19.93,-1.7959454231953,-1.39594929373011,-1.69101256438355,-3.12728828012615,-1.00134655106229,-0.0593093444882341,0
19.94,-1.79627561944048,-1.39605718039626,-1.69616413509334,-3.12204338336491,-1.00167596306222,-0.0592823388196825,0
19.95,-1.7966055865003,-1.39618943950233,-1.70129479531293,-3.11679500092802,-1.00200514675203,-0.059255363273987,0
19.96,-1.79693532462564,-1.39634611912732,-1.7064046387827,-3.11154299104724,-1.00233410238094,-0.0592284177939349,0
19.97,-1.7972648343572,-1.3965272597904,-1.7114937744212,-3.10628717710973,-1.00266283114807,-0.0592015250417573,0
19.98,-1.79759411536421,-1.39673293169147,-1.71656225383754,-3.10102749181524,-1.0029913314002,-0.0591746395114023,0
19.99,-1.79792316840242,-1.39696317185286,-1.72161019366365,-3.09576373407246,-1.00331960504247,-0.0591478007584639,0
20,-1.79825199328988,-1.39721804892815,-1.7266376492129,-3.09049582048113,-1.00364765091017,-0.0591209749535332,0
20.01,-1.79858059049122,-1.39749761255482,-1.73164471338984,-3.08522358828949,-1.00397546995709,-0.0590941789304947,0
20.02,-1.79890896046889,-1.39780191414802,-1.73663147618434,-3.07994687601699,-1.00430306313124,-0.05906742939855,0
20.03,-1.79923710304281,-1.39813102691219,-1.74159798500118,-3.07466560336031,-1.00463042927603,-0.0590406927627715,0
20.04,-1.79956501867491,-1.39848500536586,-1.74654432449238,-3.06937961106892,-1.00495756933944,-0.0590139857404443,0
20.05,-1.79989270761251,-1.3988639123134,-1.75147056337127,-3.06408876767501,-1.00528448356714,-0.0589873082757178,0
20.06,-1.80022017010253,-1.39926781206091,-1.7563767677585,-3.05879294280153,-1.00561117220446,-0.0589606603128899,0
20.07,-1.80054740667379,-1.39969676170291,-1.76126301865317,-3.05349197178211,-1.0059376364222,-0.0589340639488745,0
20.08,-1.80087441700757,-1.40015084588883,-1.76612934218394,-3.04818579713827,-1.0062638746122,-0.0589074748130904,0
20.09,-1.80120120163223,-1.40063012454191,-1.77097581435821,-3.04287425636085,-1.00658988794545,-0.0588809150129971,0
20.1,-1.80152776079317,-1.40113466771373,-1.77580249124985,-3.03755722337358,-1.00691567666572,-0.0588543844934823,0
20.11,-1.80185409508344,-1.40166453629089,-1.78060944793989,-3.03223452932108,-1.00724124215898,-0.0588279105618486,0
20.12,-1.80218020405111,-1.40221982416966,-1.78539669273755,-3.02690613792702,-1.00756658238196,-0.0588014384261143,0
20.13,-1.80250608828888,-1.4028005948455,-1.79016429597402,-3.02157188247002,-1.00789169872102,-0.0587749954065109,0
20.14,-1.8028317480406,-1.40340692369877,-1.79491230414843,-3.0162316411192,-1.00821659141841,-0.0587485814485073,0
20.15,-1.80315718354974,-1.4040388873767,-1.79964076143339,-3.01088529310324,-1.00854126071603,-0.0587221964977171,0
20.16,-1.80348239540291,-1.4046965536139,-1.80434973075454,-3.00553267523212,-1.00886570798409,-0.0586958675311164,0
20.17,-1.80380738315535,-1.4053800218757,-1.80903920956312,-3.0001737558003,-1.00918993120517,-0.0586695404197369,0
20.18,-1.80413214739331,-1.40608936224224,-1.81370925628947,-2.99480837376066,-1.00951393174985,-0.0586432421532865,0
20.19,-1.80445668835875,-1.4068246561645,-1.81835990604467,-2.98943641259912,-1.00983770985854,-0.0586169726779497,0
20.2,-1.80478100629323,-1.40758598622756,-1.82299119173195,-2.98405775687518,-1.01016126577122,-0.0585907319400537,0
20.21,-1.80510510170947,-1.4083734283,-1.82760316062915,-2.97867225768366,-1.01048460062047,-0.0585645412737291,0
20.22,-1.8054289743049,-1.40918708284731,-1.83219580814038,-2.97327987082062,-1.01080771285881,-0.0585383578404586,0
20.23,-1.80575262459183,-1.4100270278242,-1.83676917725984,-2.96788044957293,-1.01113060361894,-0.0585122029844672,0
20.24,-1.80607605307867,-1.41089334245985,-1.84132330861388,-2.96247384855812,-1.01145327402239,-0.0584860978179044,0
20.25,-1.80639925946809,-1.41178612988522,-1.84585819166448,-2.95706002638399,-1.01177572254044,-0.0584599999475897,0
20.26,-1.80672224426807,-1.4127054712473,-1.85037386287057,-2.95163883991231,-1.01209795029473,-0.0584339304956522,0
20.27,-1.80704500771756,-1.41365145629845,-1.85487034025194,-2.94621018141782,-1.0124199575227,-0.0584078894093973,0
20.28,-1.80736755005515,-1.4146241757011,-1.8593476397769,-2.94077394431655,-1.01274174446138,-0.0583818766362694,0
20.29,-1.80768987151903,-1.41562372099842,-1.86380577537933,-2.93533002317814,-1.01306331134746,-0.0583558921238502,0
20.3,-1.80801197267841,-1.41665017549472,-1.86824477904524,-2.92987827110288,-1.01338465950873,-0.0583299619877228,0
20.31,-1.80833385310764,-1.41770365064428,-1.87266462051887,-2.92441867025669,-1.01370578699711,-0.058304033828085,0
20.32,-1.80865551337557,-1.41878423130226,-1.87706532782894,-2.91895107613979,-1.01402669514076,-0.0582781337727348,0
20.33,-1.80897695371894,-1.41989201223221,-1.88144690693309,-2.9134753880771,-1.01434738417489,-0.0582522617697999,0
20.34,-1.8092981746358,-1.4210270819129,-1.88580937764672,-2.90799147274861,-1.01466785519695,-0.0582264384617638,0
20.35,-1.80961917583847,-1.42218955060365,-1.89015271037986,-2.90249929967958,-1.01498810671542,-0.0582006223991665,0
20.36,-1.80993995782458,-1.42337950809255,-1.89447692110272,-2.89699873808059,-1.01530813982787,-0.0581748342341861,0
20.37,-1.81026052108834,-1.42459704504958,-1.89878202365183,-2.89148965863619,-1.01562795562214,-0.0581490944078764,0
20.38,-1.81058086534649,-1.42584227321616,-1.90306798309037,-2.88597203430138,-1.01594755262273,-0.0581233618749491,0
20.39,-1.8109009910928,-1.42711528437081,-1.90733480949074,-2.88044573841114,-1.01626693191755,-0.058097657086047,0
20.4,-1.81122089856145,-1.4284161776773,-1.91158249541123,-2.87491067928864,-1.01658609373932,-0.0580719799902329,0
20.41,-1.81154058798628,-1.42974505279126,-1.91581103154847,-2.86936676662679,-1.01690503832039,-0.0580463305367034,0
20.42,-1.81186005960075,-1.43110200982427,-1.92002040674953,-2.86381391151192,-1.01722376589275,-0.0580207086747868,0
20.43,-1.81217931363796,-1.43248714930738,-1.9242106080239,-2.85825202644842,-1.01754227668804,-0.0579951143539427,0
20.44,-1.81249835071363,-1.43390056256625,-1.9283816435249,-2.85268097512436,-1.0178605722022,-0.0579695778849207,0
20.45,-1.81281717029376,-1.43534237011164,-1.93253345064955,-2.8471007734392,-1.01817865013558,-0.0579440384813946,0
20.46,-1.81313577299379,-1.43681266384253,-1.93666603396644,-2.84151128808501,-1.01849651198466,-0.0579185264681169,0
20.47,-1.81345838591931,-1.43831171483341,-1.94077832993458,-2.83591348907797,-1.01881837502864,-0.0578927034620599,1
20.48,-1.81558508869641,-1.43991156572751,-1.94442562734165,-2.83075527413911,-1.02094014349065,-0.0577227845427617,1
20.49,-1.81771241197657,-1.44154000620361,-1.94805252200084,-2.82558838487955,-1.02306254327015,-0.0575532375137017,1
20.5,-1.81984033561849,-1.44319709436344,-1.95165898819536,-2.8204127660082,-1.02518555477401,-0.0573840812623328,1
20.51,-1.82196883923384,-1.44488289371243,-1.9552449836142,-2.81522839790289,-1.02730915757792,-0.0572153145568284,1
20.52,-1.82410721050312,-1.44659727252722,-1.9588066008688,-2.81003970009076,-1.02944261797749,-0.0570462009784249,1
20.53,-1.826355546893,-1.44833818830164,-1.96230221568928,-2.80489438324404,-1.03168580454186,-0.0568688580423091,1
20.54,-1.82860457483151,-1.45010796884919,-1.96577711151372,-2.79974036345401,-1.03392969489591,-0.0566919361026321,1
20.55,-1.83085427022179,-1.45190666966968,-1.96923123936082,-2.79457763595562,-1.03617426490318,-0.056515433802722,1
20.56,-1.83310460898296,-1.45373434513548,-1.97266454895342,-2.78940619840765,-1.03841949044324,-0.0563393497870235,1
20.57,-1.83565752793345,-1.45557875092237,-1.97593777373,-2.78438945831431,-1.0409666250179,-0.0561401525755122,1
20.58,-1.83825021499583,-1.4574505381865,-1.97917192254617,-2.77938522994869,-1.04355345525521,-0.0559384597325074,1
20.59,-1.84084401310657,-1.45935131067347,-1.98238473832025,-2.77437263706027,-1.04614141167776,-0.0557372874769306,1
20.6,-1.84343888499826,-1.4612811033797,-1.98557616300529,-2.7693517050407,-1.04873045696675,-0.055536634048265,1
20.61,-1.84603479341814,-1.46323994966992,-1.98874613747382,-2.7643224619976,-1.05132055381803,-0.0553364976855019,1
20.62,-1.84864969899328,-1.46522669701572,-1.99188533190343,-2.75929607528078,-1.05392962269376,-0.0551354952089101,1
20.63,-1.85142416053478,-1.46723208131053,-1.99492125119839,-2.75435958207968,-1.05669791031113,-0.0549228787654071,1
20.64,-1.85419985153747,-1.46926650434762,-1.99793533750453,-2.74941509090015,-1.05946744396261,-0.0547108323178168,1
20.65,-1.85697672642018,-1.47132998405362,-2.00092752657296,-2.74446265076627,-1.06223817800872,-0.0544993538699375,1
20.66,-1.85975473962305,-1.47342253634965,-2.00389775324683,-2.73950231362128,-1.06501006683131,-0.0542884414241528,1
20.67,-1.86253384561437,-1.47554417510665,-2.00684595147813,-2.73453413435534,-1.06778306484029,-0.0540780929814398,1
20.68,-1.86531399889484,-1.47769491209908,-2.00977205434652,-2.72955817083284,-1.07055712647801,-0.0538683065414787,1
20.69,-1.86818316289454,-1.47986724237599,-2.01262755262882,-2.72463359426725,-1.07342002316263,-0.0536524694987154,1
20.7,-1.8711110345577,-1.48206367910048,-2.01542900361552,-2.71974018282399,-1.07634151934516,-0.0534329066411158,1
20.71,-1.87404005598812,-1.48428911178034,-2.01820798266326,-2.71483939642226,-1.07926418287685,-0.0532139485287422,1
20.72,-1.87697017405957,-1.4865435356311,-2.02096441930172,-2.70993131336697,-1.0821879605669,-0.0529955929492254,1
20.73,-1.87990133569642,-1.48882694344605,-2.02369824236539,-2.70501601508746,-1.08511279927507,-0.0527778376881585,1
20.74,-1.88283348788006,-1.49113932555403,-2.02640938001381,-2.70009358615917,-1.08803864591803,-0.052560680529208,1
20.75,-1.88581906084924,-1.49347496404291,-2.0290669221844,-2.69520244358843,-1.09101781832668,-0.0523402502371327,1
20.76,-1.88893830934673,-1.49582500972124,-2.0316235807227,-2.69040138845807,-1.09413040086901,-0.0521106791826071,1
20.77,-1.89205868120431,-1.49820378322371,-2.0341571138676,-2.68559379647732,-1.09724412579899,-0.0518817626369597,1
20.78,-1.89518011261179,-1.50061125410144,-2.03666744768324,-2.68077977555383,-1.10035892923326,-0.0516534980935154,1
20.79,-1.89830253984357,-1.50304738913397,-2.03915450777838,-2.67595943683133,-1.10347474737296,-0.0514258830424964,1
20.8,-1.90143701175849,-1.50551042288818,-2.04161091267393,-2.67114229172868,-1.10660260559312,-0.0511981087167181,1
20.81,-1.90495989035808,-1.50794152490144,-2.04378906240363,-2.66664686971206,-1.11011807566559,-0.0509429596290345,1
20.82,-1.90848422663457,-1.51040064625746,-2.0459432369925,-2.66214625267541,-1.11363502619921,-0.0506885942936567,1
20.83,-1.91200992862793,-1.51288771858252,-2.04807336346996,-2.65764058658976,-1.11715336514063,-0.0504350095157254,1
20.84,-1.91684940442337,-1.51454317981196,-2.04836849975059,-2.65584116030008,-1.12198277525173,-0.0500883441474219,1
20.85,-1.92222283628595,-1.51587883629678,-2.04791008840637,-2.655129185622,-1.12734508560007,-0.0497053137056565,1
20.86,-1.92760290882997,-1.51723986924198,-2.04742619909202,-2.65441482608224,-1.13271407956083,-0.0493237598109772,1
20.87,-1.93296147680477,-1.51843496304788,-2.04665514381233,-2.65415027429759,-1.13806166854704,-0.0489456340699702,1
20.88,-1.93822623902273,-1.51896523005682,-2.04491403068208,-2.65551527061965,-1.14331569672758,-0.0485759428013297,1
20.89,-1.94349778153932,-1.51952161774924,-2.04314885428227,-2.65687590789176,-1.1485765427977,-0.0482075444069235,1
20.9,-1.94877578723994,-1.52010400599795,-2.04135966688707,-2.65823226160332,-1.15384388952183,-0.0478404347620715,1
20.91,-1.95405993849803,-1.52071227222039,-2.03954652103874,-2.65958440962456,-1.15911741914905,-0.047474609627275,1
20.92,-1.95934991729783,-1.52134629146419,-2.03770946953199,-2.66093243213278,-1.16439681353601,-0.0471100646502731,1
20.93,-1.96464540534909,-1.52200593648611,-2.03584856539292,-2.66227641155063,-1.16968175426167,-0.0467467953683247,1
20.94,-1.96994608420127,-1.52269107783127,-2.03396386185789,-2.66361643248392,-1.17497192274157,-0.0463847972105215,1
20.95,-1.97529811513469,-1.52433127494296,-2.03340850229102,-2.6626710009938,-1.18031338856728,-0.0460209122539293,1
20.96,-1.98065873542337,-1.52610744172264,-2.03299088807956,-2.66144967126962,-1.18566347330622,-0.0456580437604578,1
20.97,-1.98602193233547,-1.52790726496469,-2.03254783668278,-2.66022780117831,-1.19101617528279,-0.0452965725726827,1
20.98,-1.99136769286867,-1.52974752647146,-2.03211572594431,-2.65895176051171,-1.19635151957855,-0.0449378104411834,1
20.99,-1.99605391273604,-1.53218050614748,-2.03287823451568,-2.65587016838014,-1.20102864424439,-0.0446245469937831,1
21,-2.00074022114085,-1.5346374071529,-2.03361514947593,-2.65278847721865,-1.20570589022543,-0.0443124114074131,1
21.01,-2.00542641230871,-1.53711805864412,-2.03432643723519,-2.64970690098648,-1.2103830515717,-0.0440013976576416,1
21.02,-2.01023505963437,-1.53955861474074,-2.03484776329815,-2.64685645209886,-1.21518246617627,-0.0436833943555376,1
21.03,-2.01508050087561,-1.54200306529393,-2.03529364833358,-2.64407655928157,-1.22001863731639,-0.0433641024729593,1
21.04,-2.01992539141197,-1.54447045751102,-2.03571376916313,-2.64129764156776,-1.22485429158217,-0.0430459747442705,1
21.05,-2.02476950723202,-1.5469606052278,-2.03610810350924,-2.63851991782178,-1.22968920477244,-0.0427290046631699,1
21.06,-2.02857213829384,-1.54925064608076,-2.03683236757076,-2.63558815278635,-1.23348463391449,-0.0424809451574173,1
21.07,-2.02466707733511,-1.54991684676315,-2.04016920858896,-2.63150033250968,-1.22958696913861,-0.0427356957536962,1
21.08,-2.02076438795299,-1.55061164209289,-2.04348538461742,-2.62740346184761,-1.22569169195013,-0.0429909971475165,1
21.09,-2.01672979557241,-1.55097321603966,-2.04638867815706,-2.62404855191132,-1.22166478415862,-0.0432556800572435,1
21.1,-2.01168211850446,-1.54862919709545,-2.04630941895644,-2.62635739016823,-1.21662675312276,-0.0435879205715926,1
21.11,-2.00663440279393,-1.54630772817227,-2.04620425888156,-2.62866757539974,-1.2115887195592,-0.0439214038006039,1
21.12,-2.00158690610541,-1.54400900233184,-2.04607320896349,-2.63097889233984,-1.20655094133301,-0.0442561366243004,1
21.13,-1.99653988739749,-1.54173321072698,-2.04591628132518,-2.63329112661122,-1.20151367760233,-0.0445921258832153,1
21.14,-1.99149360683538,-1.53948054251799,-2.0457334891777,-2.63560406481567,-1.19647718873075,-0.0449293783766626,1
21.15,-1.98801153712245,-1.53685070261386,-2.04410301457178,-2.63977862812185,-1.19300189816394,-0.0451628698683925,1
21.16,-1.98514429816908,-1.53403763525705,-2.04181756215934,-2.64480579248662,-1.19014025542022,-0.0453556174711889,1
21.17,-1.98198714617272,-1.5312609220029,-2.03968317037339,-2.6496375440766,-1.18698928034228,-0.045568365652582,1
21.18,-1.97882923463176,-1.52851120274034,-2.03752460334958,-2.65446563214122,-1.1838375629669,-0.0457817073347002,1
21.19,-1.97536365161338,-1.52605849502405,-2.0359074417647,-2.65844653355957,-1.18037879596421,-0.0460164663809321,1
21.2,-1.97002451707758,-1.52528134346523,-2.03772209752029,-2.65726999160409,-1.17505020044908,-0.0463794528760976,1
21.21,-1.96469020151422,-1.52452938598308,-2.03951281761395,-2.65608990688561,-1.16972646140641,-0.0467437293358108,1
21.22,-1.95936102923375,-1.52380275714769,-2.04127955012561,-2.65490618786431,-1.16440790328956,-0.0471093006507382,1
21.23,-1.95403732450327,-1.52310158935339,-2.04302224340995,-2.65371874508139,-1.15909485050575,-0.0474761716041889,1
21.24,-1.9487194114649,-1.52242601276529,-2.04474084611611,-2.65252749119696,-1.15378762733402,-0.0478443468700124,1
21.25,-1.9434270756562,-1.52181560617534,-2.0464820360206,-2.65124671745814,-1.14850598004715,-0.0482124740750053,1
21.26,-1.93819273159795,-1.52133567062531,-2.0483229187572,-2.64973496880988,-1.14328225745599,-0.0485782900724464,1
21.27,-1.93296518614908,-1.52088198462854,-2.05013982800981,-2.64821867801233,-1.13806537031034,-0.0489453729707107,1
21.28,-1.92774474930606,-1.52045466231526,-2.05193270918026,-2.64669777841528,-1.13285562871822,-0.0493137265684551,1
21.29,-1.92252026190126,-1.51932876150871,-2.05269031410926,-2.64690810390095,-1.127641897289,-0.049684169716315,1
21.3,-1.91729298591734,-1.51766443451026,-2.05263596410484,-2.64846618689674,-1.12242543648667,-0.0500566500526487,1
21.31,-1.91207170390893,-1.5160255399917,-2.05255588610128,-2.65002218620351,-1.11721501163629,-0.0504305741291018,1
21.32,-1.90781789888619,-1.51385612927087,-2.05125359038087,-2.65335920409663,-1.11297009286703,-0.0507366181286399,1
21.33,-1.90409380178223,-1.51140908470532,-2.0492705409981,-2.65766995796585,-1.10925380604559,-0.0510056044126893,1
21.34,-1.9003715895006,-1.50898979739466,-2.04726318340214,-2.66197598387653,-1.10553942902813,-0.0512754500181269,1
21.35,-1.8966513712986,-1.50659834746752,-2.04523158903999,-2.66627712509218,-1.10182707117505,-0.0515461584730428,1
21.36,-1.89308367259636,-1.50420876519179,-2.04307574096491,-2.67070437338652,-1.09826693842049,-0.0518067268040057,1
21.37,-1.89008193286132,-1.50174993473163,-2.04052064875545,-2.67561788614112,-1.0952715857935,-0.0520266955658595,1
21.38,-1.88708110914573,-1.49932000447265,-2.03794240144829,-2.6805247870283,-1.09227716698242,-0.0522472765040345,1
21.39,-1.88408125805122,-1.49691900080599,-2.0353410746782,-2.68542497079259,-1.0892837386565,-0.052468471933956,1
21.4,-1.88108243626278,-1.49454694738249,-2.0327167435455,-2.69031833546065,-1.08629135756823,-0.0526902841686878,1
21.41,-1.87808470053414,-1.49220386514881,-2.03006948260245,-2.69520478231884,-1.08330008053876,-0.0529127155189864,1
21.42,-1.87508810768169,-1.48988977238769,-2.02739936583079,-2.70008421589577,-1.08030996445188,-0.0531357682931412,1
21.43,-1.87209271457845,-1.48760468475861,-2.02470646661961,-2.70495654394401,-1.07732106624787,-0.0533594447968142,1
21.44,-1.86919356229861,-1.48533915945373,-2.02193806869626,-2.70988731666635,-1.07442822012706,-0.0535766205672719,1
21.45,-1.86639389374214,-1.48309298830248,-2.01909250215344,-2.71487861027488,-1.07163466013799,-0.0537869908360277,1
21.46,-1.86359524669784,-1.48087601144692,-2.01622459674222,-2.71986226157123,-1.06884213807861,-0.0539979257977321,1
21.47,-1.8607976675486,-1.47868822443639,-2.0133344228298,-2.72483820188285,-1.06605070039082,-0.054209427473525,1
21.48,-1.85800120271564,-1.47652962054265,-2.01042204997885,-2.72980636562479,-1.06326039355479,-0.0544214978831462,1
21.49,-1.85520589865261,-1.47440019080545,-2.0074875469291,-2.73476669027281,-1.06047126408309,-0.0546341390448753,1
21.5,-1.8524118018412,-1.47229992407889,-2.00453098157791,-2.73971911633654,-1.05768335851628,-0.0548473529754171,1
21.51,-1.84968900598902,-1.47022367712056,-2.00151665059992,-2.74470713673867,-1.05496661467949,-0.0550557714149005,1
21.52,-1.84711912023651,-1.46816552954591,-1.99840300069065,-2.7497813928006,-1.05240245821326,-0.0552530750961829,1
21.53,-1.84455017852903,-1.46613662356877,-1.99526773516801,-2.75484733261622,-1.04983926048162,-0.055450884006152,1
21.54,-1.84198221689057,-1.4641369294876,-1.99211091701761,-2.75990492060746,-1.04727705755885,-0.0556491998668471,1
21.55,-1.83941527136773,-1.46216641582136,-1.98893260818277,-2.76495412402139,-1.0447158855418,-0.055848024399959,1
21.56,-1.83684937802452,-1.46022504935706,-1.98573286954927,-2.76999491289796,-1.04215578054471,-0.0560473593268539,1
21.57,-1.83428457293943,-1.45831279519857,-1.98251176092858,-2.77502726003806,-1.03959677869634,-0.0562472063684991,1
21.58,-1.83184972952788,-1.45642294864362,-1.97920896147755,-2.78012331836541,-1.03716746065124,-0.0564374837117703,1
21.59,-1.82946429273569,-1.45455968576969,-1.97586233170549,-2.78523792695566,-1.03478745252735,-0.0566244304507705,1
21.6,-1.82707973408703,-1.45272548034794,-1.9724946887616,-2.79034387328715,-1.03240833592907,-0.0568118374224414,1
21.61,-1.82469608249953,-1.45092028410878,-1.96910608637097,-2.79544114993745,-1.030030139818,-0.0569997061336431,1
21.62,-1.82231336690263,-1.44914404748172,-1.96569657703024,-2.80052975201542,-1.02765289316758,-0.0571880380915874,1
21.63,-1.81993161623487,-1.44739671964325,-1.96226621199309,-2.80560967712782,-1.02527662496038,-0.0573768348038222,1
21.64,-1.81766951481661,-1.44567428394459,-1.95876444636966,-2.81074040456793,-1.02301974526562,-0.057556652062313,1
21.65,-1.81552561824156,-1.4439767631935,-1.95519200017159,-2.81592122357472,-1.02088081085895,-0.0577275306513571,1
21.66,-1.81338237399825,-1.4423080335508,-1.95159906707105,-2.82109321924307,-1.01874254031264,-0.057898805721654,1
21.67,-1.81123980300973,-1.44066803152117,-1.94798569058151,-2.82625640996303,-1.01660495458617,-0.0580704785210342,1
21.68,-1.80909792621153,-1.43905669277504,-1.94435191281603,-2.8314108163596,-1.0144680746515,-0.0582425502983803,1
21.69,-1.80734266057279,-1.43747323878829,-1.94056579803477,-2.83670563504642,-1.01271691385776,-0.0583839041638197,1
21.7,-1.80585091425507,-1.43591787624211,-1.93666967788095,-2.84209329598636,-1.01122866319043,-0.0585042796039493,1
21.71,-1.80435912280301,-1.43439102209357,-1.93275377356814,-2.84747195954014,-1.0097403740256,-0.0586248833242729,1
21.72,-1.80784743221236,-1.43555469840688,-1.93493874318679,-2.8442727648203,-1.01322050412478,-0.05834322262593,1
21.73,-1.81170734539764,-1.43694246601963,-1.93755174813965,-2.84043564525301,-1.01707140798756,-0.058032978163713,1
21.74,-1.81557263343277,-1.43835851690428,-1.94014247114032,-2.83659095973958,-1.02092771709122,-0.0577237785232856,1
21.75,-1.8194431694619,-1.43980284544188,-1.94271085775359,-2.83273877316846,-1.0247893044792,-0.0574156202706627,1
21.76,-1.82331882612944,-1.44127544365171,-1.94525685299295,-2.8288791534012,-1.02865604269428,-0.0571084999391143,1
21.77,-1.82719947562366,-1.44277630118667,-1.94778040137024,-2.82501217122696,-1.03252780382225,-0.0568024140291775,1
21.78,-1.83108498970328,-1.44430540530604,-1.95028144691517,-2.82113790036924,-1.03640445951835,-0.0564973590092511,1
21.79,-1.83497523972395,-1.44586274084879,-1.95275993319497,-2.81725641749196,-1.04028588103388,-0.0561933313161974,1
21.8,-1.83887009666486,-1.4474482902076,-1.95521580333418,-2.81336780220468,-1.0441719392428,-0.0558903273559502,1
21.81,-1.84276943115538,-1.4490620333034,-1.95764900003456,-2.80947213706718,-1.04806250466837,-0.0555883435041268,1
21.82,-1.84667311350174,-1.45070394756062,-1.96005946559513,-2.80556950759313,-1.05195744750985,-0.0552873761066442,1
21.83,-1.85058101371364,-1.45237400788314,-1.96244714193233,-2.80166000225306,-1.05585663766917,-0.0549874214803423,1
21.84,-1.85449300153099,-1.45407218663087,-1.96481197060029,-2.79774371247645,-1.05975994477762,-0.0546884759136086,1
21.85,-1.85840894645051,-1.45579845359704,-1.9671538928113,-2.79382073265296,-1.06366723822252,-0.0543905356670082,1
21.86,-1.86232871775235,-1.45755277598627,-1.96947284945625,-2.7898911601329,-1.06757838717385,-0.0540935969739168,1
21.87,-1.86625218452669,-1.45933511839335,-1.97176878112537,-2.78595509522671,-1.07149326061084,-0.0537976560411575,1
21.88,-1.87017921570027,-1.46114544278277,-1.97404162812896,-2.78201264120361,-1.07541172734855,-0.0535027090496394,1
21.89,-1.8741096800628,-1.46298370846906,-1.9762913305183,-2.77806390428935,-1.07933365606429,-0.0532087521549998,1
21.9,-1.87804344629337,-1.46484987209797,-1.97851782810665,-2.77410899366298,-1.08325891532404,-0.0529157814882486,1
21.91,-1.88198038298672,-1.46674388762837,-1.98072106049038,-2.77014802145275,-1.08718737360875,-0.0526237931564136,1
21.92,-1.88592035867942,-1.46866570631507,-1.9829009670702,-2.766181102731,-1.09111889934051,-0.0523327832431892,1
21.93,-1.88986324187589,-1.47061527669252,-1.9850574870725,-2.7622083555081,-1.09505336090867,-0.0520427478095846,1
21.94,-1.89380890107439,-1.47259254455932,-1.9871905595708,-2.7582299007254,-1.09899062669571,-0.0517536828945745,1
21.95,-1.89775720479273,-1.47459745296368,-1.98930012350728,-2.75424586224715,-1.10293056510313,-0.0514655845157495,1
21.96,-1.90170802159398,-1.47662994218976,-1.99138611771446,-2.75025636685148,-1.10687304457702,-0.0511784486699676,1
21.97,-1.90566122011185,-1.47868994974498,-1.9934484809369,-2.74626154422026,-1.11081793363361,-0.0508922713340061,1
21.98,-1.90961666907606,-1.48077741034828,-1.99548715185303,-2.74226152692797,-1.11476510088454,-0.050607048465212,1
21.99,-1.91357423733739,-1.4828922559193,-1.99750206909709,-2.73825645042949,-1.11871441506198,-0.0503227760021537,1
22,-1.91753379389262,-1.48503441556863,-1.99949317128108,-2.73424645304684,-1.1226657450436,-0.050039449865271,1
22.01,-1.92149520790921,-1.48720381558901,-2.00146039701687,-2.73023167595486,-1.12661895987724,-0.0497570659575239,1
22.02,-1.92545834874979,-1.48940037944753,-2.00340368493827,-2.72621226316571,-1.13057392880543,-0.0494756201650416,1
22.03,-1.92942308599641,-1.49162402777897,-2.00532297372329,-2.72218836151239,-1.13453052128967,-0.0491951083577679,1
22.04,-1.93338928947458,-1.49387467838009,-2.00721820211635,-2.71816012063105,-1.13848860703446,-0.0489155263901067,1
22.05,-1.93735682927701,-1.49615224620503,-2.00908930895061,-2.71412769294222,-1.14244805601109,-0.0486368701015641,1
22.06,-1.94132557578712,-1.49845664336183,-2.0109362331703,-2.71009123363096,-1.14640873848117,-0.0483591353173899,1
22.07,-1.94529539970235,-1.50078777911,-2.01275891385312,-2.70605090062573,-1.1503705250199,-0.0480823178492136,1
22.08,-1.94926617205706,-1.50314555985921,-2.01455729023266,-2.70200685457632,-1.15433328653908,-0.0478064134956817,1
22.09,-1.95323776424528,-1.50552988916918,-2.01633130172081,-2.6979592588304,-1.1582968943098,-0.0475314180430882,1
22.1,-1.95721004804311,-1.5079406677506,-2.01808088793027,-2.69390827940914,-1.16226121998489,-0.0472573272660043,1
22.11,-1.96118289563081,-1.51037779346732,-2.01980598869698,-2.6898540849815,-1.16622613562103,-0.0469841369279041,1
22.12,-1.96515617961461,-1.51284116133962,-2.02150654410262,-2.68579684683741,-1.17019151370061,-0.0467118427817848,1
22.13,-1.96912977304824,-1.51533066354871,-2.02318249449701,-2.68173673885986,-1.17415722715317,-0.0464404405707868,1
22.14,-1.97310354945407,-1.5178461894424,-2.02483378052062,-2.67767393749567,-1.17812314937667,-0.046169926028806,1
22.15,-1.97707738284395,-1.52038762554201,-2.02646034312698,-2.67360862172521,-1.18208915425835,-0.0459002948811034,1
22.16,-1.9810511477398,-1.5229548555504,-2.02806212360501,-2.66954097303092,-1.1860551161952,-0.0456315428449107,1
22.17,-1.98502471919372,-1.52554776036132,-2.02963906360144,-2.66547117536464,-1.19002091011426,-0.0453636656300304,1
22.18,-1.98899797280786,-1.52816621806995,-2.03119110514307,-2.66139941511374,-1.19398641149241,-0.0450966589394309,1
22.19,-1.99297078475394,-1.53081010398463,-2.03271819065898,-2.6573258810662,-1.19795149637591,-0.0448305184698373,1
22.2,-1.99694303179236,-1.53347929063991,-2.03422026300273,-2.6532507643744,-1.20191604139954,-0.0445652399123166,1
22.21,-2.00091459129099,-1.53617364781079,-2.03569726547443,-2.64917425851779,-1.20587992380544,-0.0443008189528573,1
22.22,-2.00488534124359,-1.53889304252822,-2.03714914184273,-2.6450965592645,-1.2098430214615,-0.0440372512729444,1
22.23,-2.00885516028791,-1.5416373390959,-2.03857583636669,-2.6410178646316,-1.21380521287949,-0.0437745325501266,1
22.24,-2.01282392772331,-1.54440639910824,-2.0399772938176,-2.63693837484449,-1.21776637723269,-0.0435126584585809,1
22.25,-2.01678150048693,-1.54718934399636,-2.04134511431449,-2.63287714973574,-1.22171639044987,-0.0432522831483374,1
22.26,-2.01553307402971,-1.54442328090059,-2.03835542054418,-2.63860479308332,-1.22047034630954,-0.0433343379461268,1
22.27,-2.01310076494547,-1.54346853971462,-2.03853466170999,-2.63932540103583,-1.21804268080556,-0.0434942780011238,1
22.28,-2.00959229905552,-1.54351969914395,-2.04071227572677,-2.63701606607489,-1.21454093779635,-0.0437258351319918,0
22.29,-2.00651618457815,-1.54065441118474,-2.03862107264741,-2.64190132734883,-1.21147072853845,-0.0439292290805049,0
22.3,-2.00343882750302,-1.53781569229983,-2.03650557227229,-2.64678353720167,-1.20839929272605,-0.0441331751554237,0
22.31,-2.00036028152311,-1.53500362426401,-2.0343658446993,-2.6516625401512,-1.20532668412468,-0.0443376758478971,0
22.32,-1.99728060064488,-1.53221828598459,-2.03220195990257,-2.65653818370423,-1.20225295681348,-0.0445427336522273,0
22.33,-1.99419983916571,-1.52945975353946,-2.0300139877625,-2.66141031828853,-1.19917816516256,-0.0447483510662712,0
22.34,-1.99111805166976,-1.52672810019587,-2.02780199804118,-2.66627879725887,-1.19610236382895,-0.0449545305913051,0
22.35,-1.98803529302378,-1.5240233964302,-2.025566060358,-2.67114347690185,-1.19302560775237,-0.0451612747318861,0
22.36,-1.98495161837286,-1.52134570994865,-2.02330624416543,-2.67600421643973,-1.18994795215094,-0.0453685859957137,0
22.37,-1.98186708313601,-1.51869510570887,-2.02102261872493,-2.6808608780331,-1.18686945251684,-0.0455764668934883,0
22.38,-1.97878174300177,-1.51607164594245,-2.0187152530831,-2.6857133267825,-1.18379016461182,-0.0457849199387684,0
22.39,-1.97569565392361,-1.51347539017833,-2.01638421604789,-2.69056143072902,-1.18071014446267,-0.0459939476478262,0
22.4,-1.97260887211534,-1.51090639526696,-2.01402957616515,-2.69540506085388,-1.17762944835659,-0.0462035525395017,0
22.41,-1.96952145404639,-1.50836471540536,-2.0116514016952,-2.70024409107706,-1.17454813283647,-0.0464137371350544,0
22.42,-1.96643345643704,-1.5058504021629,-2.0092497605897,-2.70507839825487,-1.17146625469612,-0.0466245039580144,0
22.43,-1.9633449362535,-1.5033635045078,-2.00682472046869,-2.70990786217671,-1.16838387097535,-0.0468358555340312,0
22.44,-1.96025595070298,-1.50090406883442,-2.00437634859774,-2.71473236556087,-1.16530103895503,-0.0470477943907204,0
22.45,-1.95716655722863,-1.49847213899118,-2.00190471186541,-2.7195517940494,-1.16221781615203,-0.0472603230575104,0
22.46,-1.95407681350444,-1.49606775630919,-1.9994098767608,-2.72436603620225,-1.15913426031409,-0.0474734440654861,0
22.47,-1.95098677743001,-1.49369095963149,-1.99689190935137,-2.72917498349043,-1.15605042941462,-0.0476871599472314,0
22.48,-1.94789650712525,-1.49134178534285,-1.99435087526093,-2.73397853028853,-1.1529663816474,-0.0479014732366706,0
22.49,-1.94480606092505,-1.48902026740026,-1.99178683964777,-2.73877657386631,-1.1498821754212,-0.0481163864689075,0
22.5,-1.94171549737379,-1.48672643736388,-1.9891998671831,-2.74356901437967,-1.14679786935434,-0.0483319021800644,0
22.51,-1.93862487521986,-1.48446032442855,-1.98659002202959,-2.74835575486085,-1.14371352226915,-0.0485480229071176,0
22.52,-1.93553425341,-1.48222195545576,-1.98395736782012,-2.75313670120792,-1.14062919318635,-0.048764751187734,0
22.53,-1.93244369108367,-1.48001135500619,-1.98130196763678,-2.75791176217365,-1.1375449413194,-0.0489820895601034,0
22.54,-1.92935324756725,-1.47782854537258,-1.97862388398998,-2.76268084935369,-1.1344608260687,-0.0492000405627725,0
22.55,-1.92626298236825,-1.4756735466131,-1.97592317879786,-2.76744387717417,-1.13137690701576,-0.0494186067344747,0
22.56,-1.92317295516938,-1.4735463765851,-1.97319991336574,-2.77220076287872,-1.12829324391733,-0.0496377906139605,0
22.57,-1.92008322582254,-1.4714470509792,-1.97045414836591,-2.77695142651493,-1.12520989669934,-0.0498575947398266,0
22.58,-1.91699385434286,-1.46937558335378,-1.96768594381755,-2.7816957909202,-1.12212692545092,-0.0500780216503416,0
22.59,-1.91390490090246,-1.46733198516977,-1.96489535906676,-2.78643378170725,-1.11904439041821,-0.0502990738832739,0
22.6,-1.91081642582437,-1.46531626582572,-1.96208245276687,-2.79116532724895,-1.11596235199822,-0.0505207539757149,0
22.61,-1.90772848957617,-1.46332843269322,-1.95924728285893,-2.79589035866283,-1.11288087073252,-0.0507430644639037,0
22.62,-1.90464115276375,-1.46136849115248,-1.95638990655226,-2.80060880979511,-1.10980000730092,-0.0509660078830493,0
22.63,-1.90155447612485,-1.45943644462824,-1.95351038030533,-2.80532061720436,-1.10671982251511,-0.0511895867671523,0
22.64,-1.89846852052265,-1.45753229462586,-1.95060875980667,-2.81002572014467,-1.10364037731213,-0.0514138036488246,0
22.65,-1.89538334693922,-1.45565604076757,-1.94768509995601,-2.81472406054861,-1.10056173274788,-0.0516386610591101,0
22.66,-1.89229901646895,-1.45380768082894,-1.9447394548456,-2.81941558300977,-1.09748394999055,-0.0518641615273017,0
22.67,-1.8892155903119,-1.45198721077553,-1.94177187774161,-2.82410023476497,-1.09440709031393,-0.0520903075807597,0
22.68,-1.8861331297671,-1.45019462479961,-1.93878242106575,-2.82877796567627,-1.09133121509075,-0.0523171017447285,0
22.69,-1.8830516962258,-1.44842991535703,-1.93577113637701,-2.83344872821259,-1.08825638578586,-0.0525445465421513,0
22.7,-1.87997135116463,-1.44669307320424,-1.93273807435351,-2.83811247743124,-1.08518266394946,-0.0527726444934864,0
22.71,-1.87689215613876,-1.44498408743531,-1.92968328477455,-2.8427691709591,-1.0821101112102,-0.05300139811652,0
22.72,-1.87381417277498,-1.4433029455191,-1.92660681650274,-2.84741876897366,-1.07903878926825,-0.0532308099261806,0
22.73,-1.87073746276467,-1.4416496333364,-1.92350871746624,-2.8520612341839,-1.07596875988832,-0.0534608824343515,0
22.74,-1.86766208785686,-1.44002413521722,-1.92038903464116,-2.85669653181096,-1.07290008489267,-0.0536916181496823,0
22.75,-1.8645881098511,-1.438426433978,-1.91724781403405,-2.86132462956872,-1.06983282615398,-0.0539230195774011,0
22.76,-1.86151559059037,-1.43685651095886,-1.91408510066452,-2.86594549764428,-1.06676704558826,-0.054155089219125,0
22.77,-1.85844459195389,-1.4353143460609,-1.91090093854788,-2.87055910867828,-1.06370280514768,-0.0543878295726707,0
22.78,-1.85537517584999,-1.4337999177834,-1.90769537067796,-2.8751654377452,-1.06064016681334,-0.0546212431318644,0
22.79,-1.85230740420878,-1.43231320326107,-1.90446843900998,-2.87976446233361,-1.05757919258809,-0.0548553323863514,0
22.8,-1.84924133897491,-1.43085417830119,-1.90122018444349,-2.88435616232633,-1.05451994448914,-0.0550900998214048,0
22.81,-1.84617704210026,-1.42942281742076,-1.89795064680536,-2.88894051998064,-1.05146248454083,-0.0553255479177356,0
22.82,-1.8431145755366,-1.42801909388351,-1.89465986483289,-2.89351751990844,-1.04840687476724,-0.0555616791512994,0
22.83,-1.84005400122815,-1.42664297973698,-1.89134787615691,-2.89808714905645,-1.04535317718477,-0.0557984959931068,0
22.84,-1.83699538110421,-1.42529444584931,-1.88801471728498,-2.90264939668645,-1.04230145379477,-0.0560360009090301,0
22.85,-1.83393877707173,-1.42397346194615,-1.88466042358456,-2.90720425435554,-1.03925176657605,-0.056274196359612,0
22.86,-1.83088425100779,-1.42267999664735,-1.88128502926631,-2.91175171589651,-1.03620417747744,-0.056513084799874,0
22.87,-1.83133782353809,-1.42356309259725,-1.88452157975821,-2.90765017516514,-1.03665671806642,-0.0564775478850761,1
22.88,-1.83232168845977,-1.42479874599403,-1.88874226406161,-2.90223299329709,-1.0376383473331,-0.0564005586269828,1
22.89,-1.83330518259508,-1.42606186333274,-1.8929435026959,-2.89680767985462,-1.03861960896986,-0.0563236779794536,1
22.9,-1.83439298405194,-1.42736030330091,-1.89709756466967,-2.89139823307623,-1.03970494416024,-0.0562387469386477,1
22.91,-1.83586552146375,-1.4287149702319,-1.90112999664764,-2.8860692033846,-1.04117414804088,-0.056123949630176,1
22.92,-1.83733784173778,-1.43009735514844,-1.90514266355563,-2.88073196716135,-1.04264314100987,-0.0560093665078816,1
22.93,-1.83880993889413,-1.43150753809217,-1.90913554743706,-2.87538646307485,-1.04411191706912,-0.0558949969484249,1
22.94,-1.84028180696652,-1.43294559908314,-1.91310862864987,-2.87003263149881,-1.04558047023426,-0.0557808403302415,1
22.95,-1.8418450916319,-1.43441647988438,-1.91703089079934,-2.86470009340933,-1.04714024028589,-0.0556598061099307,1
22.96,-1.84368172833477,-1.43592988503549,-1.92084066061099,-2.85944777276128,-1.04897275590592,-0.0555178863481846,1
22.97,-1.84551837245609,-1.43747137158784,-1.92463027499266,-2.85418715228452,-1.05080528761297,-0.0553762647745357,1
22.98,-1.84735501160434,-1.43904100919559,-1.92839970345697,-2.84891819398516,-1.05263782298831,-0.055234940455912,1
22.99,-1.84919163341103,-1.4406388670534,-1.93214891399245,-2.84364086185124,-1.05447034963631,-0.0550939124613382,1
23,-1.85059769981476,-1.4422406924843,-1.93602061485497,-2.83822047407052,-1.05587328666259,-0.0549861435652152,1
23.01,-1.85196433233757,-1.44386874058174,-1.93988535712217,-2.8327791252233,-1.05723688233612,-0.0548815609543244,1
23.02,-1.85213306388672,-1.44499405378668,-1.94287290902242,-2.82867259880497,-1.05740523922901,-0.0548686585805422,1
23.03,-1.84704210281951,-1.44381177524099,-1.94206920057047,-2.83046601279476,-1.05232561275673,-0.0552589970313985,1
23.04,-1.84196065785625,-1.44265721835196,-1.94124137324627,-2.83225334190206,-1.04725554694302,-0.0556508672916886,1
23.05,-1.83688901708732,-1.44153046314304,-1.94038945981409,-2.83403446420831,-1.04219533005472,-0.0560442753923057,1
23.06,-1.83182746679809,-1.44043158640978,-1.93951349261665,-2.83580926320213,-1.03714524851496,-0.0564392260159624,1
23.07,-1.82743426508754,-1.43909841677444,-1.93760581008508,-2.8388741155142,-1.03276205683903,-0.0567839405185052,1
23.08,-1.82329024523928,-1.43769663020377,-1.93530355039981,-2.84241010352718,-1.02862752742034,-0.057110759540092,1
23.09,-1.81915226124904,-1.43632298543435,-1.93297857986603,-2.84593890730263,-1.02449906737843,-0.0574387309602345,1
23.1,-1.815020468763,-1.43497750332925,-1.93063095189837,-2.84946044703768,-1.02037683247223,-0.0577678586225847,1
23.11,-1.81655328576809,-1.43517935372045,-1.93064206423871,-2.84931150935267,-1.02190609483569,-0.057645450283876,1
23.12,-1.82139355333529,-1.43629756430986,-1.93201456735619,-2.84702056651696,-1.02673519501265,-0.0572608855634498,1
23.13,-1.82624294802499,-1.43744266592927,-1.93336444786481,-2.84472311930643,-1.0315734632523,-0.056877728218071,1
23.14,-1.83110178943831,-1.43861580264915,-1.93469063887261,-2.84241898127687,-1.03642122104096,-0.0564960430977597,1
23.15,-1.83596982580759,-1.43981691470792,-1.9359930984154,-2.84010826105315,-1.04127821647812,-0.0561158256852196,1
23.16,-1.8392247092037,-1.4397440386091,-1.93432046563239,-2.84198121898082,-1.04452575266979,-0.0558628080759776,1
23.17,-1.84120718503301,-1.43867474705688,-1.93030426413618,-2.84714375570536,-1.04650376707708,-0.055709168391778,1
23.18,-1.83976740822857,-1.43715269882717,-1.92647990959206,-2.85243424907742,-1.04506722937024,-0.055820714463981,1
23.19,-1.83802416486812,-1.43561622391268,-1.92265421594227,-2.85772841330634,-1.04332791506592,-0.0559560206265287,1
23.2,-1.8362808897239,-1.43410788709764,-1.91880846434532,-2.86301415442624,-1.04158857702852,-0.0560916037223713,1
23.21,-1.83453759334221,-1.43262761483769,-1.91494268294931,-2.8682915167763,-1.0398492258291,-0.0562274646013982,1
23.22,-1.83309211485434,-1.43119050770436,-1.91096115204854,-2.87365293716,-1.03840702466637,-0.0563403261371613,1
23.23,-1.8316704697241,-1.42978255050333,-1.90695213182525,-2.87901340841253,-1.03698860826682,-0.0564515140089472,1
23.24,-1.83024859985999,-1.42840243619034,-1.9029233836443,-2.8843655249277,-1.03556997306939,-0.0565629060855422,1
23.25,-1.82882651061536,-1.42705008284497,-1.89887492523519,-2.88970935019141,-1.03415112444454,-0.0566745029542592,1
23.26,-1.82737391607536,-1.42572369346074,-1.8948159698804,-2.89503624588658,-1.03270184569814,-0.0567886883528768,1
23.27,-1.8258291050071,-1.42441969138165,-1.89076523557451,-2.90032855539443,-1.03116056723073,-0.0569103396566407,1
23.28,-1.82428417099402,-1.42314321069743,-1.88669475471892,-2.90561280854267,-1.02961917263603,-0.0570322254749204,1
23.29,-1.82273912119651,-1.42189417238325,-1.88260453967533,-2.91088907115525,-1.02807766909453,-0.057154346498755,1
23.3,-1.82119396278967,-1.42067249754504,-1.87849460106644,-2.91615741066272,-1.02653606380152,-0.057276703420975,1
23.31,-1.81691428406717,-1.42038308437185,-1.87954674463398,-2.91521796388079,-1.02226626105772,-0.0576167965110783,1
23.32,-1.81209088356911,-1.42030560644841,-1.88162976614884,-2.91301065011477,-1.01745405330228,-0.058002231715627,1
23.33,-1.80728084643839,-1.42025626477204,-1.88369025734376,-2.9107955105135,-1.01265524444477,-0.0583888877754214,1
23.34,-1.80243450407135,-1.42020539296901,-1.88563275126997,-2.90869551723628,-1.00782028343549,-0.0587808126786291,1
23.35,-1.79755276240949,-1.42015330631646,-1.88745784394559,-2.9067096984195,-1.00295007678596,-0.0591780259103572,1
23.36,-1.79268546276578,-1.42012955329138,-1.88926013718754,-2.90471602062854,-0.998094349694064,-0.0595765288930788,1
23.37,-1.78783284801113,-1.42013418391303,-1.89103960321567,-2.90271446117192,-0.993253345026024,-0.0599763214053311,1
23.38,-1.78299515761493,-1.42016724502301,-1.89279621425304,-2.90070500078872,-0.988427302242143,-0.060377403073278,1
23.39,-1.77812053930271,-1.42018995733676,-1.89440052741619,-2.89885344608188,-0.983564495673751,-0.0607841334137538,1
23.4,-1.77312525302127,-1.42013947148665,-1.89564254387886,-2.89742859590646,-0.97858139321296,-0.0612036726482936,1
23.41,-1.76814631547196,-1.42011758706842,-1.89686128070771,-2.89599588795295,-0.973614681272262,-0.0616246473561702,1
23.42,-1.76318398164719,-1.4201243364985,-1.89805671910514,-2.8945553086022,-0.968664614834158,-0.062047057125182,1
23.43,-1.76132384755615,-1.42103459746746,-1.90174820407348,-2.88986333746081,-0.966809100711225,-0.0622061381266944,1
23.44,-1.76010220297163,-1.42215290805119,-1.90593874840538,-2.88449496885231,-0.96559049674188,-0.0623108364423284,1
23.45,-1.75888256780756,-1.42329917565203,-1.91011000538421,-2.87911782344728,-0.964373902316392,-0.062415538787281,1
23.46,-1.75782104903246,-1.42448918629383,-1.91428587218423,-2.87369988728458,-0.963315034256268,-0.0625068111932196,1
23.47,-1.75715672466675,-1.42574711857788,-1.91850316396867,-2.86819203481875,-0.962652369993717,-0.0625639736837629,1
23.48,-1.75649326994798,-1.42703324079316,-1.92270133280854,-2.8626750663115,-0.961990575502,-0.062621140366198,1
23.49,-1.7558306843775,-1.42834765403259,-1.92688036458288,-2.85714889492221,-0.96132965028494,-0.0626783112506285,1
23.5,-1.75516896681244,-1.42969047591514,-1.93104020589688,-2.85161351775134,-0.960669591661769,-0.0627354335236862,1
23.51,-1.75380554298317,-1.43098608642104,-1.9350612141948,-2.84622930115786,-0.959309590808421,-0.0628532964938965,1
23.52,-1.75240558665025,-1.43230613388176,-1.93905609232274,-2.84084469540861,-0.957913155976927,-0.0629745516869856,1
23.53,-1.75100813411559,-1.43365491403203,-1.94303144664837,-2.83545073036925,-0.9565192255587,-0.06309582775614,1
23.54,-1.74961318792525,-1.43503251956315,-1.94698724950801,-2.83004734153918,-0.955127802090247,-0.0632171243712597,1
23.55,-1.75220439000083,-1.43610141702058,-1.94955907771823,-2.82653639005546,-0.957712465993777,-0.0629919976081368,1
23.56,-1.75669145920338,-1.43704384998678,-1.95147511450567,-2.8239004127014,-0.962188269416632,-0.0626040842429686,1
23.57,-1.7610519493833,-1.43808206353325,-1.9535652751656,-2.82098557224235,-0.966537878836462,-0.0622294253111132,1
23.58,-1.75765190276525,-1.43872023232784,-1.95572717900186,-2.81801922479281,-0.963146310724427,-0.0625213672815359,1
23.59,-1.75333833483711,-1.43933611493304,-1.95787758361396,-2.81503967941992,-0.958843557126267,-0.0628937366301036,1
23.6,-1.74903925134801,-1.43998092025479,-1.96000515413579,-2.81205216340478,-0.954555316917617,-0.0632670999851622,1
23.61,-1.7447548055187,-1.44065466572797,-1.96210984533226,-2.80905670718883,-0.950281743260372,-0.0636414552778594,1
23.62,-1.74048514754972,-1.44135736562152,-1.96419161178711,-2.80605334473895,-0.946022986293392,-0.0640168003346907,1
23.63,-1.73830331769023,-1.43983886852396,-1.96056255609536,-2.81108801757782,-0.943846752833374,-0.0642094953101225,1
23.64,-1.73859787440547,-1.43839660976662,-1.95688024245145,-2.81622787622889,-0.944140552818504,-0.0641834396646035,1
23.65,-1.7406352119538,-1.43703010719365,-1.95318790803374,-2.82139204519677,-0.94617266642888,-0.0640035691778749,1
23.66,-1.74267715988265,-1.4356926604136,-1.94947544796976,-2.82654692285857,-0.948209393792391,-0.0638238141479092,1
23.67,-1.74452694117639,-1.43435599745145,-1.94568491659627,-2.83176868858493,-0.950054459003775,-0.0636614289474627,1
23.68,-1.74579531077553,-1.43296446953684,-1.94170240259055,-2.83720729214945,-0.951319602046209,-0.0635503311112118,1
23.69,-1.74706588640951,-1.43160173045389,-1.93770038689649,-2.84263648963787,-0.952586951350997,-0.0634392408529637,1
23.7,-1.74833866664244,-1.43026768615101,-1.93367889593896,-2.84805634823273,-0.95385650549007,-0.0633281584432566,1
23.71,-1.74961365000944,-1.42896224257775,-1.9296379544346,-2.85346693682506,-0.955128263006363,-0.063217084151494,1
23.72,-1.75070855029875,-1.42766708152949,-1.92554650658226,-2.85890849689328,-0.956220397710338,-0.0631218577721135,1
23.73,-1.75143340115456,-1.42636316954471,-1.9213724627404,-2.86442273846696,-0.956943420028436,-0.06305889630566,1
23.74,-1.75215924149965,-1.4250875294246,-1.91717924007444,-2.86992786225206,-0.957667431208168,-0.0629959131463455,1
23.75,-1.75288607140901,-1.42384007127048,-1.91296682970444,-2.8754240039944,-0.958392430394216,-0.0629328763022043,1
23.76,-1.75361389213355,-1.4226206753297,-1.90873528932393,-2.88091115143842,-0.959118420704901,-0.0628698499584799,1
23.77,-1.75481938524907,-1.42148004661311,-1.90457946165108,-2.88626738402277,-0.960320887126709,-0.0627656321744322,1
23.78,-1.75642808709699,-1.42041008429146,-1.90048389599064,-2.89151241521683,-0.961925556615776,-0.0626267861091645,1
23.79,-1.75803984708805,-1.41936801587279,-1.89636884417757,-2.89674882871019,-0.963533285632533,-0.0624879873283301,1
23.8,-1.76011823878478,-1.41849310407578,-1.89266281771487,-2.90143148604922,-0.965606492609435,-0.0623094609865854,1
23.81,-1.76511854260394,-1.41852146634129,-1.89162571917564,-2.90268251277733,-0.970594383469104,-0.061882040857639,1
23.82,-1.77013575738205,-1.41857847908084,-1.89056527258122,-2.9039256432626,-0.975599228305345,-0.0614560983407437,1
23.83,-1.77516962247526,-1.41866411195387,-1.88948149289944,-2.90516089300606,-0.980620766480572,-0.0610316337450435,1
23.84,-1.78007979897809,-1.41866804166831,-1.88799025858149,-2.90687624795518,-0.985518998687169,-0.0606203409853288,1
23.85,-1.78494580308065,-1.41865344389828,-1.88631226665355,-2.90879173432865,-0.990373242300232,-0.0602153742908321,1
23.86,-1.78982701339267,-1.41866728980752,-1.88461137798972,-2.91069930799004,-0.99524273044801,-0.0598117242008797,1
23.87,-1.79472318653657,-1.41870953409763,-1.88288761855826,-2.91259898847064,-1.00012721976164,-0.0594093910775361,1
23.88,-1.79963407561804,-1.41878012822806,-1.8811410143695,-2.91449079876522,-1.00502646335098,-0.0590083751265119,1
23.89,-1.80452298389199,-1.41885654447009,-1.87929607387718,-2.91647119044404,-1.00990385009652,-0.0586116249837218,1
23.9,-1.80939880373581,-1.41894445570664,-1.87737221769024,-2.91851552434702,-1.01476824944595,-0.0582183511688835,1
23.91,-1.8142883724561,-1.41906053100169,-1.87542571508768,-2.92055204493112,-1.01964643467784,-0.0578263489079567,1
23.92,-1.8191914403012,-1.41920470952881,-1.87345659365127,-2.92258078664917,-1.0245381560325,-0.0574356179803637,1
23.93,-1.82410775452277,-1.41937692755341,-1.87146488085443,-2.92460178721749,-1.02944316074927,-0.0570461580185025,1
23.94,-1.82711703751108,-1.42017517808601,-1.87313998525864,-2.9222503843655,-1.03244555410001,-0.0568089015815851,1
23.95,-1.82888296561024,-1.42138886955877,-1.87718875697031,-2.91705899845616,-1.03420745068694,-0.0566700691236911,1
23.96,-1.83019998316487,-1.42256208378368,-1.8812000778791,-2.91192723874421,-1.03552146707053,-0.0565667181238464,0
23.97,-1.82719227637224,-1.42310961511406,-1.88502220922848,-2.90743675900985,-1.03252062102218,-0.0568029805556242,0
23.98,-1.8241908361214,-1.42368479682988,-1.88882428408221,-2.90293789573104,-1.02952605180221,-0.0570395962538855,0
23.99,-1.82119571736191,-1.4242877074903,-1.89260628348984,-2.89843059030153,-1.02653781433534,-0.0572765643532275,0
24,-1.81820697439741,-1.4249184252196,-1.89636818700286,-2.89391478608446,-1.02355596289983,-0.0575138839692004,0
24.01,-1.81522466093289,-1.42557702769748,-1.9001099726819,-2.8893904284164,-1.02058055117469,-0.0577515541956337,0
24.02,-1.81224883006885,-1.42626359211821,-1.90383161711139,-2.8848574646336,-1.0176116322338,-0.0579895741047127,0
24.03,-1.80927953429563,-1.42697819514946,-1.90753309541392,-2.88031584409859,-1.01464925854026,-0.0582279427470577,0
24.04,-1.80631682548788,-1.42772091289073,-1.91121438126468,-2.87576551822725,-1.01169348194083,-0.058466659151809,0
24.05,-1.80336075489919,-1.42849182083146,-1.91487544690575,-2.87120644051632,-1.00874435366065,-0.058705722326716,0
24.06,-1.80041137315695,-1.42929099380874,-1.9185162631604,-2.86663856657126,-1.00580192429797,-0.0589451312582302,0
24.07,-1.79746873025726,-1.43011850596466,-1.92213679944731,-2.86206185413456,-1.0028662438192,-0.0591848849116041,0
24.08,-1.79453287556014,-1.43097443070334,-1.92573702379476,-2.85747626311436,-0.999937361554009,-0.0594249822309929,0
24.09,-1.79160385778477,-1.43185884064754,-1.92931690285485,-2.85288175561354,-0.997015326190667,-0.0596654221395621,0
24.1,-1.78868172500506,-1.43277180759497,-1.93287640191767,-2.84827829595906,-0.99410018577152,-0.059906203539598,0
24.11,-1.78576652464522,-1.43371340247421,-1.93641548492549,-2.84366585073171,-0.991191987688644,-0.0601473253126246,0
24.12,-1.78285830347563,-1.43468369530026,-1.93993411448697,-2.83904438879613,-0.988290778679684,-0.0603887863195216,0
24.13,-1.77995710760885,-1.43568275512982,-1.94343225189139,-2.83441388133122,-0.985396604823843,-0.0606305854006506,0
24.14,-1.77706298249573,-1.43671065001614,-1.94690985712295,-2.82977430186078,-0.982509511538061,-0.0608727213759821,0
24.15,-1.77417597292181,-1.43776744696357,-1.95036688887506,-2.82512562628446,-0.979629543573356,-0.0611151930452287,0
24.16,-1.77542395510591,-1.43933993286237,-1.95424954490231,-2.81972891031201,-0.980874478510363,-0.0610102638893373,1
24.17,-1.77683483215733,-1.44096056058294,-1.95813006792281,-2.81429356400403,-0.982281916686094,-0.060891849106756,1
24.18,-1.7782457436769,-1.44261023128908,-1.96199084992885,-2.80884865545053,-0.983689395708522,-0.0607736536930956,1
24.19,-1.78033907916843,-1.4442515578695,-1.96559678851235,-2.80369815618393,-0.985777650325991,-0.0605986971865121,1
24.2,-1.78280584809102,-1.44590152539412,-1.96905408005952,-2.79870419249715,-0.988238450018918,-0.0603931499956321,1
24.21,-1.78527434762623,-1.44758059135728,-1.97249066313287,-2.79370112971903,-0.990700995504341,-0.0601881247095392,1
24.22,-1.78774454488437,-1.44928881226034,-1.97590648620398,-2.78868896491448,-0.993165253846135,-0.0599836197403381,1
24.23,-1.79023583164673,-1.45102382120463,-1.97929156970279,-2.78368091716054,-0.995650570302882,-0.0597780330925399,1
24.24,-1.79322734807992,-1.4527259256333,-1.98240105439034,-2.77900282984889,-0.998634943037275,-0.0595320397686996,1
24.25,-1.79622181873672,-1.4544571694476,-1.98548904849443,-2.77431609685761,-1.00162229042184,-0.0592867487054237,1
24.26,-1.79921918471539,-1.45621758260162,-1.98855549128404,-2.76962075188666,-1.00461255349043,-0.0590421577034108,1
24.27,-1.80221938695951,-1.45800719317982,-1.99160032106613,-2.76491683148471,-1.00760567312205,-0.0587982645555201,1
24.28,-1.80522236627708,-1.45982602735791,-1.99462347519717,-2.76020437507668,-1.01060159005989,-0.0585550670465216,1
24.29,-1.80822806334775,-1.4616741093567,-1.99762489010086,-2.75548342499198,-1.01360024491855,-0.0583125629532684,1
24.3,-1.8112915126974,-1.46354218815878,-2.00057121233641,-2.75079891468549,-1.01665654380212,-0.0580663299575614,1
24.31,-1.81452641508736,-1.46541112735687,-2.00339371304706,-2.74624341093635,-1.01988392486689,-0.0578073249058898,1
24.32,-1.81776449215737,-1.46730924385354,-2.0061940041831,-2.74167982361705,-1.02311450307619,-0.0575490922512119,1
24.33,-1.82100566960135,-1.46923654269761,-2.00897201786007,-2.73710821903832,-1.02634820404947,-0.0572916294485424,1
24.34,-1.82424987295296,-1.47119302656336,-2.0117276854837,-2.73252866661857,-1.02958495324558,-0.0570349339413689,1
24.35,-1.82749702760051,-1.47317869571118,-2.01446093776774,-2.72794123890511,-1.03282467597774,-0.056779003161807,1
24.36,-1.83074705879759,-1.47519354794581,-2.01717170475432,-2.7233460115951,-1.0360672974241,-0.0565238345308522,1
24.37,-1.83399989167363,-1.47723757857502,-2.01985991583465,-2.71874306355583,-1.03931274263835,-0.0562694254586343,1
24.38,-1.83725545124449,-1.47931078036865,-2.02252549976986,-2.71413247684437,-1.0425609365603,-0.0560157733446717,1
24.39,-1.84051366242299,-1.48141314351803,-2.02516838471217,-2.70951433672657,-1.04581180402644,-0.0557628755781263,1
24.4,-1.84373767081666,-1.48355122751087,-2.02781138277334,-2.70485786040889,-1.04902857299946,-0.0555135682849344,1
24.41,-1.84692197377376,-1.48572601252277,-2.03045777949676,-2.70015861826831,-1.05220575195957,-0.0552682348773089,1
24.42,-1.85010851018443,-1.48792998697687,-2.03308135547984,-2.69545197584367,-1.05538518522018,-0.0550236183950285,1
24.43,-1.85329721010417,-1.49016313463159,-2.03568203651654,-2.6907380270974,-1.05856680276271,-0.0547797163030894,1
24.44,-1.85648800355333,-1.49242543652278,-2.03825974785216,-2.6860168692798,-1.06175053453323,-0.0545365260589069,1
24.45,-1.85968082052537,-1.49471687092362,-2.04081441420649,-2.68128860294561,-1.0649363104507,-0.0542940451125655,1
24.46,-1.86287559099595,-1.49703741330561,-2.04334595979647,-2.67655333196993,-1.06812406041607,-0.0540522709070462,1
24.47,-1.86607224493205,-1.4993870363002,-2.04585430835925,-2.67181116356329,-1.07131371432145,-0.0538112008784554,1
24.48,-1.86927071230102,-1.50176570966093,-2.04833938317538,-2.66706220828578,-1.07450520205909,-0.0535708324562541,1
24.49,-1.87247092307958,-1.50417340022632,-2.0508011070924,-2.66230658006027,-1.07769845353046,-0.0533311630634851,1
24.5,-1.87497258590166,-1.50654978754757,-2.05340000409363,-2.65741950476716,-1.08019469277172,-0.053144381445063,1
24.51,-1.87336190433454,-1.50860246657735,-2.05692077385083,-2.65178933728484,-1.07858750148094,-0.0532645824358784,1
24.52,-1.87175337894766,-1.51068686522836,-2.06042099675289,-2.64614780510988,-1.07698246771363,-0.0533848294620826,1
24.53,-1.87014701742467,-1.51280307200864,-2.06390060103251,-2.64049489186777,-1.07537959914611,-0.0535051222690788,1
24.54,-1.86762282896096,-1.51429214669493,-2.06676422444274,-2.6360519214157,-1.07286091166938,-0.0536945685882662,1
24.55,-1.86237224271561,-1.51385157733891,-2.06783521974697,-2.63523157501732,-1.06762181660397,-0.0540903069808783,1
24.56,-1.85713295627067,-1.51343817506408,-2.06888104724724,-2.63440672215711,-1.06239406293435,-0.0544874753220515,1
24.57,-1.85190528367215,-1.51305202436918,-2.06990167396399,-2.63357730613843,-1.05717796478817,-0.0548860763793906,1
24.58,-1.84668953647897,-1.51269320604694,-2.07089706775458,-2.63274327339602,-1.05197383380189,-0.0552861127636764,1
24.59,-1.84148602370362,-1.51236179716668,-2.07186719731922,-2.63190457351012,-1.04678197906103,-0.0556875869298031,1
24.6,-1.83629505169451,-1.51205787101702,-2.07281203221533,-2.63106115925199,-1.0416027069825,-0.0560905011751897,1
24.61,-1.83111692401998,-1.51178149705093,-2.07373154287153,-2.63021298662764,-1.03643632119854,-0.0564948576382655,1
24.62,-1.82595194135403,-1.51153274083273,-2.07462570060129,-2.62936001491961,-1.03128312244242,-0.0569006582970328,1
24.63,-1.82299702562026,-1.51302400747837,-2.07726771879949,-2.6251065908943,-1.02833498110792,-0.0571339459157951,1
24.64,-1.82079937447139,-1.51513285678958,-2.08049491805266,-2.61968053130034,-1.02614238390833,-0.0573079863895208,1
24.65,-1.81860575389216,-1.51727364279811,-2.08370064869577,-2.6142436035832,-1.02395382143104,-0.0574821693341862,1
24.66,-1.81701798150512,-1.51922708474692,-2.08648890448866,-2.60943611108486,-1.02236971859043,-0.0576085350566186,1
24.67,-1.82189279529235,-1.51885842767,-2.08500800442079,-2.61148672883534,-1.02723328850793,-0.0572213365367749,1
24.68,-1.82678074365352,-1.518518135089,-2.08350224589842,-2.61353159036749,-1.03211002894407,-0.0568353731924049,1
24.69,-1.83168157710537,-1.51820617231083,-2.08197168161197,-2.61557067919445,-1.03699969040076,-0.0564506445791714,1
24.7,-1.83659504326795,-1.51792250070473,-2.08041636477485,-2.61760398247799,-1.04190202047956,-0.0560671501135406,1
24.71,-1.84156399246216,-1.51776512955756,-2.07895165031821,-2.61941980676893,-1.04685977262192,-0.0556815535683294,1
24.72,-1.84678955174854,-1.51819111769593,-2.07811522251261,-2.62003102140917,-1.0520736256754,-0.055278419524958,1
24.73,-1.85202729041529,-1.51864433636334,-2.07725331448707,-2.62063793698484,-1.05729970062472,-0.0548767469267178,1
24.74,-1.85727689537323,-1.51912470450372,-2.0763659530452,-2.62124061271704,-1.06253768430085,-0.0544765330901248,1
24.75,-1.86253805100188,-1.5196321373166,-2.07545316593049,-2.62183911089818,-1.06778726099909,-0.0540777751740803,1
24.76,-1.86781043927422,-1.52016654631692,-2.07451498180984,-2.62243349684536,-1.07304811260366,-0.0536804701825789,1
24.77,-1.87309373987959,-1.52072783939651,-2.07355143026007,-2.62302383884906,-1.07831991871078,-0.0532846149665237,1
24.78,-1.87839045772585,-1.52133485967136,-2.07258632838427,-2.62356758104316,-1.08360517803141,-0.0528899961703062,1
24.79,-1.88371895048433,-1.52211317340526,-2.07177756262731,-2.62378191207581,-1.08892220815978,-0.0524952336232005,1
24.8,-1.88905721077769,-1.52291788357858,-2.07094332608346,-2.62399277716116,-1.09424904862801,-0.0521019428873321,1
24.81,-1.89440490596498,-1.52374887655412,-2.07008364388474,-2.62420027208533,-1.099585366674,-0.0517101198466832,1
24.82,-1.89976170182571,-1.52460603540198,-2.06919854211116,-2.62440449522144,-1.10493082795199,-0.0513197602427985,1
24.83,-1.90512726268969,-1.52548923997165,-2.06828804777747,-2.62460554746669,-1.11028509666247,-0.0509308596771496,1
24.84,-1.91050125156806,-1.5263983669663,-2.06735218882013,-2.62480353217713,-1.1156478356833,-0.0505434136135031,1
24.85,-1.91588333028474,-1.5273332900184,-2.06639099408381,-2.62499855510132,-1.12101870670121,-0.0501574173803342,1
24.86,-1.92127315960789,-1.52829387976671,-2.06540449330755,-2.62519072431304,-1.12639737034335,-0.0497728661732902,1
24.87,-1.92667039938145,-1.52928000393442,-2.06439271711055,-2.625380150143,-1.13178348630887,-0.0493897550576998,1
24.88,-1.93207470865649,-1.53029152740848,-2.06335569697755,-2.62556694510979,-1.13717671350038,-0.0490080789711234,1
24.89,-1.93748574582233,-1.53132831231994,-2.06229346524389,-2.62575122385003,-1.14257671015512,-0.0486278327259443,1
24.9,-1.94288750386701,-1.5326643592709,-2.06157356421523,-2.62529100438534,-1.14796750083266,-0.0482501037344004,1
24.91,-1.9482914834021,-1.53408274764814,-2.06090546564164,-2.62469410096767,-1.15336056165557,-0.0478740486253935,1
24.92,-1.95370059316983,-1.53552559179795,-2.06021180610616,-2.62409586758161,-1.15875879457943,-0.0474994337059407,1
24.93,-1.95911449545358,-1.53699272919938,-2.05949260492707,-2.62349645802289,-1.16416186170556,-0.0471262527532631,1
24.94,-1.96453285271453,-1.53848399497402,-2.058747882421,-2.62289602762144,-1.16956942531015,-0.0467544994423244,1
24.95,-1.96930082685992,-1.54072544120283,-2.05925198583387,-2.62027697457736,-1.17432794234018,-0.046428777648289,1
24.96,-1.97384831749163,-1.5432376513501,-2.06016242466781,-2.61697317698694,-1.17886644825824,-0.0461193251143302,1
24.97,-1.97839670924101,-1.54577431715887,-2.06104702266014,-2.61366904944982,-1.18340588720141,-0.0458109703980082,1
24.98,-1.98294581033189,-1.54833526910045,-2.06190573827866,-2.61036481166676,-1.18794606723259,-0.0455037079820571,1
24.99,-1.98749542972143,-1.55092033499515,-2.06273853090577,-2.60706068512232,-1.19248679714726,-0.045197532324716,1
25,-1.98947065696312,-1.55113221216155,-2.06195920595224,-2.60767714049983,-1.19445817200245,-0.0450648463022509,1
25.01,-1.98807395422899,-1.5482383328877,-2.05907309273015,-2.61342246552815,-1.19306419358815,-0.0451586788139713,1
25.02,-1.98667618504886,-1.54537239278336,-2.05616596473627,-2.61916083960298,-1.19166915080988,-0.0452525830427728,1
25.03,-1.98527763110303,-1.54253617322779,-2.05323621719836,-2.62489193263978,-1.19027332783441,-0.0453466445207797,1
25.04,-1.98419133751634,-1.54021507881095,-2.05076042633539,-2.6296616192494,-1.18918915757093,-0.0454197770330346,1
25.05,-1.98644030853733,-1.54309615585455,-2.05333975215556,-2.62425741861383,-1.19143373468332,-0.0452684398648385,1
25.06,-1.98868831208822,-1.54600566338096,-2.05589560295243,-2.61884782314036,-1.19367735407523,-0.0451174382333619,1
25.07,-1.99093532835237,-1.54894356541601,-2.05842789983692,-2.61343294940907,-1.19591999589335,-0.0449667708789699,1
25.08,-1.99318133761711,-1.55190982306882,-2.06093656340009,-2.60801291743328,-1.1981616403884,-0.0448164365450501,1
25.09,-1.9954263202692,-1.55490439451431,-2.06342151377887,-2.60258785061126,-1.20040226791067,-0.0446664339782774,1
25.1,-1.99316153596387,-1.55451247509974,-2.06415901872335,-2.60218753555142,-1.19814187331538,-0.0448176277105944,1
25.11,-1.98823247599843,-1.55213140241059,-2.06384627542085,-2.60476013787218,-1.19322240634554,-0.0451480356542928,1
25.12,-1.9833040906507,-1.54977143642432,-2.06350957111988,-2.60733382972238,-1.18830364633399,-0.0454795563496883,1
25.13,-1.97829503974895,-1.54751957791496,-2.06329474639824,-2.6096734655216,-1.18330441746585,-0.0458178504749081,1
25.14,-1.97306333350969,-1.54552348705837,-2.06345994871668,-2.61136942573544,-1.17808301278927,-0.0461726592618177,1
25.15,-1.96783424353252,-1.5435508590384,-2.06359917591211,-2.61306566352532,-1.17286426389236,-0.046528827597895,1
25.16,-1.96260806859545,-1.54160187757974,-2.06371243012997,-2.61476198196693,-1.16764846974908,-0.0468863621929306,1
25.17,-1.95738510813212,-1.53967672414163,-2.06379971466724,-2.61645818537437,-1.16243592998698,-0.0472452696854687,1
25.18,-1.95216566213969,-1.53777557784044,-2.06386103397058,-2.61815407938342,-1.15722694479505,-0.0476055566405235,1
25.19,-1.94674911355113,-1.53650845024423,-2.06477511315553,-2.61835523628004,-1.15182130279158,-0.0479811953803261,1
25.2,-1.94132623970614,-1.53530206892079,-2.06571583307636,-2.61846622726149,-1.14640940105342,-0.048359088942838,1
25.21,-1.93590931709408,-1.53412049511525,-2.06663116738346,-2.61857533928272,-1.14100349226572,-0.0487384174262917,1
25.22,-1.93049868795498,-1.53296387716158,-2.0675210879216,-2.61868244240392,-1.13560391883346,-0.0491191864631547,1
25.23,-1.92509469416168,-1.53183236077675,-2.06838556746095,-2.61878740857777,-1.13021102279101,-0.0495014015679373,1
25.24,-1.91969767709067,-1.53072608897905,-2.06922457971094,-2.61889011172192,-1.12482514567297,-0.0498850681345175,1
25.25,-1.91430797749176,-1.5296452020065,-2.07003809933324,-2.61899042779209,-1.11944662838367,-0.0502701914334856,1
25.26,-1.90892593535725,-1.52858983723628,-2.07082610195441,-2.6190882348545,-1.11407581106628,-0.050656776609521,1
25.27,-1.90355188979083,-1.52756012910522,-2.07158856417809,-2.61918341315752,-1.10871303297169,-0.0510448286788108,1
25.28,-1.89818839301373,-1.52658107280336,-2.07235667954993,-2.61921983809984,-1.10336084178485,-0.0514341913585041,1
25.29,-1.89285599494693,-1.52587780150302,-2.07341288048746,-2.61869061293577,-1.09803974453613,-0.0518233874647606,1
25.3,-1.88753295148692,-1.52520087052307,-2.07444378932384,-2.61815784022615,-1.0927280436485,-0.0522140193124981,1
25.31,-1.88221959237445,-1.52455038887129,-2.07544937294281,-2.61762143708898,-1.08742606897703,-0.0526060907833751,1
25.32,-1.87691624566527,-1.52392646224131,-2.07642959909497,-2.61708132333323,-1.08213414868763,-0.0529996056156369,1
25.33,-1.87162323760477,-1.52332919294425,-2.07738443641374,-2.61653742151498,-1.07685260913166,-0.0533945674019571,1
25.34,-1.86634089250105,-1.52275867984036,-2.07831385442998,-2.61598965699477,-1.07158177471893,-0.0537909795873663,1
25.35,-1.86106953259885,-1.52221501827225,-2.07921782358623,-2.61543795799353,-1.06632196779153,-0.0541888454672456,1
25.36,-1.85580947795436,-1.52169830000008,-2.08009631525067,-2.61488225564682,-1.06107350849869,-0.0545881681853836,1
25.37,-1.85056104631131,-1.52120861313852,-2.08094930173055,-2.61432248405769,-1.0558367146727,-0.0549889507321018,1
25.38,-1.84548260683276,-1.5210524871365,-2.08212291700655,-2.61311202578969,-1.0507696019894,-0.0553790197894543,1
25.39,-1.84074577418463,-1.52156422760063,-2.08399448047785,-2.61054616653886,-1.04604339368732,-0.0557448957934136,1
25.4,-1.83602054382667,-1.52210463893324,-2.08584174593029,-2.60797388439854,-1.0413288197982,-0.0561118757698505,1
25.41,-1.83130714223544,-1.52267375767807,-2.08766464957361,-2.60539520529741,-1.03662610680865,-0.0564799600154507,1
25.42,-1.82660579351285,-1.52327161665889,-2.08946312785445,-2.6028101588478,-1.03193547882714,-0.0568491487103455,1
25.43,-1.82173198433194,-1.52187453295443,-2.08879865158214,-2.6046733883159,-1.02707284740319,-0.0572340730828257,1
25.44,-1.81685871488605,-1.52039662641107,-2.08797789069525,-2.60677096699666,-1.02221082044895,-0.0576212240728571,1
25.45,-1.8119960700741,-1.51894627281555,-2.08713136480455,-2.60886439104572,-1.01735946048868,-0.0580098311142843,1
25.46,-1.81129860579064,-1.51726550771815,-2.08515536649158,-2.61249174040737,-1.01666362037075,-0.0580657609127819,1
25.47,-1.8142171466715,-1.51539112739516,-2.08219764338498,-2.61744653865935,-1.01957537422344,-0.0578320422327576,1
25.48,-1.8171420673703,-1.51354811602817,-2.07921783234891,-2.62239130460494,-1.02249351742131,-0.0575986506592514,1
25.49,-1.82007331871618,-1.51173643021828,-2.07621601626795,-2.62732599760306,-1.02541800081989,-0.05736558711248,1
25.5,-1.82301085090266,-1.50995602390678,-2.07319227699758,-2.63225058073434,-1.02834877463864,-0.0571328524962642,1
25.51,-1.8262700337304,-1.50849634855236,-2.07046666158614,-2.63656831859644,-1.03160048699413,-0.0568755943815351,1
25.52,-1.83145823853404,-1.50882691253835,-2.0696636133086,-2.63724910954966,-1.03677685954434,-0.0564681287544416,1
25.53,-1.83665955058906,-1.50918505107105,-2.06883519261634,-2.63792513717814,-1.04196638202454,-0.0560621299934389,1
25.54,-1.84187366488026,-1.50957069456803,-2.0679814240984,-2.63859645060395,-1.04716874935402,-0.0556575959227689,1
25.55,-1.84710027345555,-1.50998376953366,-2.06710233327854,-2.63926310220389,-1.05238365351089,-0.055254524200684,1
25.56,-1.85233906559613,-1.51042419863608,-2.06619794658588,-2.63992514755822,-1.05761078370187,-0.0548529123250271,1
25.57,-1.85758972793517,-1.5108919007628,-2.06526829134247,-2.64058264540481,-1.06284982648109,-0.0544527576348276,1
25.58,-1.86285194457817,-1.51138679107841,-2.06431339575045,-2.6412356575913,-1.06810046587044,-0.0540540573119774,1
25.59,-1.86631641002436,-1.5100917562662,-2.06139762293329,-2.64557192994376,-1.07155734574564,-0.0537928221505465,1
25.6,-1.86966026461861,-1.50869963699721,-2.05832415062172,-2.65015742138481,-1.0748939059558,-0.0535416140032711,1
25.61,-1.87112595872784,-1.50702645624217,-2.05543121863699,-2.65477572091668,-1.07635641106936,-0.0534317892433153,1
25.62,-1.8678721960181,-1.50460168636583,-2.0530219517162,-2.65949360223487,-1.07310973460844,-0.0536758299485148,1
25.63,-1.86462033053703,-1.50220591415107,-2.05058919262787,-2.66420493759345,-1.06986497629324,-0.0539205900611867,1
25.64,-1.8613704360425,-1.49983917795452,-2.04813301930963,-2.66890960697738,-1.06662220995892,-0.0541660722308544,1
25.65,-1.85812258628455,-1.49750151310103,-2.04565350928678,-2.67360749383241,-1.0633815094327,-0.0544122790994546,1
25.66,-1.85487685500052,-1.49519295195037,-2.04315073968056,-2.67829848499053,-1.06014294852888,-0.0546592133011592,1
25.67,-1.8516333159051,-1.49291352393353,-2.04062478718433,-2.68298247065792,-1.05690660103887,-0.0549068774621277,1
25.68,-1.84839204268039,-1.49066325558965,-2.03807572804007,-2.68765934440187,-1.05367254072127,-0.0551552742002587,1
25.69,-1.84515310896587,-1.48844217060369,-2.03550363801513,-2.69232900313681,-1.05044084129183,-0.0554044061249413,1
25.7,-1.84191658834842,-1.48625028984468,-2.03290859237922,-2.69699134710942,-1.04721157641342,-0.0556542758368076,1
25.71,-1.83864144869503,-1.48409568016337,-2.03031668005992,-2.70161061232734,-1.04394380670099,-0.0559080773092406,1
25.72,-1.83533174468327,-1.48197755750663,-2.02772548328854,-2.70619010845562,-1.04064157896028,-0.0561655393997517,1
25.73,-1.83202489014947,-1.4798886211979,-2.02511145587779,-2.71076212239193,-1.03734222325326,-0.0564237771136145,1
25.74,-1.82872096389662,-1.47782888529653,-2.02247467085957,-2.71532656334563,-1.03404581846101,-0.0566827931211024,1
25.75,-1.82542004460046,-1.47579836118588,-2.01981520070607,-2.71988334378559,-1.030752443337,-0.0569425900807285,1
25.76,-1.82212221079884,-1.4737970576134,-2.01713311730754,-2.7244323794228,-1.02746217649652,-0.057203170638954,1
25.77,-1.81882754088023,-1.47182498073076,-2.0144284919509,-2.72897358919212,-1.02417509640508,-0.0574645374299157,1
25.78,-1.81553611307218,-1.46988213413433,-2.01170139529856,-2.73350689523332,-1.02089128136695,-0.0577266930751507,1
25.79,-1.81224800542984,-1.46796851890618,-2.00895189736758,-2.73803222287148,-1.0176108095136,-0.0579896401833269,1
25.8,-1.80896329582445,-1.46608413365534,-2.006180067509,-2.74254950059671,-1.01433375879224,-0.0582533813499719,1
25.81,-1.80568206193185,-1.46422897455955,-2.00338597438746,-2.74705866004329,-1.01106020695428,-0.0585179191572042,1
25.82,-1.80260253319075,-1.4623675908246,-2.00045038764332,-2.75172295563226,-1.00798791678766,-0.0587671841979896,1
25.83,-1.79964525834479,-1.46051418508085,-1.99742109133731,-2.75647715292991,-1.00503761964251,-0.0590074648067761,1
25.84,-1.79669069492926,-1.45869012426193,-1.99437011939677,-2.76122271717116,-1.00209005371878,-0.0592484258589333,1
25.85,-1.79373889947696,-1.45689538100813,-1.99129753577295,-2.7659596089072,-0.999145275612117,-0.0594900695031508,1
25.86,-1.79078992839397,-1.45512992603343,-1.98820340345488,-2.77068779159373,-0.996203341791274,-0.0597323978805752,1
25.87,-1.78784383794996,-1.45339372817118,-1.98508778445388,-2.7754072315609,-0.993264308588356,-0.0599754131247284,1
25.88,-1.78490068427146,-1.45168675442142,-1.98195073978629,-2.78011789798365,-0.990328232192104,-0.0602191173613505,1
25.89,-1.78230496693745,-1.44997025138008,-1.97863406778661,-2.78503253789383,-0.98773877935562,-0.0604348326386122,1
25.9,-1.78021730833084,-1.44822611972077,-1.97506397143157,-2.79025079814608,-0.985656174660552,-0.0606088612587562,1
25.91,-1.77813061253983,-1.44651129600431,-1.97147347588386,-2.79545962613092,-0.983574544423644,-0.0607832902001433,1
25.92,-1.77604489925283,-1.44482571017659,-1.96786262945245,-2.80065904210714,-0.981493908368016,-0.0609581206504443,1
25.93,-1.77396018815891,-1.44316929130012,-1.96423147902645,-2.80584906863799,-0.979414286217435,-0.0611333537975237,1
25.94,-1.77360441393321,-1.4415561310352,-1.96028597334463,-2.81139103897526,-0.979059381677793,-0.0611633005968398,1
25.95,-1.77379654308549,-1.43997665689222,-1.95622787853081,-2.81703763314137,-0.979251040948491,-0.0611471206860394,1
25.96,-1.77398886112704,-1.43842630322496,-1.95215053778698,-2.8226743567321,-0.979442888767813,-0.06113092903968,1
25.97,-1.77101663331055,-1.4376793986597,-1.95076501046155,-2.82466672018087,-0.976477941109696,-0.0613816136513482,0
25.98,-1.76591196722239,-1.43748630386457,-1.95119451372145,-2.82418701282429,-0.971385846270115,-0.0618144885214225,0
25.99,-1.76082421540305,-1.43732188408054,-1.95159991132893,-2.82370002827976,-0.966310711499096,-0.0622489366917715,0
26,-1.75575365022991,-1.43718616349951,-1.95198120120232,-2.82320574355893,-0.961252809184887,-0.0626849584713146,0
26.01,-1.75070053945745,-1.43707916206221,-1.95233838189565,-2.82270413960723,-0.95621240708779,-0.0631225539773515,0
26.02,-1.74566514624421,-1.43700089551649,-1.95267145264076,-2.82219520120494,-0.951189768366675,-0.0635617231375993,0
26.03,-1.74064772906819,-1.43695137540493,-1.95298041334905,-2.82167891697825,-0.946185151494405,-0.0640024656899629,0
26.04,-1.73564854164577,-1.43693060905517,-1.95326526461285,-2.82115527940778,-0.941198810176744,-0.064444781182415,0
26.05,-1.73066783285428,-1.43693859957304,-1.95352600770653,-2.82062428483441,-0.936230993274901,-0.0648886689729797,0
26.06,-1.72570584665809,-1.43697534583829,-1.95376264458726,-2.82008593346256,-0.931281944731644,-0.0653341282298293,0
26.07,-1.72076282203843,-1.43704084250324,-1.95397517789556,-2.81954022936085,-0.926351903501147,-0.065781157931486,0
26.08,-1.71583899292699,-1.43713507999402,-1.9541636109554,-2.81898718046008,-0.921441103482553,-0.0662297568671322,0
26.09,-1.71093458814325,-1.43725804451467,-1.95432794777411,-2.81842679854862,-0.916549773457335,-0.0666799236370281,0
26.1,-1.7060498313356,-1.43740971805392,-1.95446819304191,-2.81785909926525,-0.911678137030454,-0.0671316566530375,0
26.11,-1.70118494092638,-1.43759007839469,-1.95458435213124,-2.81728410208926,-0.906826412575389,-0.0675849541392574,0
26.12,-1.69634013006075,-1.43779909912632,-1.95467643109563,-2.8167018303281,-0.901994813183032,-0.0680398141327551,0
26.13,-1.69151560655944,-1.43803674965951,-1.95474443666844,-2.81611231110237,-0.897183546614484,-0.0684962344844088,0
26.14,-1.68784036202289,-1.43861806907584,-1.95575145409813,-2.81430510580515,-0.893518469582683,-0.0688462862379484,1
26.15,-1.68774955015405,-1.44022660407855,-1.95978883649986,-2.80865375206239,-0.893427909683757,-0.0688549611444277,1
26.16,-1.68765882912458,-1.44186433394571,-1.96380686907596,-2.80299255731604,-0.893337440408866,-0.0688636286357461,1
26.17,-1.6875681987426,-1.44353136252407,-1.96780552054074,-2.79732144899736,-0.893247061566562,-0.0688722887268658,1
26.18,-1.6869887711389,-1.44522863146129,-1.9717204352905,-2.79167455178337,-0.892669242365815,-0.068927663343186,1
26.19,-1.68640950287116,-1.44695537176397,-1.97561565888165,-2.78601776720246,-0.892091585114858,-0.0689831277931839,1
26.2,-1.68583105891578,-1.44871170911431,-1.97949116974082,-2.78035114998562,-0.891514749828183,-0.0690385114138313,1
26.21,-1.68525343962452,-1.45049771193933,-1.98334699633679,-2.77467448663352,-0.89093873991208,-0.0690939192121506,1
26.22,-1.68444250211146,-1.4523068381967,-1.98713575784971,-2.76902763803129,-0.89013006332947,-0.0691717587785532,1
26.23,-1.68357380626185,-1.45414411973391,-1.99089262027762,-2.76338092050945,-0.889263792735092,-0.0692552555783569,1
26.24,-1.68270657024032,-1.45601132548492,-1.99462946705483,-2.75772425290942,-0.888398981300301,-0.0693387291989314,1
26.25,-1.68184079304,-1.45790854465997,-1.99834624943646,-2.75205759500879,-0.88753562801464,-0.0694221795167566,1
26.26,-1.68097647364114,-1.45983586577042,-2.00204291713078,-2.74638090883054,-0.886673731854788,-0.0695056064087308,1
26.27,-1.67990496322957,-1.46178265440312,-2.00566702364311,-2.74074450349101,-0.885605230311309,-0.069609195017649,1
26.28,-1.67882034007245,-1.46375888739315,-2.00926696063062,-2.73510181756553,-0.884523658207965,-0.0697142357249546,1
26.29,-1.67773776080924,-1.46576542094486,-2.01284646793263,-2.72944918068786,-0.883444129652022,-0.0698192642405206,1
26.3,-1.67665722458178,-1.46780233409092,-2.01640548782662,-2.72378657195908,-0.882366643778598,-0.0699242803323099,1
26.31,-1.67557873050435,-1.46986970476918,-2.01994396114811,-2.71811397301691,-0.881291199695268,-0.0700292837686567,1
26.32,-1.67435497387358,-1.47195675332977,-2.0234184876401,-2.71247640253686,-0.880070910429875,-0.0701486559017906,1
26.33,-1.67307290605158,-1.4740698535435,-2.02685428934915,-2.70684759876242,-0.87879248271221,-0.0702739746077699,1
26.34,-1.6717935081416,-1.47621354903773,-2.03026919257092,-2.70120897240514,-0.877516725034023,-0.0703992973242039,1
26.35,-1.6705167796569,-1.47838790580983,-2.03366313138459,-2.69556052400136,-0.876243636898053,-0.0705246236867858,1
26.36,-1.66924272005819,-1.48059298834272,-2.03703603854883,-2.68990225692253,-0.874973217754439,-0.0706499533315893,1
26.37,-1.66787121272295,-1.48281884794237,-2.04035382666252,-2.68427186422638,-0.873605637974876,-0.0707851665368458,1
26.38,-1.66637220633866,-1.48506238849984,-2.04360587375798,-2.67868107743856,-0.872110934580971,-0.0709333042500732,1
26.39,-1.66487666213063,-1.48733669818163,-2.04683647301303,-2.67308078132894,-0.870619694222358,-0.0710814710011101,1
26.4,-1.66338458033071,-1.48964182561745,-2.05004555112119,-2.66747100146709,-0.869131917114979,-0.0712296662405532,1
26.41,-1.66189596107524,-1.49197781746799,-2.05323303360823,-2.66185176656042,-0.867647603379274,-0.0713778894192086,1
26.42,-1.660529017283,-1.49435633783813,-2.056439149575,-2.65617883620955,-0.866284622752895,-0.0715143261364799,1
26.43,-1.65932875919144,-1.4967820631627,-2.05967958470116,-2.65043486242422,-0.865087852147141,-0.0716343866194517,1
26.44,-1.65813099197147,-1.49923899008174,-2.06289845021986,-2.64468115051949,-0.863893572283697,-0.0717544422954684,1
26.45,-1.65693571448226,-1.50172716865664,-2.06609566794655,-2.63891772917565,-0.862701782012394,-0.0718744928416831,1
26.46,-1.65574292554724,-1.50424664684273,-2.06927115851107,-2.63314463036482,-0.861512480147309,-0.0719945379352461,1
26.47,-1.65967708760089,-1.50441550450883,-2.07029094470883,-2.63221267097497,-0.86543516771591,-0.0715995185279568,1
26.48,-1.66430741648127,-1.50429782215455,-2.07100413443994,-2.63191558145035,-0.870052089583765,-0.0711379652433409,1
26.49,-1.66895836156638,-1.50420787412921,-2.07169218751884,-2.63161326502582,-0.874689672834812,-0.070677962081403,1
26.5,-1.67354929333512,-1.50377767364995,-2.07184955709941,-2.63217423476947,-0.879267516514794,-0.0702273780709865,1
26.51,-1.67804815759681,-1.50286209171611,-2.07127665324667,-2.63394144001435,-0.883753651188528,-0.0697891314933556,1
26.52,-1.68256694608543,-1.5019744188216,-2.070678335744,-2.6357038077519,-0.888259747820389,-0.0693521793488228,1
26.53,-1.68710550887665,-1.50111472832978,-2.07005462179628,-2.6374612417816,-0.892785656591134,-0.0689165253344727,1
26.54,-1.69166369131421,-1.50028308945221,-2.06940552954447,-2.63921364936577,-0.897331222945356,-0.0684821730044393,1
26.55,-1.69624133403001,-1.49947956722981,-2.06873107805841,-2.64096094125892,-0.901896287611612,-0.0680491257667929,1
26.56,-1.70083827296261,-1.49870422250971,-2.06803128732784,-2.64270303174212,-0.906480686620863,-0.0676173868822169,1
26.57,-1.70545433937882,-1.49795711192473,-2.06730617825303,-2.64443983865494,-0.911084251328005,-0.0671869594627533,1
26.58,-1.71027976603395,-1.49805603681245,-2.06770823653821,-2.64421176894291,-0.91589670447537,-0.0667402838484214,1
26.59,-1.71512965236239,-1.49820715220109,-2.06811881317866,-2.64392064343739,-0.920733647931579,-0.0662946585712757,1
26.6,-1.71999818665036,-1.49838643540826,-2.06850400899923,-2.64362406397299,-0.925589285102734,-0.0658506042986469,1
26.61,-1.72488514690238,-1.4985938957396,-2.06886379799977,-2.64332204610099,-0.930463394010757,-0.0654081217198741,1
26.62,-1.72678453636878,-1.5007972273131,-2.07191205596655,-2.638172558514,-0.932357813832261,-0.0652370115102441,1
26.63,-1.72837928116751,-1.50323255612056,-2.07521524528445,-2.6325193441299,-0.933948396865819,-0.0650937169969234,1
26.64,-1.73137028861182,-1.50490077457814,-2.07743127064789,-2.62879405868083,-0.936931625119843,-0.0648258690665331,1
26.65,-1.7362006495811,-1.50555219656769,-2.07822754629797,-2.62760025528888,-0.941749494817371,-0.0643957746770085,1
26.66,-1.74104736440141,-1.50623187663694,-2.07899843812592,-2.62640098200332,-0.946583763908164,-0.0639672444755758,1
26.67,-1.74591020248786,-1.50693979052622,-2.07974390378863,-2.62519630668915,-0.951434201777827,-0.0635402775434089,1
26.68,-1.75078892923505,-1.50767590955893,-2.0804639018741,-2.62398630096377,-0.956300573787279,-0.0631148728018796,1
26.69,-1.75472112076318,-1.50881095216735,-2.08170492261387,-2.62180614949703,-0.960222869243276,-0.0627741234230636,1
26.7,-1.75484655131924,-1.51144590697037,-2.08508880959102,-2.61579352238854,-0.960347984999729,-0.0627632839570674,1
26.71,-1.75497188430628,-1.51411334548514,-2.0884514955554,-2.60976960554946,-0.960473003487187,-0.0627524548191178,1
26.72,-1.75509711978906,-1.51681334452641,-2.09179289705744,-2.60373440562374,-0.960597924770096,-0.0627416359983594,1
26.73,-1.75308412277537,-1.51756695540609,-2.09284537128458,-2.6018286889046,-0.95858997722558,-0.0629155040338708,1
26.74,-1.74866142934175,-1.51611950503796,-2.09129378308964,-2.60460591718308,-0.954178451013127,-0.0633000210116434,1
26.75,-1.74424895939139,-1.51469701129125,-2.08972049096381,-2.60737791985099,-0.949777185146476,-0.0636858045204581,1
26.76,-1.73984854637178,-1.51330341765291,-2.08812240440453,-2.61014363643145,-0.945388016178627,-0.0640729611158662,1
26.77,-1.73557012699184,-1.51187105761033,-2.08641217472843,-2.61306382029156,-0.941120597762879,-0.0644517446468005,1
26.78,-1.73256240262364,-1.50968988151882,-2.08367276267971,-2.61782644193754,-0.93812064813109,-0.0647194413541332,1
26.79,-1.73437337552864,-1.50921288502393,-2.08304317824878,-2.61902853997896,-0.939926929514093,-0.0645579051432527,1
26.8,-1.73923697087727,-1.50982605079809,-2.08372717002101,-2.61798461027789,-0.944778009039145,-0.0641269626686226,1
26.81,-1.74411566747389,-1.51046483321388,-2.08438779947176,-2.61693598592937,-0.949644232779252,-0.0636974960091554,1
26.82,-1.74901061063361,-1.5111317411834,-2.08502285169889,-2.61588220286812,-0.954526748662251,-0.0632695949452197,1
26.83,-1.7519765361836,-1.51144171888401,-2.08526919945184,-2.61547521601685,-0.95748517045675,-0.0630112214325089,1
26.84,-1.74732490353002,-1.51029559949676,-2.08403478630821,-2.61762133002455,-0.952845311472823,-0.0634166187960919,1
26.85,-1.74268402300395,-1.50917297836264,-2.08277986660101,-2.61976253806918,-0.948216239392645,-0.063823210876165,1
26.86,-1.73805707123917,-1.50807892751346,-2.08149988311831,-2.62189784796354,-0.943601139113804,-0.0642312814594088,1
26.87,-1.73344425227086,-1.50701348271124,-2.08019489700464,-2.62402716044099,-0.939000214724617,-0.0646408323031102,1
26.88,-1.72945241977579,-1.50545247053691,-2.07817218397054,-2.6273996779201,-0.935018740447368,-0.0649974806719949,1
26.89,-1.72572352869094,-1.50370204476735,-2.07583616455192,-2.63128666539481,-0.931299580492258,-0.0653325350152821,1
26.9,-1.72200313853633,-1.50198158560987,-2.07347679980499,-2.63516538158354,-0.927588953153719,-0.0656686779213584,1
26.91,-1.71805013290338,-1.50069296165947,-2.07163797902914,-2.63807681500656,-0.923646380518579,-0.0660278930953368,1
26.92,-1.71321311716258,-1.50093084950756,-2.07180120269215,-2.63740807999885,-0.918822215939607,-0.0664703634041642,1
26.93,-1.70839534937583,-1.50119683477232,-2.07193890489002,-2.63673416852006,-0.914017342730121,-0.0669143241510023,1
26.94,-1.70359703686637,-1.50149088531151,-2.07205108919302,-2.6360551120212,-0.909231968160155,-0.067359773425118,1
26.95,-1.69881838185023,-1.50181296460108,-2.07213776021843,-2.63537094558262,-0.904466294387698,-0.067806709139458,1
26.96,-1.69405958146131,-1.50216303177952,-2.0721989236288,-2.63468170787024,-0.899720518483652,-0.0682551290348044,1
26.97,-1.68953924374969,-1.50306121026861,-2.07295853889392,-2.63275633598876,-0.895212643947887,-0.0686842192807039,1
26.98,-1.68504247361979,-1.50399777944592,-2.07370708865991,-2.63080160047404,-0.890728361805038,-0.0691141594478526,1
26.99,-1.68056509704191,-1.50496239513909,-2.07443024770282,-2.62884192172169,-0.886263509805125,-0.0695453550165261,1
27,-1.67610726001753,-1.50595498359604,-2.07512799320127,-2.62687740189373,-0.881818233844617,-0.0699778022931448,1
27.01,-1.67166910398576,-1.50697546694998,-2.07580030324963,-2.62490814658709,-0.877392675253644,-0.0704114974468988,1
27.02,-1.66714897844203,-1.50750214480436,-2.07574843225042,-2.62414814497583,-0.872885475563235,-0.0708564942203976,1
27.03,-1.662531124202,-1.50745314007572,-2.07486298562529,-2.6247874009637,-0.868280928104163,-0.0713146001040048,1
27.04,-1.65793349508644,-1.5074319226943,-2.07395250850778,-2.62542128591608,-0.863696651104363,-0.0717742615154488,1
27.05,-1.65335625075043,-1.50743844030381,-2.07301704777076,-2.62604980932631,-0.859132804155324,-0.0722354761678346,1
27.06,-1.65254060882753,-1.50547424980549,-2.07023671313772,-2.63074038501318,-0.858319560658392,-0.0723180431203671,1
27.07,-1.65289671414244,-1.50291701779363,-2.06686606704004,-2.63669184481885,-0.858674618096098,-0.072281969478575,1
27.08,-1.65325327829429,-1.50039156873944,-2.06347426477,-2.64263268404491,-0.859030133665036,-0.0722458715044443,1
27.09,-1.65416327435786,-1.49791390580645,-2.06020457651121,-2.64844007009089,-0.859937457993207,-0.0721538955183559,1
27.1,-1.65544621831284,-1.49547824350234,-2.05700927134399,-2.65415544433655,-0.86121664143163,-0.0720244373114488,1
27.11,-1.65673195771885,-1.49307364158432,-2.05379234038755,-2.65986125628277,-0.86249862041954,-0.0718949820760609,1
27.12,-1.65802049360484,-1.49070005149596,-2.05055386013997,-2.66555747732633,-0.863783395997214,-0.0717655302031344,1
27.13,-1.6593118269364,-1.48835742267029,-2.04729390591598,-2.67124408205739,-0.865070969141609,-0.0716360820849034,1
27.14,-1.66060595862548,-1.48604570259996,-2.04401255182569,-2.67692104821131,-0.866361340776037,-0.0715066381139287,1
27.15,-1.6619145430415,-1.48376583214209,-2.04071378179905,-2.68258420156461,-0.86766613153425,-0.0713760368982213,1
27.16,-1.66323416427964,-1.48151744994161,-2.03739648904657,-2.68823478172934,-0.868981935619177,-0.0712446264014308,1
27.17,-1.664556652941,-1.4792997974822,-2.03405799383083,-2.69387569762636,-0.870300607355734,-0.0711132233439095,1
27.18,-1.66588200965045,-1.47711281586866,-2.0306983653879,-2.69950693823106,-0.871622147380637,-0.0709818281346145,1
27.19,-1.66721023497397,-1.47495644456149,-2.02731767167814,-2.70512849543913,-0.872946556271708,-0.0708504411827561,1
27.2,-1.66846023863259,-1.47282464727999,-2.02389054452473,-2.7107666433812,-0.874192976001445,-0.0707270581647401,1
27.21,-1.66959297112455,-1.47071457450762,-2.02040505815904,-2.71643374931285,-0.875322467254842,-0.0706154725415606,1
27.22,-1.67072793818217,-1.46863499850582,-2.01689886865287,-2.72209097072967,-0.876454192811643,-0.0705038775880418,1
27.23,-1.67186514074507,-1.46658584599712,-2.01337203746372,-2.72773831897914,-0.877588153619325,-0.0703922735750419,1
27.24,-1.67300457972315,-1.46456704248365,-2.00982462464452,-2.73337580803377,-0.878724350595639,-0.0702806607734929,1
27.25,-1.67405458895626,-1.4625738648316,-2.00623190573383,-2.73902717838882,-0.879771377687191,-0.0701779939472308,1
27.26,-1.67497283091473,-1.46060415370099,-2.00258272542571,-2.74470316655107,-0.880687015973952,-0.0700883565761551,1
27.27,-1.67589268804327,-1.45866461550907,-1.99891329791621,-2.75036917956332,-0.881604268800092,-0.0699986972996309,1
27.28,-1.67681416143201,-1.45675516520478,-1.99522367595102,-2.75602524944463,-0.882523137260114,-0.069909016268051,1
27.29,-1.67773725215947,-1.45487571692576,-1.99151391075876,-2.76167141054235,-0.883443622436897,-0.0698193136318649,1
27.3,-1.67844391462525,-1.45302029783257,-1.98773580325207,-2.76734843159894,-0.884148292914057,-0.0697507342833131,1
27.31,-1.67908531883406,-1.45119296103016,-1.98392311159352,-2.77302789811233,-0.884787890136266,-0.0696885240558269,1
27.32,-1.67972768619746,-1.44939538095994,-1.98009063398246,-2.7786973089008,-0.885428451591409,-0.0696263507695592,1
27.33,-1.68037101619032,-1.44762749803214,-1.97623832873269,-2.78435690903946,-0.886069972972462,-0.0695640844058661,1
27.34,-1.68090188798314,-1.44588829377338,-1.97234603018001,-2.79002083871345,-0.886599354825256,-0.0695127890357072,1
27.35,-1.68137252345328,-1.44417810417897,-1.96842321465306,-2.79568253608137,-0.887068670863413,-0.0694673638601177,1
27.36,-1.68184379125034,-1.44249732738337,-1.96448079338285,-2.80133447016865,-0.88753861731928,-0.0694218729370019,1
27.37,-1.6823156927679,-1.44084584875879,-1.96051883898921,-2.80697661998325,-0.888009197239126,-0.0693763730967217,1
27.38,-1.68278822874822,-1.439223569161,-1.95653738524923,-2.81260905079079,-0.888480411364862,-0.0693308643634485,1
27.39,-1.68367440990153,-1.43783553850215,-1.95313173172929,-2.81745648549051,-0.889364115331369,-0.0692455798112419,1
27.4,-1.68753164157465,-1.4382645143462,-1.95480580205151,-2.81558582330128,-0.893210605933842,-0.0688757844147852,0
27.41,-1.68279813516769,-1.43868165928068,-1.95516290569834,-2.81452604182999,-0.888490290072685,-0.069329910327306,0
27.42,-1.67808536710523,-1.43912733885821,-1.95549595989943,-2.81345917658614,-0.883790755804114,-0.0697855202907568,0
27.43,-1.673393515495,-1.43960150619179,-1.95580496366967,-2.81238528045048,-0.8791121811433,-0.0702426110321117,0
27.44,-1.66872275299054,-1.44010411031798,-1.95608991665385,-2.81130441004223,-0.874454738646412,-0.0707011791031037,0
27.45,-1.66407324685546,-1.44063509626263,-1.95635081915011,-2.81021662562867,-0.869818595474731,-0.0711612208837468,0
27.46,-1.65944515894713,-1.44119440506891,-1.95658767211105,-2.80912199109336,-0.865203913378416,-0.0716227325839484,0
27.47,-1.65483864570415,-1.44178197382774,-1.95680047714461,-2.80802057390196,-0.860610848683937,-0.0720857102452093,0
27.48,-1.6514687532242,-1.44268873407892,-1.95806962456226,-2.80562190021607,-0.857250862023758,-0.0724267230368203,1
27.49,-1.65116190760845,-1.44435603662585,-1.96203438056015,-2.79996945923961,-0.856944921006402,-0.072457864156334,1
27.5,-1.65085544562534,-1.44605255838327,-1.96597957271958,-2.79430737039004,-0.856639362970064,-0.07248898282285,1
27.51,-1.65054936667725,-1.44777839740777,-1.9699051663678,-2.78863557029322,-0.856334187317642,-0.0725200790540939,1
27.52,-1.65024367023028,-1.44953365156933,-1.97381112508898,-2.78295399750878,-0.856029393515565,-0.0725511528614047,1
27.53,-1.64993835611809,-1.45131840961477,-1.97769743180434,-2.77726254441854,-0.855724982357376,-0.0725822372136044,1
27.54,-1.64961565606112,-1.45313352929061,-1.98156057953203,-2.77156274679356,-0.855403236162691,-0.0726150741349991,1
27.55,-1.64914207556403,-1.45498467181253,-1.98537472556113,-2.765865832068,-0.854931056295365,-0.072663291092972,1
27.56,-1.64866916679587,-1.45686558134945,-1.9891689993973,-2.7601589836664,-0.854459548404809,-0.0727115164521317,1
27.57,-1.64819692849786,-1.45877636002056,-1.99294333315999,-2.75444220542454,-0.85398871021873,-0.0727597153695897,1
27.58,-1.64772535933103,-1.46071711089082,-1.99669765304089,-2.74871551382781,-0.853518539176576,-0.0728078459014952,1
27.59,-1.64725445929686,-1.46268790507851,-2.00043196019139,-2.74297875053999,-0.85304903757908,-0.0728559870564256,1
27.6,-1.64678422664724,-1.46468885380801,-2.00414615430031,-2.73723199070238,-0.852580201382292,-0.0729040599176681,1
27.61,-1.64631466094386,-1.46672003711058,-2.00784020833323,-2.73147513838563,-0.852112031294661,-0.0729521039170636,1
27.62,-1.64565816060212,-1.46878588690219,-2.01147045474951,-2.72573473845338,-0.851457484910958,-0.0730193686854212,1
27.63,-1.64496952721795,-1.4708828472415,-2.01507260681459,-2.71998902250321,-0.850770904636719,-0.0730900465020424,1
27.64,-1.64428202345103,-1.47301024399755,-2.01865427480209,-2.71423338022547,-0.850085451959567,-0.0731606547431727,1
27.65,-1.64359564842921,-1.47516814838923,-2.02221542356815,-2.70846773370728,-0.849401127128839,-0.0732312319206652,1
27.66,-1.64291040084947,-1.47735664011617,-2.02575599226166,-2.70269206425698,-0.848717928839628,-0.0733017779688789,1
27.67,-1.64222627940472,-1.47957579770005,-2.02927591858951,-2.69690635580252,-0.848035855782914,-0.0733722928224551,1
27.68,-1.64154328278373,-1.48182569842484,-2.03277513882919,-2.69111059493863,-0.847354906645607,-0.073442776416318,1
27.69,-1.64086140967129,-1.48410641827642,-2.03625358784142,-2.68530477097449,-0.846675080110594,-0.0735132286856739,1
27.7,-1.64018065874816,-1.48641803188137,-2.03971119908318,-2.67948887598202,-0.845996374856775,-0.0735836495660123,1
27.71,-1.63903584084315,-1.48875147672379,-2.04300557236284,-2.67378236526991,-0.844855002711128,-0.0737022673782078,1
27.72,-1.63784486042734,-1.49111470512253,-2.04626365157008,-2.66807891486489,-0.843667614427158,-0.073825923572452,1
27.73,-1.63665646552918,-1.4935087095949,-2.04950023714671,-2.66236607759178,-0.842482811447473,-0.0739495720263976,1
27.74,-1.63547065435711,-1.49593353898009,-2.05271525481175,-2.65664387948969,-0.841300591970515,-0.0740732123953888,1
27.75,-1.63428742507815,-1.49838924013556,-2.05590862910428,-2.65091234975901,-0.840120954153356,-0.0741968443354589,1
27.76,-1.6331067758197,-1.50087585787528,-2.05908028339956,-2.64517152080711,-0.83894389611342,-0.0743204675032078,1
27.77,-1.63173561518009,-1.50336757413446,-2.06213907023606,-2.63952478372366,-0.837576915734771,-0.0744643672120848,1
27.78,-1.62949053505516,-1.50577184312179,-2.06476055986523,-2.63434062618588,-0.835338702504227,-0.0747007493886038,1
27.79,-1.6272527907093,-1.50820595410407,-2.06735890374736,-2.62914925828789,-0.833107830390151,-0.0749373138258798,1
27.8,-1.62502238596573,-1.51066988433195,-2.06993402196566,-2.62395078529415,-0.830884303167618,-0.075174058856861,1
27.81,-1.6225431814377,-1.512992785053,-2.07218637752626,-2.61919710124919,-0.828412776237602,-0.0754383431965828,1
27.82,-1.61824306842306,-1.51411898367561,-2.07226725596903,-2.61767746980067,-0.824126062888805,-0.0758995926211477,1
27.83,-1.61396488979331,-1.51527171817565,-2.07232268035194,-2.61615442877416,-0.819861321656539,-0.0763621351026898,1
27.84,-1.60970873254644,-1.51645086302294,-2.0723526557017,-2.61462810759296,-0.815618639379412,-0.0768259650721973,1
27.85,-1.60547467876308,-1.51765628924159,-2.07235718805941,-2.61309863832445,-0.811398097975364,-0.0772910768309314,1
27.86,-1.60126280572187,-1.5188878644873,-2.07233628447119,-2.61156615560786,-0.807199774556843,-0.0777574645590378,1
27.87,-1.59707856526118,-1.52015720876292,-2.0723067971178,-2.61000261551839,-0.803029103277493,-0.0782245194471927,1
27.88,-1.59292928602796,-1.52148023246131,-2.07229171165791,-2.60836971947909,-0.798893388354212,-0.0786914005454539,1
27.89,-1.58880226446985,-1.52282899455715,-2.07225119473792,-2.6067342704101,-0.794779967288647,-0.0791595208539055,1
27.9,-1.5846975574727,-1.52420334892524,-2.07218525486801,-2.60509641606152,-0.790688896786774,-0.0796288740801836,1
27.91,-1.58061521737305,-1.52560314641413,-2.07209390155505,-2.60345630639678,-0.786620229002163,-0.0800994538256679,1
27.92,-1.5765552920012,-1.52702823491945,-2.07197714529935,-2.60181409351839,-0.78257401157916,-0.0805712535878661,1
27.93,-1.57251782472671,-1.52847845945823,-2.07183499759119,-2.6001699315927,-0.778550287698446,-0.0810442667629769,1
27.94,-1.57277049041223,-1.52962365738538,-2.07334688219109,-2.59753400902573,-0.778802089809306,-0.081014544893653,1
27.95,-1.57620122046212,-1.53056118120625,-2.0760749875588,-2.5941539939948,-0.782221140821768,-0.0806125817417429,1
27.96,-1.57964548703629,-1.53152463170565,-2.07878328604296,-2.5907660559535,-0.785653762763996,-0.0802117980535101,1
27.97,-1.5832302305104,-1.53192500418888,-2.08083142519273,-2.58860984373613,-0.789226471366513,-0.0797975782382597,1
27.98,-1.58725428288076,-1.53039031974878,-2.08074138287156,-2.59055898989442,-0.793237115416092,-0.0793360808146604,1
27.99,-1.59130012438222,-1.52888105798778,-2.08062573303125,-2.59250618582528,-0.79726958249017,-0.0788757438881532,1
28,-1.59536770570393,-1.52739737147297,-2.08048447443584,-2.59445127007642,-0.80132382345848,-0.07841657377084,1
28.01,-1.59945697317811,-1.52593940968983,-2.0803176068818,-2.59639408341404,-0.80539978483101,-0.0779585766758506,1
28.02,-1.60358368099947,-1.52454973177837,-2.08018215438569,-2.59823624030193,-0.809513170129687,-0.0775000085015621,1
28.03,-1.60790743706087,-1.52365508688353,-2.08065183365464,-2.59898926196525,-0.81382307927818,-0.0770233843772456,1
28.04,-1.61225383273607,-1.52278658897103,-2.08109617285911,-2.59973902017312,-0.81815566890046,-0.0765481604815389,1
28.05,-1.61662277618101,-1.52194435832311,-2.08151514472175,-2.60048541315996,-0.822510847304762,-0.0760743421695349,1
28.06,-1.62101417039449,-1.52112851183819,-2.08190872293187,-2.60122834181134,-0.826888517638314,-0.0756019346577666,1
28.07,-1.6254279131975,-1.52033916296124,-2.08227688215882,-2.60196770972316,-0.831288577866536,-0.0751309430240296,1
28.08,-1.62986389720999,-1.51957642161707,-2.0826195980619,-2.6027034232625,-0.835710920749704,-0.0746613722050694,1
28.09,-1.6343220098305,-1.51884039414548,-2.08293684729973,-2.60343539162679,-0.840155433822583,-0.0741932269943286,1
28.1,-1.6388034996057,-1.51814224938937,-2.0832425671837,-2.60413859524796,-0.844623361645326,-0.073726370262737,1
28.11,-1.64333204635586,-1.51767528026369,-2.08378046297356,-2.60437764370258,-0.849138313087547,-0.0732583596596315,1
28.12,-1.64788226168533,-1.51723540660834,-2.0842929689026,-2.60461241366293,-0.853674976597372,-0.0727918405421508,1
28.13,-1.65245400630576,-1.51682271019345,-2.08478005368108,-2.60484284843926,-0.858233212992728,-0.0723268166742213,1
28.14,-1.65704713563119,-1.51643726890279,-2.08524168699893,-2.60506889451669,-0.862812877789423,-0.0718632916620656,1
28.15,-1.66166149978004,-1.51607915668156,-2.08567783953836,-2.60529050159752,-0.867413821203043,-0.0714012689527942,1
28.16,-1.66629694358079,-1.51574844348623,-2.08608848298555,-2.60550762264267,-0.872035888154597,-0.0709407518327311,1
28.17,-1.67095330658118,-1.5154451952366,-2.08647359004181,-2.60572021391104,-0.876678918279678,-0.0704817434258155,1
28.18,-1.67563042306092,-1.51516947377053,-2.08683313443448,-2.60592823499664,-0.881342745941084,-0.0700242466920869,1
28.19,-1.68032812204789,-1.51492133680095,-2.08716709092729,-2.60613164886359,-0.886027200245046,-0.0695682644262471,1
28.2,-1.68501642835127,-1.51497136635728,-2.08780677246797,-2.6057267580672,-0.890702389130532,-0.069116658728493,1
28.21,-1.68970011546469,-1.51526623534903,-2.0886867837035,-2.60483264788348,-0.895373070573723,-0.068668895542643,1
28.22,-1.69440262100176,-1.51558910344768,-2.08954146821979,-2.60393325767402,-0.900062615870779,-0.0682226918008055,1
28.23,-1.69912375451851,-1.51593998940001,-2.09037077942715,-2.60302861346696,-0.904770834602458,-0.0677780484475231,1
28.24,-1.70386332094212,-1.5163189076823,-2.09117467163144,-2.60211874493778,-0.909497531716073,-0.0673349662675167,1
28.25,-1.70862112061031,-1.51672586847612,-2.09195310005339,-2.60120368541511,-0.914242507564825,-0.0668934458848412,1
28.26,-1.71273081434116,-1.51803252608767,-2.09373537411556,-2.59834534574077,-0.918341199706176,-0.0665146608634534,1
28.27,-1.71657189989636,-1.51973470702261,-2.0959257249914,-2.5946659237661,-0.922172064941029,-0.066162772111456,1
28.28,-1.72042270107602,-1.52146677072297,-2.09809223535024,-2.59097868765485,-0.926012679439087,-0.0658120388412088,1
28.29,-1.7242831001396,-1.52322869761418,-2.10023481876024,-2.58728374585663,-0.929862925400826,-0.065462459067549,1
28.3,-1.72661496261155,-1.52305807564452,-2.10006737097021,-2.58774771571713,-0.932188672591106,-0.0652519040145195,1
28.31,-1.72688844630148,-1.52029093746669,-2.09679283938648,-2.59380364042069,-0.932461452157871,-0.0652276596361203,1
28.32,-1.72716004768115,-1.5175532487281,-2.09349978448061,-2.59984894062739,-0.932732344018675,-0.0652032300906553,1
28.33,-1.72743194437486,-1.51484819894659,-2.09018525966282,-2.60588307644142,-0.933003530707922,-0.065178783810806,1
28.34,-1.72631688101742,-1.5173022446446,-2.09318902008332,-2.6003654889946,-0.931891380774449,-0.0652790964428459,1
28.35,-1.72516104650359,-1.51994664655691,-2.09636639280509,-2.59448156553391,-0.930738570865401,-0.0653832368018232,1
28.36,-1.72400722867134,-1.52262342761656,-2.09952187578734,-2.58858705838658,-0.929587777551069,-0.0654873739357168,1
28.37,-1.72285542780255,-1.525332638304,-2.10265537953094,-2.58268200696421,-0.928439001106758,-0.0655915076169858,1
28.38,-1.7212084582844,-1.52705287126283,-2.10459540444347,-2.57893225973029,-0.926796365295391,-0.0657407206666323,1
28.39,-1.71773050898791,-1.5250318571788,-2.10218610591866,-2.58317222110515,-0.9233276028893,-0.0660570311741671,1
28.4,-1.71426000091513,-1.52304132957788,-2.09975333915717,-2.58740369654261,-0.919866310283601,-0.0663743233810029,1
28.41,-1.71079702132159,-1.5210812980133,-2.0972971950634,-2.59162658318109,-0.916412574791522,-0.0666925992433955,1
28.42,-1.70664976974977,-1.51992901960209,-2.09570837160669,-2.59413369593103,-0.912276458692598,-0.067075992328303,1
28.43,-1.70191458243369,-1.51948331601806,-2.09487140805781,-2.59514582007766,-0.90755407307661,-0.0675167493459014,1
28.44,-1.6971975346431,-1.51906564432636,-2.09400897701254,-2.59615278116404,-0.902849872345462,-0.0679590636274014,1
28.45,-1.69249882268173,-1.51867599513384,-2.09312112599237,-2.59715454230994,-0.898164052788222,-0.068402934584519,1
28.46,-1.68781863828029,-1.51831435474539,-2.09220790341523,-2.59815107030953,-0.893496806116512,-0.068848361468561,1
28.47,-1.68315716860132,-1.51798070520966,-2.09126935857701,-2.59914233560308,-0.888848319469237,-0.0692953433733675,1
28.48,-1.67851459620282,-1.51767502434921,-2.09030554163193,-2.60012831226542,-0.88421877537625,-0.0697438792359098,1
28.49,-1.67383563677906,-1.51779865399892,-2.08979697936218,-2.60022367892057,-0.879553046931048,-0.070199387783539,1
28.5,-1.66916659046152,-1.51802615484189,-2.089354194444,-2.6001461283965,-0.874897305932704,-0.0706574506586564,1
28.51,-1.66451827452363,-1.51828114534856,-2.08888584901201,-2.60006403913231,-0.870262339585051,-0.0711170325390115,1
28.52,-1.65989085335675,-1.5185635648033,-2.08839197313192,-2.59997744655062,-0.865648312198351,-0.0715781305327775,1
28.53,-1.65528448610401,-1.51887334842558,-2.08787259788214,-2.59988638940385,-0.861055382829932,-0.0720407415850081,1
28.54,-1.65069932665021,-1.51921042741701,-2.08732775534158,-2.59979090973691,-0.856483705274089,-0.072504862479161,1
28.55,-1.64613552361312,-1.51957472901009,-2.08675747857684,-2.59969105284848,-0.8519334280535,-0.0729704898386843,1
28.56,-1.64159322033836,-1.51996617651932,-2.08616180162903,-2.5995868672502,-0.847404694414121,-0.0734376201286764,1
28.57,-1.63708511742012,-1.52047878743446,-2.08565806946579,-2.5992678664862,-0.84291016686418,-0.0739049421711161,1
28.58,-1.63263542045424,-1.52129222454522,-2.08547036762916,-2.5983320313201,-0.83847397660928,-0.0743698951246203,1
28.59,-1.62820771289853,-1.52213237725139,-2.08525709330928,-2.59739258569474,-0.834059816555622,-0.0748362465930307,1
28.6,-1.62380210732552,-1.52299913731007,-2.0850182641835,-2.59644962801258,-0.829667799137897,-0.0753039917279597,1
28.61,-1.61941871113856,-1.5238923928606,-2.08475389896696,-2.59550325949753,-0.825298031617491,-0.0757731255402201,1
28.62,-1.61505762659232,-1.52481202848861,-2.08446401740494,-2.59455358413515,-0.82095061610313,-0.0762436429015005,1
28.63,-1.61071895081535,-1.52575792529135,-2.08414864026536,-2.59360070861093,-0.816625649573424,-0.0767155385466531,1
28.64,-1.60640277583531,-1.52672996094496,-2.08380778933078,-2.59264474224707,-0.812323223902254,-0.0771888070760358,1
28.65,-1.60214555532122,-1.52780121335372,-2.08354151124982,-2.59151535828465,-0.808079675332571,-0.0776594065091033,1
28.66,-1.59820421414961,-1.52949129945078,-2.08405970153768,-2.5890030917361,-0.804151091040722,-0.0780985031249265,1
28.67,-1.59428325046671,-1.53120733297257,-2.08455220423865,-2.58648860354897,-0.800242914594932,-0.0785386392428736,1
28.68,-1.59038270980434,-1.53294916305574,-2.08501900321622,-2.58397207018055,-0.796355191356276,-0.0789798088996404,1
28.69,-1.58650263394603,-1.53471663566598,-2.08546008334458,-2.58145367039219,-0.792487962935108,-0.0794220060527316,1
28.7,-1.58264306095485,-1.53650959366545,-2.08587543051301,-2.57893358517555,-0.788641267218983,-0.0798652245790824,1
28.71,-1.57871341211339,-1.53706842894691,-2.0847959950232,-2.57913303428709,-0.784724831151304,-0.0803199846305231,1
28.72,-1.57474648205908,-1.53686454118428,-2.08277181507942,-2.58103305244766,-0.780771344933039,-0.0807826912553336,1
28.73,-1.57079888574107,-1.53668777119089,-2.08072435581735,-2.5829269334575,-0.776837234041028,-0.0812468230025656,1
28.74,-1.56687068361442,-1.53653802983461,-2.07865369754479,-2.58481469187863,-0.772922558844948,-0.0817123768282717,1
28.75,-1.56296193249911,-1.53641522520747,-2.07655992046274,-2.58669634531739,-0.769027376076757,-0.0821793495930499,1
28.76,-1.56505823186019,-1.53372305173807,-2.07445757957808,-2.59167097625032,-0.771116385059066,-0.0819284422773922,1
28.77,-1.56730898164329,-1.5309957062437,-2.07233123883095,-2.59671678477738,-0.773359342194967,-0.0816602467150218,1
28.78,-1.56956843877544,-1.52829644595373,-2.07018060493256,-2.60175823784951,-0.775611012529627,-0.0813922503405935,1
28.79,-1.5718366100023,-1.52562534847695,-2.06800575339838,-2.60679517875847,-0.777871402873748,-0.0811244554067763,1
28.8,-1.57534028415994,-1.5239432322322,-2.0675976376686,-2.60917789239396,-0.781363127826952,-0.0807131950806122,1
28.81,-1.57949187182605,-1.52277806685903,-2.06808023368517,-2.61020307732068,-0.785500665200025,-0.0802296144526923,1
28.82,-1.58366652653877,-1.52163825336667,-2.06853770058452,-2.61122568168181,-0.789661308479879,-0.0797473645337786,1
28.83,-1.58786419255168,-1.52052393586372,-2.06897001204491,-2.61224557729239,-0.793845002101458,-0.0792664516865652,1
28.84,-1.59208480921771,-1.5194352555261,-2.06937714264132,-2.61326263820344,-0.798051685595804,-0.0787868821535221,1
28.85,-1.59632831099296,-1.51837235053734,-2.06975906786944,-2.61427674074196,-0.802281293593736,-0.0783086620577875,1
28.86,-1.60059462739476,-1.51733535601313,-2.070115764155,-2.61528776358162,-0.806533755783739,-0.0778317974005336,1
28.87,-1.60488368296195,-1.51632440392717,-2.0704472088627,-2.61629558781229,-0.810808996872232,-0.0773562940583745,1
28.88,-1.6091953972178,-1.51533962303841,-2.0707533803048,-2.61730009700858,-0.815106936546392,-0.0768821577808056,1
28.89,-1.61290343343411,-1.51366006397239,-2.06989054112391,-2.6201194845272,-0.818803215828795,-0.0764774662833741,1
28.9,-1.6162371230902,-1.51155812773244,-2.06828924566132,-2.62406918528039,-0.822126404778899,-0.0761160122976601,1
28.91,-1.61958568291039,-1.50948404153801,-2.06666318430277,-2.62801449337529,-0.82546448223382,-0.075755186120109,1
28.92,-1.62294908386554,-1.50743790602718,-2.06501241589054,-2.63195524294024,-0.828817419283278,-0.0753949918808811,1
28.93,-1.62523088830319,-1.50511198746299,-2.06258173798594,-2.63687591334047,-0.831092161398123,-0.0751518868147845,1
28.94,-1.62673413884362,-1.50259584188221,-2.05958775712814,-2.64249353729488,-0.832590775315402,-0.0749922803205737,1
28.95,-1.62824123633294,-1.50011028573407,-2.05657155919028,-2.64810259301373,-0.834093237010475,-0.0748327016873827,1
28.96,-1.62975218245957,-1.49765529543903,-2.05353322322216,-2.65370302395104,-0.835599548190778,-0.074673151571328,1
28.97,-1.63126697883682,-1.49523084505394,-2.05047282725718,-2.65929477694304,-0.837109710488579,-0.0745136306272725,1
28.98,-1.63233117580626,-1.49281444566611,-2.04722254727874,-2.66503628121432,-0.838170659408811,-0.074401821211261,1
28.99,-1.63323075194055,-1.49042069380169,-2.04388933013053,-2.67082632047184,-0.839067494774968,-0.0743074739616415,1
29,-1.63413203776165,-1.48805782884751,-2.04053488810525,-2.67660665273144,-0.83996603904954,-0.0742130996843295,1
29.01,-1.6350350350233,-1.48572578904936,-2.03715929225226,-2.68237726838199,-0.840866293990984,-0.0741186985423925,1
29.02,-1.63593974546996,-1.48342451099667,-2.03376261231515,-2.68813816077434,-0.841768261348514,-0.0740242706989619,1
29.03,-1.63684617083253,-1.48115392968254,-2.03034491672098,-2.69388932617166,-0.842671942857755,-0.0739298163176448,1
29.04,-1.63775431282815,-1.47891397856534,-2.0269062725659,-2.6996307637023,-0.843577340240622,-0.073835335562522,1
29.05,-1.63854003174135,-1.47670579089425,-2.02341249846089,-2.70538696307471,-0.844360688103389,-0.0737537141590737,1
29.06,-1.63914169471573,-1.47452998809076,-2.01984695733825,-2.71116979209176,-0.844960536717285,-0.0736912562699789,1
29.07,-1.63974430518227,-1.47238471409482,-2.01626094712032,-2.71694248234965,-0.8455613338372,-0.0736288330809233,1
29.08,-1.6403478628671,-1.47026991960827,-2.01265444453023,-2.72270525042433,-0.846163075328232,-0.073566311879974,1
29.09,-1.64095237040826,-1.46818548911755,-2.00902759082012,-2.72845792618367,-0.846765767695144,-0.0735038255754597,1
29.1,-1.64155782752584,-1.46613137195227,-2.00538035935782,-2.73420073125824,-0.847369406790295,-0.0734412412241681,1
29.11,-1.64216423685937,-1.46410744998011,-2.00171288881238,-2.73993350039005,-0.84797399912664,-0.0733786919654708,1
29.12,-1.64277159811888,-1.46211367137646,-1.99802514915064,-2.74565646009114,-0.848579540539839,-0.0733160446267215,1
29.13,-1.6433799139453,-1.46014991562161,-1.99431727641361,-2.75136944979179,-0.849186037550886,-0.0732534325768744,1
29.14,-1.64384993942403,-1.45822205601181,-1.99055979745104,-2.75708674671188,-0.849654657693315,-0.073205054392277,1
29.15,-1.64413023358262,-1.45633220337841,-1.98674216307434,-2.7628132658632,-0.849934114487958,-0.0731762284028093,1
29.16,-1.64441087395085,-1.4544721826777,-1.98290470658557,-2.76852978328662,-0.850213916870453,-0.0731473809845966,1
29.17,-1.64469186139435,-1.45264188858372,-1.97904749321159,-2.77423630207432,-0.850494066694721,-0.0731185461266171,1
29.18,-1.64497319565398,-1.4508412426364,-1.97517052189361,-2.77993297573953,-0.850774561723127,-0.073089655798591,1
29.19,-1.64525487759935,-1.44907013881053,-1.97127385457078,-2.7856198113524,-0.851055403814376,-0.0730607440029938,1
29.2,-1.64553690772454,-1.44732847981219,-1.96735752999536,-2.79129686744507,-0.851336593462167,-0.0730318107268229,1
29.21,-1.64581928691739,-1.44561615826347,-1.96342160787615,-2.79696415304997,-0.851618132584606,-0.0730028914268264,1
29.22,-1.64773101163557,-1.44404449564408,-1.96024793108626,-2.8018382090266,-0.853524175284137,-0.0728072882909415,1
29.23,-1.65079279512694,-1.44257957838416,-1.95760001900122,-2.80615571675694,-0.856576897855646,-0.0724953646909508,1
29.24,-1.65161157776536,-1.44100257141735,-1.95391552094157,-2.81147165177474,-0.857393265561834,-0.0724122298492843,0
29.25,-1.65168544950492,-1.43940795085489,-1.94987547445629,-2.81711122378934,-0.857466919576993,-0.0724047346069993,0
29.26,-1.65175939660626,-1.43784225588093,-1.94581606563676,-2.82274123650987,-0.857540648759641,-0.0723972326747484,0
29.27,-1.65183341916733,-1.43630538505197,-1.9417373209202,-2.82836176494615,-0.857614453207509,-0.0723897240452586,0
29.28,-1.65190751729678,-1.43479723703547,-1.93763926497114,-2.83397288577046,-0.857688333029028,-0.0723822087101748,0
29.29,-1.65198169110351,-1.43331771065014,-1.93352192069254,-2.83957467726541,-0.857762288332827,-0.0723746866611288,0
29.3,-1.65205594069656,-1.43186670490698,-1.92938530921505,-2.84516721929363,-0.857836319227728,-0.0723671578897397,0
29.31,-1.65213026618521,-1.4304441190496,-1.92522944988608,-2.85075059326836,-0.857910425822749,-0.0723596223876145,0
29.32,-1.65220466767891,-1.4290498525938,-1.92105436025876,-2.85632488212496,-0.857984608227103,-0.0723520801463469,0
29.33,-1.65227914528731,-1.42768380536654,-1.91686005608064,-2.86189017029322,-0.858058866550197,-0.0723445311575183,0
29.34,-1.65235369912027,-1.42634587754415,-1.91264655128218,-2.86744654367063,-0.858133200901638,-0.0723369754126969,0
29.35,-1.65242832928783,-1.42503596968994,-1.9084138579651,-2.87299408959648,-0.858207611391226,-0.0723294129034386,0
29.36,-1.65250303590023,-1.42375398279112,-1.90416198639041,-2.87853289682683,-0.858282098128961,-0.0723218436212863,0
29.37,-1.65257781906791,-1.42249981829518,-1.8998909449662,-2.88406305551044,-0.858356661225038,-0.07231426755777,0
29.38,-1.65265267890153,-1.42127337814555,-1.8956007402352,-2.88958465716544,-0.858431300789851,-0.072306684704407,0
29.39,-1.6527276155119,-1.42007456481674,-1.89129137686205,-2.89509779465701,-0.858506016933992,-0.0722990950527018,0
29.4,-1.65280262901008,-1.41890328134888,-1.88696285762023,-2.90060256217586,-0.858580809768251,-0.072291498594146,0
29.41,-1.6528777195073,-1.41775943138175,-1.88261518337871,-2.90609905521758,-0.858655679403618,-0.0722838953202182,0
29.42,-1.65295288711499,-1.41664291918818,-1.87824835308827,-2.91158737056288,-0.858730625951284,-0.0722762852223841,0
29.43,-1.6530281319448,-1.41555364970699,-1.87386236376749,-2.91706760625872,-0.858805649522636,-0.0722686682920967,0
29.44,-1.65310345410856,-1.41449152857543,-1.86945721048828,-2.92253986160026,-0.858880750229265,-0.0722610445207956,0
29.45,-1.65317885371831,-1.41345646216108,-1.8650328863612,-2.92800423711373,-0.858955928182959,-0.072253413899908,0
29.46,-1.6532543308863,-1.41244835759335,-1.8605893825202,-2.93346083454011,-0.85903118349571,-0.0722457764208477,0
29.47,-1.65332988572495,-1.41146712279449,-1.85612668810708,-2.93890975681973,-0.859106516279712,-0.0722381320750155,0
29.48,-1.65340551834692,-1.41051266651014,-1.85164479025546,-2.94435110807767,-0.859181926647358,-0.0722304808537994,0
29.49,-1.65348122886506,-1.40958489833956,-1.84714367407428,-2.94978499361012,-0.859257414711245,-0.0722228227485741,0
29.5,-1.65355701739242,-1.40868372876534,-1.8426233226309,-2.9552115198715,-0.859332980584174,-0.0722151577507013,0
29.51,-1.65363288404224,-1.40780906918287,-1.83808371693362,-2.9606307944625,-0.859408624379146,-0.0722074858515297,0
29.52,-1.65370882892799,-1.40696083192932,-1.83352483591379,-2.96604292611896,-0.859484346209369,-0.0721998070423948,0
29.53,-1.65378485216334,-1.40613893031244,-1.82894665640733,-2.97144802470165,-0.859560146188253,-0.0721921213146188,0
29.54,-1.65386095386214,-1.40534327863885,-1.8243491531357,-2.97684620118685,-0.859636024429413,-0.072184428659511,0
29.55,-1.65393713413847,-1.40457379224224,-1.81973229868633,-2.98223756765784,-0.859711981046668,-0.0721767290683675,0
29.56,-1.65401339310661,-1.40383038751113,-1.81509606349247,-2.98762223729727,-0.859788016154044,-0.0721690225324709,0
29.57,-1.65408973088104,-1.4031129819165,-1.81044041581239,-2.9930003243803,-0.859864129865772,-0.0721613090430908,0
29.58,-1.65416614757646,-1.40242149403904,-1.80576532170797,-2.99837194426875,-0.859940322296287,-0.0721535885914836,0
29.59,-1.65424264330775,-1.40175584359637,-1.80107074502267,-3.00373721340599,-0.860016593560236,-0.0721458611688923,0
29.6,-1.65431921819003,-1.40111595146991,-1.79635664735874,-3.00909624931278,-0.860092943772466,-0.0721381267665466,0
29.61,-1.65439587233862,-1.40050173973164,-1.79162298805379,-3.01444917058394,-0.860169373048036,-0.072130385375663,0
29.62,-1.65447260586902,-1.39991313167074,-1.78686972415664,-3.01979609688591,-0.860245881502212,-0.0721226369874445,0
29.63,-1.65454941889697,-1.39935005182003,-1.78209681040234,-3.02513714895526,-0.860322469250467,-0.072114881593081,0
29.64,-1.65462631153841,-1.39881242598239,-1.77730419918655,-3.0304724485979,-0.860399136408483,-0.0721071191837487,0
29.65,-1.65470328390948,-1.39830018125701,-1.77249184053894,-3.03580211868942,-0.860475883092155,-0.0720993497506105,0
29.66,-1.65478033635728,-1.3978132388304,-1.76765969582274,-3.04112625458499,-0.860552710234963,-0.0720915934949134,0
29.67,-1.65485746853699,-1.39735154291266,-1.76280768281939,-3.04644503849808,-0.860629616318402,-0.0720838099853549,0
29.68,-1.65195874240139,-1.39774244445594,-1.76464699097313,-3.04402334837882,-0.857739407295864,-0.0723770160605732,1
29.69,-1.64854853142511,-1.39830602876673,-1.76764701361363,-3.04023242087194,-0.854339271019607,-0.0727238400906075,1
29.7,-1.64515218561657,-1.39889667490483,-1.77062527672282,-3.03643488428119,-0.850953018509999,-0.0730713013398199,1
29.71,-1.64176975032841,-1.39951438749593,-1.77358176976209,-3.0326307499594,-0.847580695013938,-0.0734193961316073,1
29.72,-1.63840126890017,-1.40015916967585,-1.77651648122163,-3.0288200317991,-0.844222343764029,-0.0737681207470104,1
29.73,-1.63504678273446,-1.40083102310847,-1.77942939867904,-3.0250027461582,-0.840878006054635,-0.074117471421671,1
29.74,-1.63170633130616,-1.40152994796487,-1.78232050881763,-3.02117891186102,-0.837547721251103,-0.0744674443467126,1
29.75,-1.62837995217231,-1.40225594290304,-1.7851897974446,-3.01734855019909,-0.834231526799671,-0.0748180356696244,1
29.76,-1.62506768098255,-1.40300900504791,-1.78803724950921,-3.0135116849315,-0.830929458237951,-0.0751692414951592,1
29.77,-1.62176955149024,-1.40378912997188,-1.79086284912077,-3.00966834228493,-0.827641549206054,-0.0755210578862357,1
29.78,-1.61849254871866,-1.40459648806033,-1.79367485624484,-3.00581060609576,-0.8243747628699,-0.0758727324239068,1
29.79,-1.61528488019523,-1.40543227980524,-1.79653093102891,-3.00188319108676,-0.821177154687838,-0.076219030577356,1
29.8,-1.61209099115873,-1.40629507696061,-1.79936515794754,-2.99794942294557,-0.817993342552212,-0.0765658954932454,1
29.81,-1.60891090567033,-1.40718487182999,-1.80217751847087,-2.99400933386101,-0.814823350410751,-0.0769133232291343,1
29.82,-1.60574464608708,-1.40810165515704,-1.80496799326504,-2.99006295844792,-0.811667200506043,-0.0772613098087236,1
29.83,-1.6025922330725,-1.40904541610646,-1.80773656221006,-2.98611033374702,-0.808524913386223,-0.0776098512226388,1
29.84,-1.59945368561062,-1.41001614224585,-1.81048320441759,-2.98215149922379,-0.80539650791897,-0.0779589434293017,1
29.85,-1.59632902102032,-1.41101381952802,-1.81320789824866,-2.97818649676705,-0.802282001305916,-0.0783085823558071,1
29.86,-1.59321825497014,-1.41203843227366,-1.81591062133139,-2.97421537068713,-0.799181409097494,-0.0786587638987984,1
29.87,-1.59012140149355,-1.4130899631545,-1.81859135057862,-2.9702381677137,-0.796094745208176,-0.0790094839253487,1
29.88,-1.58703847300452,-1.41416839317683,-1.8212500622055,-2.96625493699321,-0.793022021932107,-0.0793607382738405,1
29.89,-1.58401054687212,-1.41527365970184,-1.82393208699419,-2.96222373994426,-0.79000417934388,-0.0797078014229039,1
29.9,-1.58136706513045,-1.41640535305739,-1.82700331116619,-2.95780607719343,-0.787369550386459,-0.0800125004746272,1
29.91,-1.57873449345536,-1.41756380613903,-1.83005286445847,-2.95338252062317,-0.784745841334296,-0.0803175354689811,1
29.92,-1.57611283157437,-1.41874901749136,-1.8330807235112,-2.94895309984317,-0.782133051825348,-0.0806229032982176,1
29.93,-1.57350207834285,-1.41996098438625,-1.83608686401752,-2.94451784670609,-0.779531180625046,-0.0809286008440013,1
29.94,-1.57090223173529,-1.42119970279307,-1.83907126074399,-2.94007679531532,-0.776940225617665,-0.081234624977877,1
29.95,-1.56831328885554,-1.42246516735408,-1.84203388754877,-2.93562998203081,-0.774360183816542,-0.0815409725617407,1
29.96,-1.56573524594708,-1.42375737135987,-1.84497471739967,-2.93117744547463,-0.771791051374388,-0.0818476404483104,1
29.97,-1.56316809840344,-1.42507630672516,-1.84789372239222,-2.92671922653644,-0.769232823593707,-0.0821546254815928,1
29.98,-1.56079361941327,-1.42641217859019,-1.85095409945398,-2.92211770372478,-0.766866637061124,-0.0824400184624108,1
29.99,-1.55887629292772,-1.42775063136774,-1.85439616622834,-2.91717035068262,-0.764956036332738,-0.0826714901231808,1
30,-1.55696569506216,-1.42911586794816,-1.85781702835844,-2.91221703617011,-0.763052167353554,-0.0829030678554238,1
30.01,-1.55506181800047,-1.43050791144442,-1.86121666189664,-2.90725776359757,-0.761155022260634,-0.0831347500395831,1
30.02,-1.55316465367939,-1.43192678410939,-1.86459504166103,-2.90229253847251,-0.759264592943917,-0.0833665350557079,1
30.03,-1.55127419377178,-1.43337250729422,-1.86795214125975,-2.89732136841539,-0.757380871029443,-0.0835984212847303,1
30.04,-1.54939042969001,-1.43484510141434,-1.87128793310857,-2.89234426317586,-0.755503847882823,-0.0838304071085902,1
30.05,-1.54751335258949,-1.43634458591526,-1.87460238844843,-2.88736123464921,-0.753633514612726,-0.0840624909103562,1
30.06,-1.54586044255594,-1.43784579319148,-1.87804494836274,-2.88226776604223,-0.751986565374066,-0.0842676257506258,1
30.07,-1.54468433779172,-1.43931934405859,-1.88179134163011,-2.87694084166092,-0.750814714748794,-0.0844140269211608,1
30.08,-1.54351135796734,-1.4408200628493,-1.8855171151978,-2.87160726846932,-0.749645988435209,-0.0845604058072348,1
30.09,-1.54234149771568,-1.44234800057705,-1.88922224599792,-2.8662670193699,-0.748480381052135,-0.0847067619242426,1
30.1,-1.54117475165052,-1.44390320776412,-1.89290670948178,-2.86092006923678,-0.747317887199325,-0.084853094787402,1
30.11,-1.54001111434967,-1.4454857343935,-1.89657047964477,-2.85556639493756,-0.746158501440563,-0.0849994039135256,1
30.12,-1.53885058035545,-1.44709562986916,-1.90021352904212,-2.85020597535717,-0.745002218304216,-0.0851456888210308,1
30.13,-1.53769314417523,-1.44873294297603,-1.9038358288047,-2.84483879142215,-0.743849032283755,-0.0852919490299499,1
30.14,-1.53653880028201,-1.4503977218396,-1.90743734865466,-2.83946482612532,-0.7426989378383,-0.0854381840619394,1
30.15,-1.53548940375909,-1.45207062935275,-1.91106686603233,-2.83406418989706,-0.741653413690295,-0.0855714424041972,1
30.16,-1.53523480369358,-1.45362032581008,-1.91505618525733,-2.8285013080018,-0.741399754197184,-0.0856038098420562,1
30.17,-1.5349805602986,-1.45519797991442,-1.91902563100047,-2.82293035663283,-0.741146450578117,-0.0856361498410657,1
30.18,-1.53472667293456,-1.45680367298969,-1.92297518037542,-2.81735127735276,-0.740893502194228,-0.0856684624262911,1
30.19,-1.53447314098168,-1.45843748624752,-1.92690480881753,-2.81176401351652,-0.740640908426399,-0.0857007476204258,1
30.2,-1.53421996416801,-1.46009949073932,-1.93081451139967,-2.80616846153081,-0.740388670046021,-0.0857330412401602,1
30.21,-1.53396714118235,-1.46178978735424,-1.93470421766543,-2.80056466589612,-0.740136783657985,-0.0857652717341835,1
30.22,-1.5337146719272,-1.46350844171619,-1.93857393000487,-2.79495250250066,-0.73988525072637,-0.0857974927158426,1
30.23,-1.5334625554424,-1.46525554396266,-1.94242359617402,-2.78933197072536,-0.739634069254004,-0.0858296685936046,1
30.24,-1.53321079128581,-1.46703116910869,-1.94625319404668,-2.78370299904912,-0.739383239318032,-0.0858618171938813,1
30.25,-1.53299261210357,-1.46882582010095,-1.95007095046162,-2.77806999498779,-0.739165870178804,-0.0858896925420263,1
30.26,-1.53375947092484,-1.47036547015097,-1.95411381390974,-2.77255980312126,-0.739929883847193,-0.0857917844985206,1
30.27,-1.53452643078461,-1.47193409707006,-1.95813736841101,-2.76703981628052,-0.740694001978582,-0.0856939940832768,1
30.28,-1.53529349103829,-1.47353179414642,-1.9621416039914,-2.76150991671737,-0.741458224887267,-0.0855963542072185,1
30.29,-1.53606065072251,-1.47515866364676,-1.96612648929698,-2.75597003387261,-0.742222551600083,-0.0854988645350471,1
30.3,-1.53682790887391,-1.47681480779472,-1.97009199126831,-2.75042009893475,-0.742986981143895,-0.0854015247323596,1
30.31,-1.53759526452919,-1.47850032872589,-1.97403807515022,-2.74486004487518,-0.743751512545659,-0.0853043344656383,1
30.32,-1.53836271672511,-1.48021532844182,-1.97796470450167,-2.73928980648438,-0.744516144832418,-0.0852072934022476,1
30.33,-1.53913026449852,-1.4819599087633,-1.9818718412054,-2.7337093204089,-0.745280877031317,-0.085110401210431,1
30.34,-1.53939513681203,-1.48362714942326,-1.98518043400155,-2.72875803893865,-0.745544778527677,-0.0850769924885929,1
30.35,-1.53539802262638,-1.48441166205933,-1.98354467848276,-2.72923677744843,-0.741562370181892,-0.0855830609149421,1
30.36,-1.53166171897746,-1.48498289671206,-1.9816354716218,-2.73022237854763,-0.737839928868939,-0.0860600946060189,1
30.37,-1.52979724416307,-1.48371685407686,-1.97774559286741,-2.73520093082388,-0.735982414179906,-0.0862996051873894,1
30.38,-1.52793630459427,-1.48247994075637,-1.97383658242176,-2.74016879583081,-0.734128450117756,-0.0865396432344751,1
30.39,-1.52607890984205,-1.48127205004496,-1.96990847860123,-2.74512604121446,-0.732278046278362,-0.0867802095705886,1
30.4,-1.52422506941853,-1.48009307510016,-1.96596131804186,-2.75007273644474,-0.730431212198385,-0.0870213050208027,1
30.41,-1.52237479269154,-1.47894290898295,-1.96199513573271,-2.7550089527408,-0.728587957270123,-0.0872629304075545,1
30.42,-1.52052808888463,-1.47782144470235,-1.9580099650067,-2.75993476303558,-0.726748290741514,-0.0875050865506539,1
30.43,-1.51868496707709,-1.47672857525923,-1.95400583753155,-2.76485024194109,-0.724912221716181,-0.0877477742672907,1
30.44,-1.51684543620403,-1.47566419368923,-1.94998278330045,-2.7697554657147,-0.723079759153473,-0.0879909943720443,1
30.45,-1.51500950505641,-1.47462819310508,-1.94594083062286,-2.77465051222614,-0.721250911868527,-0.088234747676892,1
30.46,-1.51317718228113,-1.47362046673803,-1.94188000611498,-2.77953546092542,-0.719425688532355,-0.0884790349912176,1
30.47,-1.51134847638113,-1.47264090797858,-1.93780033469031,-2.78441039281164,-0.717604097671926,-0.0887238571218221,1
30.48,-1.50996724929975,-1.47147965512796,-1.93368952602668,-2.78954254748775,-0.716228264354917,-0.088909450385858,1
30.49,-1.50903904566475,-1.47013319856266,-1.92954715546655,-2.79493701214339,-0.715303695011273,-0.089034501547178,1
30.5,-1.50811127873752,-1.46881505389797,-1.92538569925547,-2.80032201809772,-0.714379568418705,-0.0891597601269725,1
30.51,-1.50718395021755,-1.46752511949519,-1.92120517451886,-2.80569764938483,-0.713455886290095,-0.0892852265817923,1
30.52,-1.50625706181099,-1.46626329406355,-1.91700559657664,-2.81106399149631,-0.712532650344977,-0.0894109013681554,1
30.53,-1.50533061522065,-1.46502947669343,-1.91278697894032,-2.81642113135002,-0.711609862299552,-0.0895367849436519,1
30.54,-1.50440461214594,-1.46382356689313,-1.90854933330166,-2.82176915726469,-0.710687523866663,-0.0896628777669471,1
30.55,-1.50347905428284,-1.46264546462511,-1.904292669521,-2.82710815893534,-0.709765636755775,-0.0897891802977858,1
30.56,-1.50255394332393,-1.46149507034144,-1.90001699561541,-2.83243822740965,-0.708844202672956,-0.089915692996994,1
30.57,-1.50180440395287,-1.46031192611087,-1.89577580726396,-2.83778457234723,-0.708097648175436,-0.0900183951094053,1
30.58,-1.50226485367144,-1.45873942585667,-1.89188427441919,-2.8432965360621,-0.708556263638277,-0.0899552829509269,1
30.59,-1.50272613189179,-1.4571942758588,-1.8879724567874,-2.84880148535968,-0.709015705289651,-0.089892091131785,1
30.6,-1.50318824120069,-1.45567637955939,-1.88404043284009,-2.85429933309756,-0.709475978665064,-0.0898289209077922,1
30.61,-1.50365118230609,-1.45418569947196,-1.88008815994787,-2.85979026446978,-0.709937081524015,-0.0897656710325347,1
30.62,-1.50411495685265,-1.45272216856655,-1.87611565339388,-2.86527433132652,-0.710399015506631,-0.089702341349477,1
30.63,-1.5045795674355,-1.4512856892469,-1.87212298721906,-2.87075145145366,-0.710861786170916,-0.0896390336021915,1
30.64,-1.50504501476031,-1.44987622438466,-1.86811011328175,-2.87622181573711,-0.711325391260021,-0.0895756460587061,1
30.65,-1.50551130047759,-1.44849370678358,-1.8640770418198,-2.88168548123794,-0.711789832419906,-0.0895121785629933,1
30.66,-1.5059784271964,-1.44713803816355,-1.86002384230884,-2.88714237044965,-0.712255115236702,-0.0894487333462576,1
30.67,-1.50672735731209,-1.44574516329808,-1.85613372078727,-2.89250226619991,-0.71300109164081,-0.0893471014862999,1
30.68,-1.5082849553765,-1.44419537660666,-1.85274771120734,-2.8975974125758,-0.71455256300114,-0.089136291600831,1
30.69,-1.5098479515332,-1.44267192723368,-1.84934033091607,-2.90268735799518,-0.716109433253804,-0.0889255077552012,1
30.7,-1.51141635733284,-1.44117479606832,-1.84591160348125,-2.90777209601258,-0.717671713984351,-0.0887147511553651,1
30.71,-1.51299018417985,-1.43970396317489,-1.84246155124483,-2.91285162222696,-0.719239416632307,-0.0885040230139952,1
30.72,-1.51456944335884,-1.43825940784254,-1.83899019529274,-2.91792593426512,-0.720812552517459,-0.0882933245470269,1
30.73,-1.51615414603243,-1.43684110861882,-1.83549755543672,-2.92299503176641,-0.72239113283771,-0.0880826569736015,1
30.74,-1.51774430323912,-1.43544904334316,-1.83198365019615,-2.92805891636753,-0.723975168666917,-0.0878720215160098,1
30.75,-1.51933992589107,-1.43408318918033,-1.82844849677972,-2.93311759168753,-0.72556467095271,-0.0876614193996346,1
30.76,-1.52094102477199,-1.43274352265366,-1.824892111067,-2.93817106331305,-0.727159650514325,-0.0874508518528906,1
30.77,-1.52336858807658,-1.43132639478452,-1.82215903136918,-2.94255845063803,-0.729577977596686,-0.0871330280358126,1
30.78,-1.52605120440802,-1.4299045182316,-1.81965366986994,-2.94674570766034,-0.732250445341,-0.0867838054226513,1
30.79,-1.52874682792107,-1.42850856136587,-1.81712604131419,-2.95092839544362,-0.734935931772128,-0.0864349747779385,1
30.8,-1.53145547644176,-1.42713856360497,-1.81457617156725,-2.9551064420605,-0.737634454838333,-0.0860865403436195,1
30.81,-1.53417716672295,-1.42579456281448,-1.81200408590609,-2.95927977774186,-0.740346031414556,-0.0857385063544762,1
30.82,-1.53691191444076,-1.42447659532468,-1.80940980900149,-2.96344833487982,-0.743070677298706,-0.0853908770370164,1
30.83,-1.53965973417683,-1.42318469594334,-1.8067933649004,-2.96761204803379,-0.745808407193984,-0.085043656608767,1
30.84,-1.54242063940074,-1.4219188979689,-1.80415477700828,-2.97177085393613,-0.748559234691259,-0.0846968492775629,1
30.85,-1.54519464245254,-1.42067923320393,-1.8014940680713,-2.97592469149763,-0.75132317225154,-0.0843504592408282,1
30.86,-1.54861173545539,-1.41946043912921,-1.79981388068989,-2.97913295016304,-0.754727948024227,-0.083926573646289,1
30.87,-1.55219355704495,-1.41826661590144,-1.79834271177144,-2.9821186806319,-0.758296954146983,-0.0834855358223305,1
30.88,-1.55579519363598,-1.41709906589416,-1.79684889633364,-2.98509904755691,-0.761885801558659,-0.0830453967174706,1
30.89,-1.55941663845521,-1.41595786986753,-1.79533245099507,-2.98807394297923,-0.7654944836808,-0.0826061631165247,1
30.9,-1.56305788163743,-1.41484310632012,-1.79379339233765,-2.99104326134183,-0.769122990841319,-0.0821678417453243,1
30.91,-1.56671891019323,-1.41375485147046,-1.7922317368972,-2.99400689952087,-0.772771310242214,-0.0817304392693882,1
30.92,-1.57039970796821,-1.41269317923853,-1.79064750115142,-2.99696475685952,-0.776439425918681,-0.0812939622918598,1
30.93,-1.57410025560311,-1.41165816122811,-1.78904070150782,-2.99991673520122,-0.78012731869917,-0.0808584173514465,1
30.94,-1.57786407611881,-1.41065417754046,-1.78750736208096,-3.00276600935486,-0.783878364544787,-0.0804187430393502,1
30.95,-1.58180127708133,-1.40969212590179,-1.78628798404472,-3.00527002137281,-0.787802305010406,-0.0799623417454507,1
30.96,-1.58575982639838,-1.40875698831065,-1.78504598118102,-3.0077676934446,-0.791747626107936,-0.0795070453748401,1
30.97,-1.5897396804914,-1.4078488404119,-1.78378136498922,-3.01025892801757,-0.795714284451072,-0.0790528606378867,1
30.98,-1.59374079169337,-1.4069677552165,-1.78249414701488,-3.01274363029158,-0.799702232562335,-0.0785997941481794,1
30.99,-1.59776310821862,-1.40611380307664,-1.78118433884224,-3.01522170825498,-0.80371141884273,-0.0781478524214332,1
31,-1.60180657412637,-1.40528705166277,-1.77985195208449,-3.01769307272122,-0.807741787535292,-0.0776970418731001,1
31.01,-1.60587112928625,-1.40448756594171,-1.7784969983741,-3.02015763736427,-0.81179327869047,-0.0772473688160044,1
31.02,-1.60995670934561,-1.40371540815602,-1.77711948935286,-3.02261531875303,-0.815865828133403,-0.0767988394580064,1
31.03,-1.61406324569883,-1.40297063780454,-1.7757194366619,-3.0250660363845,-0.819959367433172,-0.0763514598996939,1
31.04,-1.61819066545868,-1.40225331162418,-1.7742968519316,-3.02750971271586,-0.824073823874054,-0.0759052361321088,1
31.05,-1.61739546871139,-1.40242792565496,-1.77492673771309,-3.02664704135667,-0.82328111512562,-0.075990878621152,1
31.06,-1.61351000098691,-1.40317580127509,-1.77683834667534,-3.0237009661744,-0.81940786791332,-0.0764115325407592,1
31.07,-1.60964313092231,-1.40395023782173,-1.77872817470169,-3.02074829361111,-0.815553246292057,-0.0768331431890395,1
31.08,-1.60579532771101,-1.40475192938831,-1.7805956061992,-3.01778891633578,-0.811717719829545,-0.0772557232765221,1
31.09,-1.60196664366962,-1.40558083051134,-1.7824406251071,-3.01482290452384,-0.807901340679599,-0.0776792671286607,1
31.1,-1.59815712768206,-1.40643689330904,-1.78426321514563,-3.01185033112968,-0.804104157561003,-0.0781037689893423,1
31.11,-1.59436682522612,-1.40732006748799,-1.78606335982949,-3.00887127186354,-0.800326215784096,-0.0785292230227606,1
31.12,-1.59059577840132,-1.40823030035075,-1.78784104248123,-3.0058858051674,-0.796567557278706,-0.0789556233153117,1
31.13,-1.5868513567058,-1.4091680512587,-1.78961002461338,-3.00288030755017,-0.792835527021964,-0.0793821258077051,1
31.14,-1.58316008905356,-1.41013512831161,-1.79142048700131,-2.99980496842905,-0.78915656457103,-0.0798056549282648,1
31.15,-1.57948783335059,-1.41112907991656,-1.79320846432199,-2.99672350241301,-0.78549664033541,-0.0802300829036491,1
31.16,-1.57583461670818,-1.41214984666156,-1.79497393861661,-2.9936359962677,-0.78185578125148,-0.0806554036415929,1
31.17,-1.57220046314835,-1.41319736683025,-1.79671689176231,-2.99054253934108,-0.778234011164465,-0.0810816109854999,1
31.18,-1.56858539363595,-1.41427157641283,-1.79843730548529,-2.98744322353638,-0.774631350860595,-0.0815086987161002,1
31.19,-1.56498942611352,-1.41537240911778,-1.80013516137407,-2.98433814328401,-0.771047818102053,-0.0819366605533366,1
31.2,-1.56141257553711,-1.41649979638439,-1.80181044089269,-2.98122739551268,-0.767483427662808,-0.0823654901582614,1
31.21,-1.55785485391296,-1.41765366739618,-1.80346312539382,-2.97811107961985,-0.763938191365378,-0.0827951811349318,1
31.22,-1.55431627033508,-1.41883394909505,-1.80509319613178,-2.97498929744143,-0.760412118118453,-0.0832257270323071,1
31.23,-1.55079683102356,-1.4200405661962,-1.80670063427547,-2.97186215322072,-0.756905213955268,-0.0836571213461519,1
31.24,-1.54792881512585,-1.42127506475596,-1.8092744477437,-2.96779620537772,-0.754047482186576,-0.0840110430574345,1
31.25,-1.54509349777349,-1.42253585834076,-1.81185598334679,-2.9636969472021,-0.751222393527411,-0.0843630531415637,1
31.26,-1.54227168308078,-1.42382286475972,-1.81441534269038,-2.9595926500171,-0.748410820557008,-0.0847155077463556,1
31.27,-1.53946335991855,-1.42513604876116,-1.81695250132082,-2.95548338029834,-0.745612752020929,-0.0850684025244532,1
31.28,-1.5366685159343,-1.42647537350619,-1.81946743418601,-2.95136920673397,-0.742828175441041,-0.0854217331160468,1
31.29,-1.53388713757009,-1.42784080055687,-1.8219601156531,-2.94725020021759,-0.740057077133446,-0.085775495149611,1
31.3,-1.53111921008136,-1.42923228986466,-1.82443051952606,-2.94312643384096,-0.737299442227295,-0.0861296842426781,1
31.31,-1.52836471755583,-1.43064979975935,-1.82687861906302,-2.93899798288638,-0.734555254683711,-0.086484296002604,1
31.32,-1.52562364293241,-1.43209328693831,-1.82930438699382,-2.93486492481873,-0.731824497314774,-0.08683932602733,1
31.33,-1.52344069543042,-1.43350325507658,-1.83228281090808,-2.93026482845336,-0.729649811367498,-0.0871236138326225,1
31.34,-1.52174425507351,-1.43488713901157,-1.83574507391948,-2.92525316107254,-0.727959819183786,-0.0873454996649135,1
31.35,-1.52005381138275,-1.43629728762504,-1.83918601537324,-2.92023626097321,-0.726275825290026,-0.0875674397677359,1
31.36,-1.51836935285939,-1.43773371985352,-1.84260561560656,-2.91521413116656,-0.724597818146786,-0.0877894327341887,1
31.37,-1.51669086786162,-1.43919645386781,-1.84600385369613,-2.910186776689,-0.722925786071607,-0.0880114771589834,1
31.38,-1.51501834458711,-1.44068550703337,-1.84938070748648,-2.90515420461168,-0.721259717221607,-0.0882335716399169,1
31.39,-1.51335177107575,-1.44220089587739,-1.85273615360813,-2.90011642405515,-0.719599599596198,-0.0884557147779486,1
31.4,-1.51169113521232,-1.44374263605585,-1.85607016749573,-2.89507344620409,-0.717945421039799,-0.0886779051772759,1
31.41,-1.51003642472921,-1.44531074232043,-1.85938272340609,-2.89002528432216,-0.716297169244518,-0.0889001414454095,1
31.42,-1.50965775827162,-1.44662358992137,-1.86348826226073,-2.88456846690607,-0.715919983604359,-0.0889510945384543,1
31.43,-1.50930909724777,-1.44795679514929,-1.86759264177968,-2.87909541159232,-0.715572688434589,-0.0889980917243713,1
31.44,-1.50896099458945,-1.44931697685401,-1.8716769792515,-2.87361548217506,-0.715225949344466,-0.0890450102629168,1
31.45,-1.50861344962491,-1.45070419484024,-1.87574129156094,-2.8681285594895,-0.714879766851989,-0.0890918910216737,1
31.46,-1.50826646165134,-1.45211851029584,-1.87978559169957,-2.86263453044084,-0.714534141345416,-0.0891387714588226,1
31.47,-1.50792002891647,-1.45356001786657,-1.88380982427887,-2.85713343366153,-0.714189068893112,-0.089185576732885,1
31.48,-1.50757415124362,-1.45502876237368,-1.88781403196137,-2.85162508459192,-0.713844552039184,-0.0892324002374918,1
31.49,-1.507228826539,-1.45652484913964,-1.89179813413873,-2.84610957487032,-0.713500585430328,-0.089279130110021,1
31.5,-1.50688405427883,-1.45804833402162,-1.89576214788018,-2.84058677344186,-0.713157170172416,-0.0893258222941992,1
31.51,-1.50743023539071,-1.45930130488881,-1.89996637096948,-2.8351854795886,-0.713701202273917,-0.0892518783889191,1
31.52,-1.5082626312419,-1.4604862291342,-1.90423496965271,-2.82981702327109,-0.714530326521779,-0.0891393076852711,1
31.53,-1.50909528442132,-1.46169888560762,-1.90848450790452,-2.82443969784438,-0.71535971334995,-0.089026917273761,1
31.54,-1.50992819367311,-1.46293937316162,-1.91271497735491,-2.81905341324638,-0.716189361490853,-0.0889147067540831,1
31.55,-1.51076135773743,-1.46420779111717,-1.91692636779082,-2.81365808078839,-0.71701926967297,-0.0888026757272982,1
31.56,-1.51159477535322,-1.46550423922986,-1.92111866716976,-2.80825361317554,-0.717849436623617,-0.0886908237954781,1
31.57,-1.51242844525828,-1.46682881765353,-1.92529186163151,-2.80283992453153,-0.718679861068957,-0.0885791505617023,1
31.58,-1.5132623661892,-1.46818162690309,-1.92944593550958,-2.79741693042426,-0.719510541734004,-0.0884676556300556,1
31.59,-1.51409653688142,-1.46956276781682,-1.93358087134249,-2.79198454789233,-0.720341477342648,-0.0883563386056238,1
31.6,-1.51501608496615,-1.47093234067905,-1.93769217897924,-2.78659567371193,-0.721257466337285,-0.088233872263566,1
31.61,-1.51704988765997,-1.4718077715439,-1.94172609725507,-2.78188887748303,-0.723283423562875,-0.0879639122483423,1
31.62,-1.51908836148958,-1.47271121478094,-1.94574113238319,-2.77717212501363,-0.725314070021873,-0.0876945725735415,1
31.63,-1.52113149565658,-1.47364277648169,-1.94973725759129,-2.7724453375807,-0.727349394891947,-0.0874258524441768,1
31.64,-1.52317927909775,-1.47460256280359,-1.95371444445661,-2.76770843805325,-0.729389387085959,-0.0871577510630281,1
31.65,-1.525231700518,-1.47559067994538,-1.95767266289879,-2.76296135092651,-0.731434035284742,-0.0868902676276333,1
31.66,-1.52728874839003,-1.47660723410499,-1.96161188118944,-2.75820400235461,-0.733483327936786,-0.0866234013302679,1
31.67,-1.52935041095409,-1.47765233143658,-1.96553206596168,-2.75343632018398,-0.735537253257963,-0.0863571513579249,1
31.68,-1.53051287152588,-1.47750352449389,-1.96623055750185,-2.75299769530623,-0.736695361141414,-0.0862073682728018,1
31.69,-1.53040571482129,-1.47566420025501,-1.96239083482326,-2.75866634148422,-0.736588610215324,-0.086221331508179,1
31.7,-1.53029749855225,-1.47385277482018,-1.95853221305621,-2.76432608365608,-0.736480798207402,-0.0862352428516335,1
31.71,-1.53018918878163,-1.4720703406137,-1.95465372047597,-2.76997669304766,-0.736372893143583,-0.0862491695258963,1
31.72,-1.53008078538013,-1.47031680882405,-1.95075539256413,-2.77561822296617,-0.736264894895339,-0.0862631115576827,1
31.73,-1.52997228821818,-1.46859209034556,-1.94683726316946,-2.78125072864567,-0.73615680333389,-0.0862770689737726,1
31.74,-1.52986369716598,-1.46689609582417,-1.94289936449639,-2.78687426721292,-0.73604861833021,-0.08629104180101,1
31.75,-1.52975501209347,-1.46522873570241,-1.93894172709348,-2.79248889765387,-0.735940339755017,-0.0863050300663041,1
31.76,-1.52964623287032,-1.46358992026378,-1.9349643798418,-2.79809468078098,-0.735831967478777,-0.0863190337966292,1
31.77,-1.52953735936597,-1.46197955967638,-1.93096734994317,-2.80369167920127,-0.735723501371702,-0.0863330530190249,1
31.78,-1.52942839144958,-1.46039756403585,-1.92695066290841,-2.80927995728518,-0.73561494130375,-0.0863470877605959,1
31.79,-1.52999110201602,-1.45868254402402,-1.92316961604223,-2.81482970736752,-0.736175547026064,-0.0862746564669472,1
31.8,-1.53062641589647,-1.45697836177924,-1.9193953589414,-2.82036866347055,-0.736808487071683,-0.086192968625839,1
31.81,-1.53126298225157,-1.45530208261116,-1.91560075744768,-2.82590006076964,-0.737442678237985,-0.0861112339788538,1
31.82,-1.53190080343128,-1.45365363950973,-1.91178584062541,-2.83142393702683,-0.738078122876934,-0.0860294525944629,1
31.83,-1.53253988178352,-1.45203296505414,-1.90795063598973,-2.8369403319632,-0.738714823338466,-0.085947624541856,1
31.84,-1.53318021965581,-1.45043999145623,-1.90409516949191,-2.84244928723036,-0.739352781972127,-0.0858657498907124,1
31.85,-1.53382181939521,-1.44887465060215,-1.90021946550501,-2.84795084638315,-0.739992001127028,-0.0857838287112022,1
31.86,-1.53446468334831,-1.44733687409354,-1.89632354680953,-2.85344505485276,-0.740632483151796,-0.0857018610739873,1
31.87,-1.53510881386112,-1.4458265932882,-1.89240743457899,-2.85893195992053,-0.741274230394523,-0.0856198470502221,1
31.88,-1.53613918323211,-1.44428135832379,-1.88869664751288,-2.86428452876093,-0.742300794371361,-0.0854888938933453,1
31.89,-1.53767767189183,-1.44268157955928,-1.88526033473554,-2.86946420832792,-0.743833616887573,-0.0852939066780343,1
31.9,-1.53922109740299,-1.44110884766059,-1.88180288295583,-2.87463775821724,-0.745371377045338,-0.085098945452372,1
31.91,-1.54076946807809,-1.4395631319892,-1.87832432192222,-2.87980517762651,-0.746914083186921,-0.0849040112443226,1
31.92,-1.54232279209538,-1.43804440105,-1.87482468011735,-2.88496646787224,-0.748461743520436,-0.0847091050860702,1
31.93,-1.5438810775157,-1.43655262253909,-1.87130398473388,-2.89012163236793,-0.750014366136641,-0.0845142280119516,1
31.94,-1.54544433228073,-1.43508776338079,-1.86776226165761,-2.89527067660405,-0.751571959007235,-0.0843193810584081,1
31.95,-1.54701256421138,-1.43364978976442,-1.86419953545039,-2.90041360812841,-0.753134529983162,-0.0841245652639347,1
31.96,-1.54858578100601,-1.43223866718094,-1.86061582933313,-2.90555043652664,-0.754702086792897,-0.0839297816690309,1
31.97,-1.55078044960415,-1.43080037187378,-1.85751359540802,-2.91028792125753,-0.756888891099097,-0.0836591367657416,1
31.98,-1.55306450058135,-1.42938171884475,-1.85445521877348,-2.91496853220035,-0.759164796139721,-0.0833787968550262,1
31.99,-1.5553577810709,-1.42798974386461,-1.851375150721,-2.91964355926125,-0.761449937066077,-0.0830986738779837,1
32,-1.55766030007276,-1.42662444696684,-1.84827341996247,-2.92431296968634,-0.763744322951904,-0.0828187703906454,1
32.01,-1.55997206603138,-1.42528582695801,-1.84515005423475,-2.92897673293174,-0.766047962315367,-0.082539088946706,1
32.02,-1.56229308683245,-1.42397388144767,-1.84200508028103,-2.93363482065327,-0.768360863115794,-0.0822596320969896,1
32.03,-1.56462336979558,-1.42268860687653,-1.83883852383262,-2.93828720669679,-0.770683032746325,-0.0819804023891492,1
32.04,-1.56696292166691,-1.42142999854484,-1.83565040959093,-2.94293386708852,-0.773014478026561,-0.0817014023673667,1
32.05,-1.5693117486119,-1.42019805064072,-1.83244076120927,-2.94757478002527,-0.775355205195279,-0.0814226345720494,1
32.06,-1.57183248602432,-1.41898779809209,-1.82937574646722,-2.95206238999417,-0.777867293010458,-0.0811249411950934,1
32.07,-1.574669074461,-1.41779495704955,-1.8265998216492,-2.9562681898454,-0.780694200735371,-0.0807917568284041,1
32.08,-1.57751826979715,-1.41662883869028,-1.82380194909503,-2.96046824675899,-0.783533727890003,-0.0804590004690013,1
32.09,-1.58038007062298,-1.41548945901887,-1.820982153838,-2.96466251387718,-0.786385873173339,-0.0801266758922844,1
32.1,-1.58325447428941,-1.41437683252882,-1.81814046013694,-2.96885094666142,-0.789250634044591,-0.0797947868565894,1
32.11,-1.58614147690996,-1.41329097222682,-1.8152768914564,-2.97303350288986,-0.792128006725042,-0.0794633371022355,1
32.12,-1.58904107334707,-1.41223188965256,-1.8123914704486,-2.9772101426566,-0.795017986184377,-0.0791323303508393,1
32.13,-1.59195325719874,-1.41119959489889,-1.80948421893545,-2.98138082837068,-0.797920566127249,-0.0788017703046272,1
32.14,-1.59487802078527,-1.41019409663227,-1.80655515789049,-2.9855455247548,-0.800835738980062,-0.0784716606457485,1
32.15,-1.59781535513638,-1.40921540211349,-1.8036043074208,-2.98970419884383,-0.803763495878012,-0.0781420050355856,1
32.16,-1.60083301826577,-1.4082641705118,-1.80071249561664,-2.99378057504065,-0.806771375858119,-0.077805266230139,1
32.17,-1.60412199796394,-1.40734232906364,-1.79810557881679,-2.99756129014841,-0.810049756928661,-0.0774404548658758,1
32.18,-1.6074259133063,-1.40644747540756,-1.79547663056614,-3.0013357480107,-0.813343092012358,-0.0770762721002761,1
32.19,-1.6107447393865,-1.40557962796054,-1.7928256706428,-3.00510390375311,-0.816651356329364,-0.0767127223326323,1
32.2,-1.61407844929442,-1.40473880339869,-1.79015271814727,-3.00886571499301,-0.819974523094925,-0.0763498099212276,1
32.21,-1.6174270141139,-1.40392501667477,-1.78745779148477,-3.01262114184172,-0.823312563517045,-0.0759875391826354,1
32.22,-1.6207904029075,-1.40313828103314,-1.78474090834778,-3.01637014690869,-0.826665446781189,-0.0756259143906831,1
32.23,-1.62416858270181,-1.40237860802524,-1.78200208569856,-3.0201126953051,-0.830033140035609,-0.0752649397754237,1
32.24,-1.62756151847347,-1.40164600752562,-1.77924133975154,-3.02384875464715,-0.833415608377301,-0.0749046195221118,1
32.25,-1.63096917313581,-1.4009404877484,-1.77645868595575,-3.02757829505878,-0.836812814838613,-0.0745449577701898,1
32.26,-1.62802084259249,-1.40134907586489,-1.77710510540545,-3.02631459452019,-0.833873520405009,-0.0748560108505961,1
32.27,-1.62379120367642,-1.4020074034716,-1.77843420067674,-3.02402464065978,-0.829656929254313,-0.0753051540278519,1
32.28,-1.61958266695555,-1.40269334842657,-1.77974073259308,-3.02172741846055,-0.825461475690999,-0.0757555101139883,1
32.29,-1.61539532005918,-1.40340685663872,-1.7810246905684,-3.01942300142144,-0.821287247178935,-0.0762070733358313,1
32.3,-1.61122924595426,-1.40414787106606,-1.78228606399728,-3.01711146621412,-0.817134326516467,-0.0766598378000617,1
32.31,-1.60708452309445,-1.40491633178667,-1.78352484231446,-3.01479289255279,-0.81300279198524,-0.0771137974943957,1
32.32,-1.60296122544662,-1.40571217601886,-1.78474101500407,-3.01246736316109,-0.80889271737671,-0.0775689462899039,1
32.33,-1.5988594225195,-1.40653533814259,-1.78593457160874,-3.0101349637377,-0.804804172020898,-0.0780252779433695,1
32.34,-1.59477917939458,-1.40738574972226,-1.78710550173851,-3.00779578292071,-0.800737220817357,-0.0784827860996807,1
32.35,-1.59081383402974,-1.40818828033399,-1.78782380095705,-3.00596236300893,-0.796784894088536,-0.0789308820521137,0
32.36,-1.58790845684996,-1.4081757965703,-1.78370074445764,-3.00986652477343,-0.793889119675397,-0.0792614015653483,0
32.37,-1.58501125705676,-1.40818900801012,-1.7795576750801,-3.01376365630756,-0.791001550314595,-0.0795928701847412,0
32.38,-1.58212227430612,-1.40822783985026,-1.77539457923108,-3.0176538452478,-0.788122225693956,-0.0799252889545459,0
32.39,-1.5792415475143,-1.40829221758522,-1.77121144148692,-3.02153718080734,-0.785251184760799,-0.0802586588973243,0
32.4,-1.5763691147901,-1.4083820670365,-1.7670082445827,-3.02541375375639,-0.782388465654233,-0.0805929810106525,0
32.41,-1.57350501343381,-1.40849731438646,-1.76278496939079,-3.02928365640965,-0.779534105704175,-0.0809282562671815,0
32.42,-1.57064927993647,-1.40863788621191,-1.75854159489893,-3.03314698261441,-0.776688141430557,-0.0812644856147055,0
32.43,-1.56780194997927,-1.40880370951777,-1.75427809818784,-3.03700382773919,-0.77385060854277,-0.0816016699762327,0
32.44,-1.56496305843321,-1.40899471177034,-1.74999445440837,-3.04085428866306,-0.771021541939298,-0.0819398102500627,0
32.45,-1.56213263935891,-1.4092108209307,-1.74569063675813,-3.04469846376553,-0.768200975707561,-0.0822789073098692,0
32.46,-1.55931072600669,-1.40945196548781,-1.74136661645752,-3.04853645291707,-0.765388943123963,-0.0826189620047876,0
32.47,-1.55649735081681,-1.40971807449165,-1.73702236272527,-3.05236835747038,-0.762585476654144,-0.0829599751595074,0
32.48,-1.55369254541986,-1.41000907758615,-1.73265784275341,-3.05619428025214,-0.759790607953417,-0.0833019475743714,0
32.49,-1.55089634063752,-1.41032490504219,-1.72827302168159,-3.06001432555558,-0.757004367867445,-0.0836448800254754,0
32.5,-1.5481087664833,-1.41066548779042,-1.7238678625708,-3.06382859913366,-0.75422678643306,-0.0839887732647795,0
32.51,-1.54532985216361,-1.41103075745407,-1.71944232637643,-3.06763720819292,-0.75145789287931,-0.0843336280202188,0
32.52,-1.54255962607902,-1.41142064638179,-1.71499637192071,-3.07144026138805,-0.74869771562871,-0.0846794449958192,0
32.53,-1.53979811582562,-1.41183508768036,-1.71052995586434,-3.0752378688172,-0.745946282298634,-0.0850262248718232,0
32.54,-1.53704534819669,-1.41227401524748,-1.70604303267754,-3.07903014201796,-0.743203619702956,-0.0853739683048127,0
32.55,-1.53430134918446,-1.41273736380456,-1.7015355546102,-3.0828171939641,-0.740469753853831,-0.0857226759278423,0
32.56,-1.53156614398209,-1.41322506892949,-1.69700747166138,-3.08659913906304,-0.73774470996368,-0.0860723483505742,0
32.57,-1.52933318576925,-1.41359274723216,-1.69223039256292,-3.09079593207484,-0.735520092571886,-0.0863593708661968,1
32.58,-1.52781444811265,-1.41377687532049,-1.68710390923273,-3.09559283902542,-0.734007051401781,-0.0865553955978597,1
32.59,-1.53033075570292,-1.4131404150112,-1.68807469341741,-3.09549912751077,-0.736513931192188,-0.0862309700489183,1
32.6,-1.53417598406289,-1.4122541133111,-1.69101285537595,-3.09381134645469,-0.740344853136041,-0.0857386571508623,1
32.61,-1.53812495211625,-1.41135962134956,-1.69366518357095,-3.09242293497716,-0.744279253358898,-0.0852373405154068,1
32.62,-1.54211496906741,-1.41048249163821,-1.69623404860128,-3.09109992700753,-0.748254677153908,-0.084735144408061,1
32.63,-1.54618301177124,-1.40960607104703,-1.69854870173017,-3.0900330089002,-0.752307969676427,-0.0842275365523448,1
32.64,-1.55029615670295,-1.40874529515789,-1.70074865901731,-3.0890645860049,-0.756406330453549,-0.08371875152379,1
32.65,-1.554431921655,-1.40791011235113,-1.70292701631106,-3.08808954548924,-0.760527359097018,-0.0832116051445467,1
32.66,-1.55845089542614,-1.40715652749343,-1.70559129651794,-3.08653217725778,-0.764532134711133,-0.0827229716840971,1
32.67,-1.56247793966542,-1.40643350367879,-1.70827926354017,-3.08491697610111,-0.768545070922882,-0.0822374328916223,1
32.68,-1.55997051368919,-1.40707322165009,-1.71023434214949,-3.08210491530558,-0.766046415417056,-0.0825392763028145,1
32.69,-1.55569275581164,-1.40795736023783,-1.70922590074289,-3.08185472396315,-0.761783726150889,-0.0830578693647533,1
32.7,-1.55143983493555,-1.4088675892061,-1.70819544003837,-3.08159777702707,-0.757545920739378,-0.0835780666483397,1
32.71,-1.5472137851167,-1.40980188573445,-1.70711736273779,-3.08136188533439,-0.753335025896365,-0.0840996153617059,1
32.72,-1.54308089457314,-1.41069558039865,-1.70512537317263,-3.08208409936901,-0.749217088690546,-0.0846142165703188,1
32.73,-1.53897134107747,-1.41161474907058,-1.70311173828662,-3.08279984821334,-0.745122536200753,-0.0851304499077188,1
32.74,-1.53522673264301,-1.41241885774307,-1.70011418349321,-3.08464401124218,-0.741391713241758,-0.0856048454903418,1
32.75,-1.53172568581998,-1.41315480388952,-1.69645849532693,-3.08723351472358,-0.73790365742757,-0.0860518947892334,1
32.76,-1.52849805484222,-1.41382882776197,-1.6924357404604,-3.09027460872335,-0.734688091691047,-0.0864670806603139,1
32.77,-1.52542924541125,-1.41447808257578,-1.68819561515727,-3.09357010649879,-0.731630833880604,-0.0868645867584026,1
32.78,-1.52237235815875,-1.41515158944736,-1.68393465087458,-3.09686051943345,-0.728585531995482,-0.0872632489939875,1
32.79,-1.51932741959146,-1.41584927703986,-1.67965280682307,-3.1001459610602,-0.725552212538227,-0.0876630671444869,1
32.8,-1.51629445487604,-1.41657107463825,-1.67535004012073,-3.10342654644693,-0.722530900670153,-0.0880640409485329,1
32.81,-1.51327348783874,-1.41731691218549,-1.67102630576325,-3.10670239218924,-0.719521620211049,-0.0884661701058864,1
32.82,-1.51138012979524,-1.4178083781266,-1.66879712173874,-3.10824990272271,-0.717635611784191,-0.0887190649590443,1
32.83,-1.51337206008237,-1.41738080188577,-1.67385672211244,-3.10381798721691,-0.719619809860998,-0.088453005331317,1
32.84,-1.51589430317447,-1.41680628381317,-1.6786017091698,-3.09989982359959,-0.722132292351267,-0.0881171482563402,1
32.85,-1.51849946259349,-1.41623209702138,-1.68328376008934,-3.09605047032539,-0.724727428695269,-0.0877722557444966,1
32.86,-1.52112968904231,-1.41567656246653,-1.68793198208368,-3.09221665002564,-0.72734759516711,-0.0874260895159183,1
32.87,-1.52385942194126,-1.41511598810425,-1.69248892995659,-3.08848669658411,-0.730066950054867,-0.0870689755544134,1
32.88,-1.52659827615324,-1.41457958613609,-1.69702518154793,-3.08475188819615,-0.732795454884346,-0.0867128426001261,1
32.89,-1.52935168234614,-1.4140656810722,-1.70153637828326,-3.08101877969163,-0.735538519889421,-0.0863569875425439,1
32.9,-1.53211523126899,-1.41357575283504,-1.70602615772844,-3.07728182462587,-0.738291752497209,-0.0860019843402235,1
32.91,-1.53583953007426,-1.41270841422653,-1.70806496832492,-3.07646110585228,-0.742002247021847,-0.0855269476038748,1
32.92,-1.53999566702858,-1.41169372189565,-1.70903710005584,-3.07689035898731,-0.746143110630702,-0.0850013486631351,1
32.93,-1.54417126358356,-1.41069860292654,-1.70986194782433,-3.07744418564995,-0.750303499758046,-0.0844780095065317,1
32.94,-1.54836817272375,-1.40972520170873,-1.71058024491536,-3.07807988560463,-0.754485260275758,-0.0839566855466708,1
32.95,-1.55259016142103,-1.40877775978727,-1.71127644339726,-3.07870910450279,-0.758692145457642,-0.0834369055355502,1
32.96,-1.55683718744201,-1.40785639648413,-1.71195052868206,-3.07933172544686,-0.762924113284119,-0.0829186769764778,1
32.97,-1.56110823570454,-1.40696059285834,-1.71258774259314,-3.07996292976561,-0.76718015226751,-0.0824021237192459,1
32.98,-1.56540207996531,-1.40608969537578,-1.71317012845331,-3.08062121884679,-0.771459040348708,-0.0818873899166326,1
32.99,-1.56972080813099,-1.40524522830764,-1.71373034649433,-3.08127258509124,-0.775762858062605,-0.0813742220076125,1
33,-1.57405817295822,-1.40442466122151,-1.71419920273515,-3.08198822616647,-0.780085379433455,-0.0808633521082647,1
33.01,-1.57840518545823,-1.40362432259902,-1.71447708334736,-3.08287070254765,-0.78441764524227,-0.0803558050036328,1
33.02,-1.58277684570559,-1.40285076557039,-1.71473270779261,-3.08374600337134,-0.788774603956303,-0.0798498046643773,1
33.03,-1.58711292115854,-1.4020937131638,-1.71457477565585,-3.08501087285183,-0.793096222917191,-0.0793522309973033,1
33.04,-1.5894333515007,-1.40164168366146,-1.71331383279034,-3.08690923795406,-0.795408967480677,-0.079087693578582,1
33.05,-1.58576385249076,-1.40210388004874,-1.7102241066155,-3.0892430003527,-0.791751638798859,-0.0795065841131742,1
33.06,-1.58134094202615,-1.40282163172821,-1.70916600290951,-3.08922497617474,-0.787343514998083,-0.0800155195294075,1
33.07,-1.57697054800686,-1.40354394978602,-1.70773402052632,-3.08957583982789,-0.782987860391982,-0.0805228211754617,1
33.08,-1.57263903580385,-1.40428071020145,-1.70608914532712,-3.09012368231089,-0.77867108454441,-0.0810300100689386,1
33.09,-1.56834931448419,-1.405034673117,-1.70430544060408,-3.09079197847052,-0.774396085262515,-0.0815366986191461,1
33.1,-1.56410865629343,-1.40580182123688,-1.70233375777654,-3.09163458119323,-0.770170107969276,-0.0820419636514395,1
33.11,-1.55989085498319,-1.40659497280381,-1.70034035970867,-3.09247021721463,-0.765967036088552,-0.0825488913002966,1
33.12,-1.55572887945327,-1.40739956675139,-1.6981622171167,-3.09347938391218,-0.761819721981109,-0.0830534707111184,1
33.13,-1.55159708942999,-1.4082264636957,-1.69592396072153,-3.09452441545142,-0.757702613917459,-0.0835587491464292,1
33.14,-1.54749046396217,-1.40907783209262,-1.69365266302698,-3.0955756460624,-0.753610708384111,-0.0840653266110018,1
33.15,-1.54344789909786,-1.40993745849107,-1.69118507535905,-3.09681610853045,-0.749582759988021,-0.0845683354848766,1
33.16,-1.5394271920519,-1.41082239005312,-1.68869599404225,-3.09805019699453,-0.745576716627335,-0.0850729613429762,1
33.17,-1.53545329032729,-1.41172273192047,-1.68609676657761,-3.09937880131001,-0.741617433678092,-0.0855760337256612,1
33.18,-1.53153829558463,-1.41263333151046,-1.68334228545451,-3.1008534201896,-0.737716965336943,-0.0860759193167766,1
33.19,-1.5276501925581,-1.41356666258468,-1.68054976101791,-3.10234142818683,-0.73384341308443,-0.0865766356107917,1
33.2,-1.52389942980701,-1.41448113846663,-1.67739975778823,-3.10421460627696,-0.730106806287223,-0.0870637577343106,1
33.21,-1.52026655102387,-1.41538637065776,-1.67404266870899,-3.10631143975483,-0.726487751887707,-0.087539462722172,1
33.22,-1.51711066122703,-1.4161613008746,-1.66991758399009,-3.10934989417926,-0.723343963249033,-0.087955864454012,0
33.23,-1.5147424795667,-1.41671444439789,-1.66503054654052,-3.11344785434539,-0.720984919144368,-0.0882702846269343,0
33.24,-1.51238091241333,-1.41729146435512,-1.66012240045536,-3.11754195075802,-0.718632513102327,-0.0885855120668297,0
33.25,-1.51002597501659,-1.41789231316571,-1.65519305950474,-3.12163231681402,-0.716286760397132,-0.0889015475713878,0
33.26,-1.50767768222265,-1.41851694472033,-1.65024243460482,-3.12571908731467,-0.713947675899021,-0.0892183919269371,0
33.27,-1.50533604843364,-1.41916531440299,-1.64527043377836,-3.12980239848189,-0.711615274033836,-0.0895360459079281,0
33.28,-1.50300108760899,-1.41983737912408,-1.64027696210673,-3.13388238797295,-0.709289568784404,-0.0898545102770017,0
33.29,-1.50067281326692,-1.42053309735394,-1.63526192168043,-3.13795919489638,-0.706970573691988,-0.0901737857850604,0
33.3,-1.49835123848593,-1.42125242915676,-1.63022521154808,-3.14203295982886,-0.704658301857813,-0.0904938731713395,0
33.31,-1.49603637590637,-1.42199533622503,-1.62516672766372,-3.14610382483325,-0.702352765944642,-0.0908147731634827,0
33.32,-1.49372823773216,-1.42276178191447,-1.62008636283264,-3.15017193347783,-0.700053978178455,-0.0911364864776154,0
33.33,-1.49142683573245,-1.42355173127953,-1.61498400665525,-3.15423743085667,-0.697761950350155,-0.0914590138184235,0
33.34,-1.48936817623579,-1.42428976151326,-1.60972945370207,-3.15853153604878,-0.695711719894881,-0.0917490199761646,1
33.35,-1.48864303778869,-1.4245747578188,-1.60646707329594,-3.16143031666997,-0.694989557778872,-0.0918514218933423,1
33.36,-1.49225085939843,-1.42335502821114,-1.60979260374205,-3.1597141530019,-0.698582611675773,-0.0913433297083241,1
33.37,-1.49587867134998,-1.42215479298815,-1.61310045398913,-3.15799390433435,-0.702195698637547,-0.0908366987072613,1
33.38,-1.49952668419003,-1.42097832602961,-1.61638664484959,-3.15626919971325,-0.70582903102875,-0.0903315914126856,1
33.39,-1.50319488957997,-1.41982573012928,-1.61965119396976,-3.15453991091407,-0.709482600630939,-0.0898280121026485,1
33.4,-1.50688327595885,-1.41869710793558,-1.62289411763863,-3.15280591134988,-0.71315639600089,-0.0893259649707565,1
33.41,-1.51061967380303,-1.41758529244944,-1.6260295418332,-3.15116305548999,-0.716878138979962,-0.0888217121533786,1
33.42,-1.51441513937421,-1.41648771275076,-1.62902534532666,-3.14964703717098,-0.720658845849575,-0.0883138779037002,1
33.43,-1.51823165781494,-1.41541448284232,-1.63199955443191,-3.14812581304432,-0.724460651549582,-0.0878076166324674,1
33.44,-1.52206920526757,-1.41436570943383,-1.63495217510485,-3.14659926251074,-0.728283532346218,-0.0873029327467862,1
33.45,-1.52592775415705,-1.41334149864739,-1.63788321221189,-3.14506726680982,-0.732127460785448,-0.0867998305529726,1
33.46,-1.52980727315042,-1.41234195595927,-1.64079266955197,-3.14352970905971,-0.735992405652346,-0.0862983142548616,1
33.47,-1.53379925795644,-1.41134486704087,-1.64334821491265,-3.14234975461613,-0.73996952334328,-0.0857867074913302,1
33.48,-1.53781450589875,-1.4103725331134,-1.64587834295026,-3.14116798438949,-0.743969947860723,-0.0852765958991879,1
33.49,-1.54185193662953,-1.40942531955309,-1.64838684495287,-3.13998013429913,-0.747992602874093,-0.0847681178650523,1
33.5,-1.54591150361159,-1.40850333487672,-1.65087371494068,-3.13878609363431,-0.752037441976497,-0.084261278017809,1
33.51,-1.54999315589672,-1.40760668639265,-1.65333894618557,-3.13758575384134,-0.756104414346509,-0.0837560808630491,1
33.52,-1.55417140035852,-1.40671807563944,-1.65540859329177,-3.13677695223263,-0.760267762293969,-0.0832434215875516,1
33.53,-1.55839544180508,-1.40584993558692,-1.65734369536356,-3.1360815244059,-0.764476876186401,-0.0827296860299884,1
33.54,-1.56264289728752,-1.40500764818397,-1.65925703765839,-3.13537929305516,-0.768709453149462,-0.0822176300579188,1
33.55,-1.56691369787018,-1.40419132063561,-1.6611486065505,-3.13467015588554,-0.772965424391071,-0.0817072587585655,1
33.56,-1.5706412198208,-1.40351674940819,-1.66453695825399,-3.13227207723973,-0.776680108967976,-0.0812654373613911,1
33.57,-1.57425716354229,-1.40289338940033,-1.66824461262881,-3.12949067110128,-0.780283692146528,-0.0808400215082143,1
33.58,-1.57788782157385,-1.402295262391,-1.67193087321241,-3.1267033702885,-0.78390202971196,-0.0804159797038758,1
33.59,-1.5801204837177,-1.40198064930113,-1.67665733578614,-3.12247489987608,-0.78612715982475,-0.0801567421087044,1
33.6,-1.58183983035843,-1.40178492296452,-1.68175125231612,-3.11771709606483,-0.787840728953477,-0.0799578902707826,1
33.61,-1.58356125744871,-1.40161345882319,-1.68682416798271,-3.11295548081076,-0.789556391280022,-0.0797594760676261,1
33.62,-1.58528475459582,-1.40146630152844,-1.69187617572859,-3.10818991756587,-0.791274136383014,-0.0795614985237478,1
33.63,-1.58272250429915,-1.40189991599893,-1.69209199867297,-3.1073339389901,-0.788720422856886,-0.079855323404224,1
33.64,-1.57838820171929,-1.40260498805108,-1.69025289625687,-3.10811282669752,-0.784400718868532,-0.080357779397952,1
33.65,-1.57407251834861,-1.40333167526947,-1.68839590917722,-3.10888570148951,-0.780099675946418,-0.0808616698735037,1
33.66,-1.56977978760179,-1.40408461575665,-1.68651713354146,-3.10965139121113,-0.775821634814522,-0.0813672450487288,1
33.67,-1.56551009107982,-1.40486370571036,-1.68461658682758,-3.11040999012586,-0.771566676944364,-0.0818745003266984,1
33.68,-1.56132710838359,-1.40564858723907,-1.68243179282151,-3.11144985042516,-0.767398259365282,-0.0823757755686758,1
33.69,-1.55728118152285,-1.40642237426269,-1.67974818633318,-3.11300705017842,-0.763366540862182,-0.0828647652290131,1
33.7,-1.55325590636873,-1.40722168343996,-1.67704306970798,-3.11455771271825,-0.759355521067828,-0.0833553652023581,1
33.71,-1.54925134474855,-1.40804641392254,-1.67431645115234,-3.11610193696927,-0.755365261714812,-0.0838475720954677,1
33.72,-1.54526755443551,-1.4088964636959,-1.6715683380282,-3.11763982405849,-0.751395820478208,-0.0843413823985268,1
33.73,-1.54136010209824,-1.40975542978197,-1.66864623320883,-3.11934539171207,-0.747502561422563,-0.0848298237038214,1
33.74,-1.53755614471542,-1.41061476108628,-1.66547223843587,-3.12130780565489,-0.743712536598573,-0.0853092853361717,1
33.75,-1.53377128558893,-1.41149894364758,-1.66227685033684,-3.12326440661211,-0.739941654699585,-0.0857902768577173,1
33.76,-1.5300055667532,-1.41240788031228,-1.65906006393932,-3.12521530233756,-0.736189957679102,-0.086272795357079,1
33.77,-1.52625902693641,-1.41334147338352,-1.65582187305319,-3.12716060249863,-0.732457484181698,-0.0867568378293481,1
33.78,-1.52262565398554,-1.41427195339132,-1.65235786200565,-3.12934166541679,-0.72883786484414,-0.0872301123109452,1
33.79,-1.51908589427234,-1.41520440798279,-1.64870712417709,-3.13171269663517,-0.725311612256542,-0.0876948978285276,1
33.8,-1.51556331186148,-1.41616110079169,-1.64503499084959,-3.13407872902998,-0.721802578727734,-0.0881611130886367,1
33.81,-1.51205793361329,-1.41714194380958,-1.64134143821109,-3.13643987911189,-0.718310791055275,-0.0886287558135985,1
33.82,-1.50856978382508,-1.41814684908622,-1.63762644080773,-3.13879626509111,-0.714836273471609,-0.0890978236541844,1
33.83,-1.50530894257843,-1.41911248266248,-1.63352801276128,-3.1415948589363,-0.711588275336606,-0.089539733010959,1
33.84,-1.50207509006271,-1.42009823770417,-1.62938701826067,-3.14441523537988,-0.708367255736818,-0.0899812849796068,1
33.85,-1.49885596183221,-1.4211077150687,-1.62522445235092,-3.14723154945664,-0.705160998384416,-0.0904241364978595,1
33.86,-1.49565157430279,-1.42214084201183,-1.62104026491218,-3.15004392743698,-0.701969519655982,-0.0908682861124358,1
33.87,-1.49270880990085,-1.42312108578582,-1.6165185154841,-3.15327133086921,-0.699038696405329,-0.0912791360273688,1
33.88,-1.48988476713478,-1.42409165173502,-1.6118379488997,-3.15667710149495,-0.696226191754409,-0.0916761134494158,1
33.89,-1.48707186417361,-1.42508563536147,-1.60713543472016,-3.16007984344416,-0.693424859001535,-0.0920741895588859,1
33.9,-1.48427011274504,-1.42610298674909,-1.60241088626016,-3.16347969486796,-0.690634709867563,-0.0924733640406882,1
33.91,-1.48147952352593,-1.42714365728787,-1.59766421399329,-3.16687679550002,-0.687855755021585,-0.0928736365505795,1
33.92,-1.4787001061452,-1.42820759971237,-1.59289532550279,-3.17027128666646,-0.685088004083971,-0.0932750067152596,1
33.93,-1.47593186919306,-1.42929476814168,-1.58810412542995,-3.17366331129698,-0.682331465635552,-0.0936774741327424,1
33.94,-1.47317482023032,-1.43040511811974,-1.58329051542087,-3.17705301393701,-0.679586147226955,-0.0940810383727369,1
33.95,-1.47374114395063,-1.43009691750813,-1.58701779493134,-3.17369857326098,-0.680150054872469,-0.0939979190360846,1
33.96,-1.47503179648045,-1.42949803301144,-1.59258830066677,-3.16887381658543,-0.681435213755441,-0.0938089222106542,1
33.97,-1.47711703708301,-1.42865147318811,-1.59772846285074,-3.16481619300404,-0.683511615321016,-0.0935048319187207,1
33.98,-1.47986791323064,-1.42760354799409,-1.60250895354055,-3.1613924932147,-0.68625089974332,-0.0931060356109655,1
33.99,-1.48262976115158,-1.42657887024305,-1.60726732223083,-3.15796613675459,-0.689001187609665,-0.0927083232621859,1
34,-1.4854025718522,-1.42557748759504,-1.61200366070842,-3.15453698260472,-0.691762469933682,-0.0923116952048569,1
34.01,-1.48818633529609,-1.42459944905457,-1.61671805788091,-3.15110489132407,-0.694534736685618,-0.0919161517443346,1
34.02,-1.49110203631864,-1.42360593365363,-1.62126571406864,-3.14786652741781,-0.69743847805819,-0.0915046744300672,1
34.03,-1.49418989337796,-1.42258473108411,-1.62560101043299,-3.14488364717903,-0.700513759543427,-0.0910719996279316,1
34.04,-1.49729147948032,-1.42158706085328,-1.62991468418698,-3.14189704930224,-0.703602806356369,-0.0906405668073228,1
34.05,-1.50040678051472,-1.42061299069552,-1.6342067933278,-3.13890660517916,-0.706705604415849,-0.0902103770921724,1
34.06,-1.50354306176159,-1.4196603040947,-1.63846611450702,-3.1359265061717,-0.709829390127551,-0.0897804370628927,1
34.07,-1.50692412278258,-1.41865929693763,-1.64234808791735,-3.13339393887373,-0.713197081933245,-0.0893204289715165,1
34.08,-1.51032147687162,-1.41768219069855,-1.6462086534263,-3.1308568229579,-0.716581107022006,-0.0888617975190518,1
34.09,-1.51373510325744,-1.41672906918099,-1.65004784298827,-3.12831503838889,-0.719981444677608,-0.0884045447141043,1
34.1,-1.51716497887649,-1.41580001644245,-1.65386568676656,-3.12576846677106,-0.723398071889761,-0.0879486725002077,1
34.11,-1.52074253404741,-1.4148545641834,-1.65740138367352,-3.12353127641441,-0.726961917216813,-0.0874769152323374,1
34.12,-1.52441304604635,-1.41391041422637,-1.66076744556453,-3.12146751200581,-0.73061847707576,-0.0869968130616804,1
34.13,-1.52810219629367,-1.4129907436025,-1.66411216130323,-3.11939832878277,-0.734293718827235,-0.0865182052726349,1
34.14,-1.53180995114136,-1.41209564871206,-1.66743554037118,-3.11732361532576,-0.737987608902054,-0.0860410947029174,1
34.15,-1.53556282538673,-1.41121694617656,-1.67066874476085,-3.11532287610442,-0.741726564096974,-0.0855621090325434,1
34.16,-1.53947230978678,-1.41032043899563,-1.67352570912245,-3.11372661098896,-0.745621669109703,-0.0850672745011054,1
34.17,-1.54340239082314,-1.40944897755135,-1.67636123835902,-3.11212426346094,-0.749537416975418,-0.0845740227433291,1
34.18,-1.54735302086456,-1.40860266584215,-1.67917532725364,-3.11051572805924,-0.753473760164199,-0.0840823573817635,1
34.19,-1.55132414839111,-1.40778160688915,-1.6819679696632,-3.10890090140576,-0.757430647254284,-0.083592281927283,1
34.2,-1.55537740938561,-1.4069659459239,-1.68452695871367,-3.10751728044666,-0.761469495882599,-0.0830962821085883,1
34.21,-1.55951000948682,-1.40615721085727,-1.68686589513102,-3.10634929154135,-0.765587526925162,-0.0825948821161638,1
34.22,-1.56366457673007,-1.40537421815932,-1.68918322478323,-3.10517454725026,-0.769727573188431,-0.0820951292063336,1
34.23,-1.56784104188382,-1.40461707244006,-1.69147893294415,-3.10399295046193,-0.773889565554707,-0.0815970274354914,1
34.24,-1.5720393310868,-1.40388587669681,-1.69375300430743,-3.1028044064776,-0.778073430272728,-0.0811005807250411,1
34.25,-1.57631450649137,-1.40316095940377,-1.69573813859297,-3.10190044625788,-0.78233404256512,-0.0805993555182586,1
34.26,-1.58064682776165,-1.40245000674877,-1.69753476045868,-3.10117117086524,-0.786651733096657,-0.0800957953816521,1
34.27,-1.58500206836606,-1.40176548890382,-1.69930955264282,-3.10043455653543,-0.790992392255099,-0.0795939244893857,1
34.28,-1.58938013390657,-1.40110750518034,-1.70106249599636,-3.09969051566562,-0.795355925763517,-0.0790937471463263,1
34.29,-1.59378092469555,-1.40047615265899,-1.70279357108794,-3.09893896342505,-0.799742234050827,-0.0785952674994773,1
34.3,-1.59820433573406,-1.3998715261298,-1.70450275821889,-3.09817981780379,-0.804151212230024,-0.0780984895360048,1
34.31,-1.60149348366778,-1.3992983122248,-1.70203067979765,-3.10147904124559,-0.807429707591511,-0.0777318243260213,1
34.32,-1.60276244339588,-1.39900247765553,-1.69868586466257,-3.10521700120729,-0.80869457542321,-0.0775909788479257,1
34.33,-1.59924616648098,-1.39938296487044,-1.69486722025272,-3.10838461617912,-0.805189661523191,-0.0779820991311598,1
34.34,-1.59574220870029,-1.3997889511847,-1.69102740570776,-3.11154604090783,-0.8016971034868,-0.0783744793546343,1
34.35,-1.5922506385754,-1.40022037156336,-1.68716640078285,-3.11470136074113,-0.798216969854943,-0.0787681201226601,1
34.36,-1.58877152275402,-1.40067716078189,-1.68328418349338,-3.11785066305164,-0.794749327293342,-0.079163021981976,1
34.37,-1.58594945618832,-1.40104553574144,-1.67891249315404,-3.12162789404719,-0.791936624808898,-0.0794853240397336,1
34.38,-1.58400955706203,-1.40128384723026,-1.67388291399589,-3.12626264532406,-0.790003192839833,-0.079707915210078,1
34.39,-1.58207253912055,-1.40154642991051,-1.66883218537715,-3.13089360164438,-0.78807265726235,-0.0799310283506796,1
34.4,-1.58013841656439,-1.401833242401,-1.66376021254742,-3.13552089797448,-0.786145032309652,-0.0801546645666051,1
34.41,-1.57758667366006,-1.40225209356093,-1.65953138579272,-3.13912119796627,-0.783601900317011,-0.0804510349438129,1
34.42,-1.5732387709287,-1.40301138367289,-1.65780515761749,-3.13972715902049,-0.779268771606944,-0.0809595212837513,1
34.43,-1.56891432781921,-1.40379692736999,-1.65605709405848,-3.14032594516029,-0.774959152154701,-0.0814697083096089,1
34.44,-1.56461342627749,-1.40460862191004,-1.65428720948801,-3.14091765320883,-0.770673123765821,-0.0819815910680214,1
34.45,-1.56033614278662,-1.40544636250675,-1.65249551791026,-3.14150238265252,-0.766410762779007,-0.0824951644459687,1
34.46,-1.55613237217137,-1.40629993197316,-1.65037750663499,-3.14239925696699,-0.76222178773236,-0.0830043613495352,1
34.47,-1.55195846659411,-1.40717778990908,-1.64819502448132,-3.14333424976066,-0.758062701859655,-0.0835143809938068,1
34.48,-1.54780743669371,-1.40808124036593,-1.64599083032832,-3.14426269379112,-0.753926540374892,-0.0840260690054097,1
34.49,-1.54367933978168,-1.40901017491046,-1.64376493398105,-3.14518469624737,-0.749813360450487,-0.0845394204522875,1
34.5,-1.53959873569207,-1.40995919453445,-1.64140579100754,-3.14621947783198,-0.745747632041332,-0.0850513421696692,1
34.51,-1.53558235493196,-1.4109243587378,-1.63883433598048,-3.14745170255203,-0.741746021507015,-0.0855596266843343,1
34.52,-1.5315880366556,-1.41191456190565,-1.636241239488,-3.14867795545488,-0.737766521063614,-0.086069541261156,1
34.53,-1.52761582102146,-1.41292969518856,-1.6336265045866,-3.14989835064785,-0.733809170737071,-0.0865810811937901,1
34.54,-1.52368195850572,-1.41396590042283,-1.63093086262202,-3.15117760016492,-0.729890159384862,-0.087092125985091,1
34.55,-1.51983241856715,-1.41501222612341,-1.62798387525475,-3.15270168191946,-0.726055279001121,-0.0875965689919807,1
34.56,-1.51600392960455,-1.41608305245683,-1.62501526657353,-3.1542204184421,-0.722241495813741,-0.0881025940988487,1
34.57,-1.5121965171536,-1.41717827351426,-1.62202503002545,-3.15573393008083,-0.718448835235311,-0.0886101969264405,1
34.58,-1.50841020305353,-1.41829778283737,-1.61901315794766,-3.15724233900329,-0.714677318979162,-0.0891193729965866,1
34.59,-1.50466122234488,-1.41943733557601,-1.61593527626538,-3.15879594645938,-0.710943117747255,-0.0896279084067027,1
34.6,-1.50112576409024,-1.42055139735947,-1.61230520112619,-3.16094493601002,-0.707421715347115,-0.0901115371684684,1
34.61,-1.49760861391228,-1.42168928105654,-1.60865340405247,-3.16308960705237,-0.703918663814872,-0.0905966302918361,1
34.62,-1.49410978488836,-1.42285089659976,-1.60497985377977,-3.16523008697329,-0.700433976140262,-0.0910831846286297,1
34.63,-1.49062928741408,-1.42403615412153,-1.60128451733915,-3.16736650477952,-0.696967662629145,-0.0915711969600966,1
34.64,-1.48729082208969,-1.42520800529961,-1.59741907084157,-3.16969773969847,-0.693642913484176,-0.0920431068954128,0
34.65,-1.48510155908998,-1.42606340539609,-1.5921675699633,-3.17385409059231,-0.691462704945768,-0.0923546245208929,0
34.66,-1.48291840404508,-1.42694220498811,-1.58689336223779,-3.17800872328326,-0.689288626819384,-0.0926669113755324,0
34.67,-1.48074136627114,-1.42784438357158,-1.58159631082494,-3.1821617947656,-0.687120688444343,-0.0929799682040618,0
34.68,-1.47857045479509,-1.42876992269901,-1.576276275115,-3.18631346376305,-0.684958898870204,-0.0932937957447525,0
34.69,-1.47640567829376,-1.42971880601126,-1.5709331106598,-3.19046389076458,-0.682803266796225,-0.0936083947271573,0
34.7,-1.47424704509553,-1.43069101928042,-1.56556666909452,-3.19461323805971,-0.680653800572947,-0.0939237658721752,0
34.71,-1.47209456318195,-1.4316865504536,-1.56017679805677,-3.19876166977545,-0.678510508203829,-0.0942399098921168,0
34.72,-1.46994824018938,-1.43270538969796,-1.55476334110296,-3.2029093519148,-0.676373397346922,-0.0945568274907706,0
34.73,-1.46780808341074,-1.43374752944668,-1.5493261376218,-3.20705645239709,-0.674242475316592,-0.0948745193634712,0
34.74,-1.46567409979723,-1.43481296444634,-1.54386502274486,-3.21120314110003,-0.672117749085271,-0.0951929861971678,0
34.75,-1.4635462959602,-1.4359016918054,-1.53837982725397,-3.21534958990354,-0.669999225285266,-0.0955122286704938,0
34.76,-1.4614246781729,-1.43701371104404,-1.53287037748555,-3.21949597273559,-0.667886910210601,-0.0958322474538369,0
34.77,-1.45930925237244,-1.43814902414544,-1.52733649523139,-3.22364246561987,-0.665780809818895,-0.0961530432094112,0
34.78,-1.45720002416164,-1.43930763560841,-1.52177799763619,-3.22778924672559,-0.663680929733277,-0.09647461659133,0
34.79,-1.45509699881103,-1.44048955250164,-1.51619469709126,-3.23193649641932,-0.661587275244353,-0.0967969682456775,0
34.8,-1.45640759484529,-1.44006016976708,-1.5153795765246,-3.23333993002667,-0.662892015670355,-0.096595540273487,1
34.81,-1.46008217351732,-1.43853777628272,-1.51782591793516,-3.23285659776027,-0.666550317902757,-0.096035633749931,1
34.82,-1.46345384827173,-1.43706261368504,-1.52146699351058,-3.23109059921,-0.669907181917925,-0.0955261376467452,1
34.83,-1.46666253260048,-1.4356252090345,-1.52576078578436,-3.2286106802929,-0.673101887845254,-0.0950452656023633,1
34.84,-1.46988784060757,-1.43421088308131,-1.5300314189053,-3.22612880655728,-0.676313257714235,-0.0945657702673261,1
34.85,-1.47312977666077,-1.43281969819371,-1.53427897611114,-3.22364482691428,-0.679541295969324,-0.0940876544044166,1
34.86,-1.47644526729185,-1.43144127714514,-1.53837457050981,-3.22130443477725,-0.682842688127089,-0.0936026264557658,1
34.87,-1.47989286701234,-1.43006523306284,-1.54218912844481,-3.21925342240356,-0.686275748729902,-0.0931024302721301,1
34.88,-1.48335930283986,-1.42871256425319,-1.5459811009441,-3.21719938818777,-0.689727688623873,-0.0926037109316864,1
34.89,-1.48684457510293,-1.42738335290386,-1.54975054128908,-3.21514218969292,-0.693198508241803,-0.0921064721643829,1
34.9,-1.49034868143136,-1.42607768168533,-1.55349750074743,-3.21308168612438,-0.696688205315804,-0.091610717628736,1
34.91,-1.49387161672548,-1.42479563369784,-1.55722202861177,-3.21101773834691,-0.700196774846417,-0.0911164509111978,1
34.92,-1.49748513132293,-1.42352717487867,-1.56072881980288,-3.20916325846794,-0.703795678327301,-0.0906137339638128,1
34.93,-1.50115191157008,-1.42227787646732,-1.56412282038592,-3.20740356723298,-0.707447758447564,-0.0901079457519436,1
34.94,-1.50483890661986,-1.42105253236978,-1.56749463913262,-3.2056397241181,-0.71112009864833,-0.0896037067631541,1
34.95,-1.50854610190702,-1.41985123623766,-1.57084430685633,-3.20387159715537,-0.714812684479364,-0.0891010210990586,1
34.96,-1.51227347954774,-1.41867408163663,-1.57417185283087,-3.20209905614528,-0.718525498169302,-0.0885998927715124,1
34.97,-1.51602101830047,-1.41752116199107,-1.57747730481952,-3.20032197268618,-0.722258518586418,-0.0881003257010312,1
34.98,-1.51984178674743,-1.41638699575326,-1.58059436823806,-3.19871734125529,-0.726064611352302,-0.0875953361036872,1
34.99,-1.52371015672434,-1.41527453613371,-1.58360618151676,-3.19719638737934,-0.729918250685969,-0.0870884468660057,1
35,-1.52759970307026,-1.41418668747263,-1.58659602896377,-3.19567028574612,-0.733793113370368,-0.0865831659888878,1
35.01,-1.53151039116233,-1.41312354840311,-1.58956392539237,-3.19413891532196,-0.737689164900476,-0.0860794976708697,1
35.02,-1.53544218247185,-1.41208521692237,-1.59250988443635,-3.1926021570645,-0.741606366862278,-0.0855774460011006,1
35.03,-1.53939503452598,-1.41107179033392,-1.59543391857379,-3.19105989396018,-0.745544676894439,-0.0850770149575297,1
35.04,-1.54336890086896,-1.41008336519025,-1.59833603914985,-3.1895120110624,-0.749504048649444,-0.0845782084048488,1
35.05,-1.54703156042436,-1.40916034888796,-1.60197337525616,-3.18713092788285,-0.753153457740069,-0.0841222094289916,1
35.06,-1.55058938917723,-1.4082767499482,-1.60586460415855,-3.18444344053849,-0.756698513859684,-0.0836826483583263,1
35.07,-1.55416267782164,-1.40741787451814,-1.6097338051795,-3.18175116931552,-0.760259070718837,-0.0832444871264234,1
35.08,-1.55775137458141,-1.40658379020185,-1.61358101934242,-3.17905400311315,-0.763835076563973,-0.0828077266088143,1
35.09,-1.55941178886427,-1.40610804323635,-1.6187208911194,-3.17453490697259,-0.765489651116399,-0.0826067490875704,1
35.1,-1.56059666506509,-1.40573817138871,-1.62416141899729,-3.169567298309,-0.766670372373334,-0.0824637536831573,1
35.11,-1.56178222872466,-1.4053921306714,-1.62957960060594,-3.16459789508538,-0.767851788878848,-0.0823210257570434,1
35.12,-1.5611473902174,-1.40545863403543,-1.63258660635802,-3.16146941848704,-0.767219169798703,-0.0823974093542521,1
35.13,-1.55687851237676,-1.40632945680453,-1.63078331509167,-3.16202950716714,-0.762965292354624,-0.0829136570126903,1
35.14,-1.55263348740242,-1.40722612256056,-1.62895821262513,-3.16258282610414,-0.758735317143947,-0.0834315955056597,1
35.15,-1.54841237797593,-1.40814852290473,-1.62711130967335,-3.16312948243965,-0.754529306689779,-0.0839512192553982,1
35.16,-1.54438735789117,-1.40907360881577,-1.6244647494911,-3.16448609426603,-0.750518810759771,-0.0844510530621972,1
35.17,-1.5404439615573,-1.41001576317144,-1.62152237609591,-3.1661244566344,-0.746589765922284,-0.084944937365262,1
35.18,-1.53652113914738,-1.41098291582105,-1.61855826641447,-3.16775706412734,-0.742681341801781,-0.0854404242801832,1
35.19,-1.5326189372751,-1.41197496907492,-1.61557241297174,-3.16938402858526,-0.738793584910874,-0.085937510191435,1
35.2,-1.5287373987189,-1.41299182449775,-1.6125648071777,-3.17100546388582,-0.734926537923764,-0.0864361913749596,1
35.21,-1.52487656245441,-1.41403338296662,-1.6095354393044,-3.17262148590564,-0.731080239708765,-0.086936463999333,1
35.22,-1.52105347233686,-1.41509636759359,-1.60644003191121,-3.17428132372775,-0.727271669136507,-0.0874360917768526,1
35.23,-1.51744211195486,-1.41614780138643,-1.60282197168046,-3.17649188762916,-0.723674138987822,-0.0879119922624653,1
35.24,-1.51384882518457,-1.41722344839767,-1.59918202330516,-3.17869788478869,-0.720094725681022,-0.0883893728243019,1
35.25,-1.51027363858366,-1.41832322369153,-1.59552015387371,-3.18089943838936,-0.716533455699188,-0.0888682307682234,1
35.26,-1.50671657591198,-1.41944704240711,-1.59183632875599,-3.18309667338411,-0.71299035272528,-0.0893485633229435,1
35.27,-1.50317765814695,-1.4205948198102,-1.58813051156927,-3.18528971647596,-0.709465437657592,-0.0898303676396516,1
35.28,-1.49965690351387,-1.42176647134342,-1.58440266414736,-3.18747869609621,-0.705958728640148,-0.0903136407934137,1
35.29,-1.49634741001275,-1.42291879750935,-1.58027963150007,-3.19010044546849,-0.702662543925279,-0.0907715542135116,1
35.3,-1.49310836366977,-1.4240824849798,-1.57602820459696,-3.19284306369513,-0.699436623976586,-0.0912231850535905,1
35.31,-1.48988454562293,-1.42526971708021,-1.57175438885514,-3.19558257222027,-0.696225971150626,-0.0916761446970022,1
35.32,-1.48667596758928,-1.42648043017012,-1.56745811405939,-3.19831910878454,-0.693030597116782,-0.0921304313932116,1
35.33,-1.483482639401,-1.42771456149234,-1.56313930751318,-3.20105281280943,-0.689850511658033,-0.0925860433398913,1
35.34,-1.48030456902312,-1.42897204921907,-1.55879789399354,-3.20378382539485,-0.686685722688754,-0.0930429786834557,1
35.35,-1.47729323728402,-1.43021475546577,-1.5541994894121,-3.2068017507045,-0.683687070704505,-0.093479207742583,1
35.36,-1.47431761185276,-1.4314751091345,-1.54954369784156,-3.20986015203584,-0.680724066886748,-0.0939134297905497,1
35.37,-1.47135532010644,-1.43275865843394,-1.54486482833664,-3.2129166771742,-0.677774432464895,-0.0943488736086627,1
35.38,-1.46840636605714,-1.43406535909808,-1.54016277700018,-3.21597147730654,-0.674838171418621,-0.0947855379834863,1
35.39,-1.46547075233722,-1.43539516830138,-1.53543743678974,-3.21902470538379,-0.671915286346825,-0.095223421664202,1
35.4,-1.46271441704314,-1.43669759029268,-1.53054711238551,-3.22228818113879,-0.669170987993504,-0.0956375031751677,1
35.41,-1.46086281557682,-1.43775067167839,-1.52486755964292,-3.22669505002615,-0.667327519593133,-0.0959172843360542,1
35.42,-1.45901562681953,-1.43882718967292,-1.5191630517116,-3.23110261497873,-0.665488482613404,-0.0961977062936021,1
35.43,-1.45717285614546,-1.43992716062956,-1.51343338442229,-3.23551106320421,-0.663653882454136,-0.0964787698914724,1
35.44,-1.45533450879142,-1.441050603768,-1.5076783483767,-3.2399205842816,-0.661823724377432,-0.0967604759692148,1
35.45,-1.4535005898134,-1.44219754122223,-1.50189772883529,-3.24433137022363,-0.659998013464527,-0.0970428253629723,1
35.46,-1.45122341748963,-1.44340996811435,-1.49757108088916,-3.24716691559185,-0.65773108710437,-0.097395272278359,1
35.47,-1.44769060593346,-1.44476496036075,-1.49742799786181,-3.24551844130434,-0.654214291035756,-0.0979461734386581,1
35.48,-1.44493710138077,-1.44578079472856,-1.49806692009145,-3.24351981185152,-0.651473371533453,-0.0983790662428898,1
35.49,-1.44696718644938,-1.44453140112989,-1.50376185246195,-3.23932810957123,-0.653494169232954,-0.0980596057247633,1
35.5,-1.44900318977232,-1.44330534595449,-1.50943129611974,-3.2351375633593,-0.655520907328551,-0.0977409029646061,1
35.51,-1.45104510754703,-1.4421026117514,-1.51507545799933,-3.23094798392475,-0.657553581997517,-0.0974229573111601,1
35.52,-1.45319354186992,-1.44089049535083,-1.52061515354564,-3.22688353904368,-0.659692343557055,-0.0970902281603104,1
35.53,-1.45575771540707,-1.43956918086456,-1.52580893664788,-3.22332266262313,-0.662245042323373,-0.0966955071659732,1
35.54,-1.45833200388763,-1.43827091684369,-1.53097861983674,-3.21976139998074,-0.66480788627003,-0.096301820503361,1
35.55,-1.46091640529026,-1.43699571983106,-1.53612435219045,-3.21619958406466,-0.667380873380769,-0.0959091684267824,1
35.56,-1.4635109167761,-1.43574360841205,-1.5412462788104,-3.21263704979036,-0.669964000821336,-0.0955175511695609,1
35.57,-1.46634101194495,-1.43444921823377,-1.54607263577416,-3.20943727691928,-0.672781762803491,-0.0950932765913408,1
35.58,-1.46928870030463,-1.43314753284693,-1.55074955552209,-3.2064047642663,-0.675716698121672,-0.0946545516598308,1
35.59,-1.472249827279,-1.43186893868529,-1.55540344324859,-3.20337043232648,-0.67866510779791,-0.0942170494051663,1
35.6,-1.47522439010606,-1.43061348241335,-1.56003439922433,-3.20033413102412,-0.681626989104696,-0.0937807711149666,1
35.61,-1.47821238461469,-1.42938121205932,-1.56464252070417,-3.19729571199562,-0.684602337904337,-0.0933457180385133,1
35.62,-1.48137182459613,-1.42813110909045,-1.56897477045553,-3.19456680957223,-0.687748506683746,-0.092889138744231,1
35.63,-1.48462563768031,-1.42688385336874,-1.57315846081145,-3.19199040819224,-0.690988758200019,-0.0924225621506509,1
35.64,-1.48789554590371,-1.42565997390232,-1.57731979634139,-3.18941097209444,-0.694245144636172,-0.0919573465653919,1
35.65,-1.49118154183176,-1.4244595403777,-1.581458840645,-3.18682836335403,-0.697517658618988,-0.0914934942172877,1
35.66,-1.49448361596179,-1.42328262323424,-1.58557565501889,-3.1842424456855,-0.700806290705567,-0.091031007278556,1
35.67,-1.49785156863271,-1.42211770186141,-1.58956952864074,-3.1817707012048,-0.704160640897747,-0.0905629929028365,1
35.68,-1.50137264268992,-1.42094493473801,-1.59326698438791,-3.17961537851375,-0.707667608673911,-0.0900776365135359,1
35.69,-1.50491202353626,-1.41979600036306,-1.59694248760756,-3.17745595044167,-0.711192926211108,-0.0895937506942704,1
35.7,-1.5084696946702,-1.41867098538264,-1.60059607402827,-3.17529228872151,-0.714736577092462,-0.0891113384896024,1
35.71,-1.51204563681047,-1.41756997660136,-1.60422777763563,-3.17312426679239,-0.71829854211925,-0.0886304028669799,1
35.72,-1.51563982787389,-1.41649306093128,-1.60783763070424,-3.17095175982101,-0.721878799288568,-0.0881509467163338,1
35.73,-1.51934917082447,-1.41542044014974,-1.6111811976291,-3.16904855108324,-0.725573880489119,-0.0876602014018347,1
35.74,-1.52313773095586,-1.41436002429261,-1.61435322962008,-3.16730814473036,-0.729347996668812,-0.0871631785044844,1
35.75,-1.52694647811003,-1.41332412132442,-1.61750352466596,-3.16556254408122,-0.733142345587261,-0.08666772071886,1
35.76,-1.53077537865456,-1.41231282904514,-1.62063209598273,-3.1638116313426,-0.736956893714245,-0.0861738316994037,1
35.77,-1.53462439538736,-1.4113262447421,-1.62373895554065,-3.16205529064097,-0.740791603947027,-0.0856815150000146,1
35.78,-1.53849348750585,-1.4103644651343,-1.62682411408884,-3.16029340805665,-0.744646435579453,-0.0851907740727704,1
35.79,-1.54249964762468,-1.40940683616923,-1.62950744939664,-3.15893749230066,-0.748637955403726,-0.0846869550369982,1
35.8,-1.54654654933775,-1.40847101334557,-1.63210727200881,-3.15764245377652,-0.752670195338946,-0.08418238873454,1
35.81,-1.55061524031524,-1.40756048743712,-1.63468538684591,-3.15634123380364,-0.756724272543923,-0.0836794666139315,1
35.82,-1.55470566365133,-1.40667536074733,-1.63724179111962,-3.15503372546418,-0.76080013022888,-0.0831781928095573,1
35.83,-1.55881775803201,-1.40581573434717,-1.63977648123288,-3.15371982408767,-0.76489770719221,-0.0826785713287893,1
35.84,-1.56296446627804,-1.40498223186972,-1.64197222341013,-3.15271725410039,-0.769029901024839,-0.0821790456748074,1
35.85,-1.56722764999253,-1.40417856794181,-1.64187653137412,-3.15398171080814,-0.773278291509119,-0.0816699165985114,1
35.86,-1.57151564907494,-1.40340139878671,-1.6417587411441,-3.1552391931578,-0.777551540816441,-0.0811622754074942,1
35.87,-1.57501606840105,-1.40279773938226,-1.64103773805745,-3.1568563487077,-0.781040014255139,-0.0807511296830652,1
35.88,-1.57262676554489,-1.40328708231382,-1.63607170191584,-3.16113372637869,-0.778658856213639,-0.081031453102099,1
35.89,-1.57024271524624,-1.40380061789665,-1.63108381340313,-3.16540777120496,-0.776282972171232,-0.0813125121671656,1
35.9,-1.5678639409464,-1.40433831196428,-1.62607397188199,-3.16967861683964,-0.773912385605578,-0.081594308094465,1
35.91,-1.56549046578478,-1.4049001318883,-1.6210420735767,-3.17394639855416,-0.771547119692083,-0.0818768420936324,1
35.92,-1.56287265458126,-1.40552657540188,-1.61618055536249,-3.17795666399844,-0.768938409343616,-0.0821900593410231,1
35.93,-1.55982220419744,-1.40624897563599,-1.61163719398312,-3.18151340696395,-0.765898626110599,-0.0825571788555952,1
35.94,-1.55678190832444,-1.40699578582304,-1.60707167845966,-3.18506633195682,-0.762869029304238,-0.0829253926882381,1
35.95,-1.55375180612498,-1.40776696179752,-1.6024839305091,-3.18861556139744,-0.75984965810819,-0.0832947015019482,1
35.96,-1.55073193560853,-1.40856246034506,-1.59787386915441,-3.19216121950695,-0.756840550551996,-0.0836651059246724,1
35.97,-1.54746274794175,-1.40941424408934,-1.59372348818007,-3.19516590478412,-0.753583092146324,-0.0840687605300365,1
35.98,-1.54340342336207,-1.41039047914443,-1.59105074731895,-3.19649334736802,-0.749538445764527,-0.0845738937009052,1
35.99,-1.53936593643508,-1.41139190546279,-1.5883560822044,-3.19781492006875,-0.745515685396945,-0.0850806831599654,1
36,-1.53535033791903,-1.41241842374661,-1.58563948607593,-3.19913073660927,-0.741514861681032,-0.0855891246184355,1
36.01,-1.53135667418821,-1.41346993371682,-1.58290095118314,-3.20044091288235,-0.737536020866983,-0.0860992136601488,1
36.02,-1.52743206362689,-1.41454328788759,-1.57997625939892,-3.20191734736467,-0.733626104182025,-0.0866048539246786,1
36.03,-1.52358287626443,-1.4156378106806,-1.57683959300812,-3.20358732346797,-0.729791452881126,-0.0871050554146865,1
36.04,-1.51975430477622,-1.41675689508936,-1.57368086816226,-3.20525233159672,-0.725977463989884,-0.0876068500719604,1
36.05,-1.51594638055846,-1.41790044635031,-1.57050006322599,-3.20691249537473,-0.722184168793902,-0.0881102339483942,1
36.06,-1.51215913136638,-1.41906836930822,-1.56729715520684,-3.20856794033691,-0.718411594934914,-0.0886152029953579,1
36.07,-1.50840447001223,-1.42025929931785,-1.56403756481381,-3.21025583080741,-0.714671608441601,-0.0891201473165335,1
36.08,-1.50475266922753,-1.42146551868449,-1.56051490587353,-3.21219757250765,-0.711034202595728,-0.0896154515596817,1
36.09,-1.50112031835631,-1.42269574891466,-1.55696994873677,-3.21413526832288,-0.707416291353075,-0.0901122851824736,1
36.1,-1.49750743326758,-1.4239499027304,-1.5534026544553,-3.21606905129403,-0.703817890480709,-0.0906106445369831,1
36.11,-1.49391402677134,-1.42522789297869,-1.54981298233379,-3.21799905621632,-0.700239012684267,-0.0911105258930901,1
36.12,-1.49034010865155,-1.426529632686,-1.54620088989547,-3.2199254196163,-0.69667966764104,-0.0916119254393874,1
36.13,-1.48684763084332,-1.42784617669942,-1.54240934505945,-3.22202089606458,-0.693201551363871,-0.0921060380309536,1
36.14,-1.48341583439705,-1.42918022054763,-1.53848799599154,-3.22423108413823,-0.689783984785932,-0.092595612304246,1
36.15,-1.4800021592683,-1.43053772621932,-1.53454390897555,-3.22643836201227,-0.686384582080506,-0.0930866421872577,1
36.16,-1.47660660699113,-1.43191861854841,-1.53057702133711,-3.22864287385662,-0.683003344689284,-0.0935791243660813,1
36.17,-1.47322917662103,-1.4333228230471,-1.52658726815449,-3.23084476551311,-0.679640271573495,-0.094073055461915,1
36.18,-1.46990389758286,-1.43474415589611,-1.52250070317675,-3.23312810365787,-0.676329245579337,-0.0945633927413702,1
36.19,-1.46670337092479,-1.43616931404409,-1.51815704041381,-3.23567508652975,-0.673142548984427,-0.0950391701885665,1
36.2,-1.46351914904495,-1.43761758599392,-1.51379001076725,-3.23822031104855,-0.669972197087619,-0.0955163126601801,1
36.21,-1.46035122653316,-1.43908891503634,-1.50939952138431,-3.24076393207304,-0.666818184405508,-0.0959948175102761,1
36.22,-1.45719959607053,-1.44058324568553,-1.50498547653079,-3.24330610619748,-0.663680503544575,-0.0964746820440176,1
36.23,-1.45458012265661,-1.44195694081381,-1.49998832930451,-3.24661274253946,-0.661072709970168,-0.0968764604576956,0
36.24,-1.45265997744056,-1.44316161480873,-1.49421647841498,-3.25094592148736,-0.659161176364722,-0.0971726900534055,0
36.25,-1.45074482391289,-1.44438981165586,-1.48841861957074,-3.25528069370012,-0.657254654589046,-0.0974696091905912,0
36.26,-1.44883466667333,-1.44564156088139,-1.48259452438106,-3.25961725757605,-0.655353149266851,-0.0977672186535396,0
36.27,-1.4469295101333,-1.44691689515283,-1.47674395860896,-3.26395581422818,-0.653456664833293,-0.0980655192216908,0
36.28,-1.44502935848548,-1.44821585034124,-1.47086668203871,-3.26829656755314,-0.651565205504653,-0.0983645116699466,0
36.29,-1.44313421570495,-1.44953846559558,-1.46496244832128,-3.27263972431135,-0.649678775279471,-0.0986641967687129,0
36.3,-1.44124408555031,-1.45088478341968,-1.45903100481381,-3.27698549421046,-0.647797377939703,-0.098964575283942,0
36.31,-1.43935897156488,-1.45225484975196,-1.453072092413,-3.28133408999222,-0.645921017051902,-0.0992656479771751,0
36.32,-1.43747887707788,-1.45364871404803,-1.44708544538197,-3.28568572752279,-0.644049695968414,-0.0995674156055866,0
36.33,-1.43560380520568,-1.45506642936638,-1.44107079117056,-3.29004062588685,-0.642183417828588,-0.0998698789220273,0
36.34,-1.43373375885299,-1.45650805245718,-1.43502785022842,-3.29439900748547,-0.640322185560011,-0.100173038675069,0
36.35,-1.4318687407141,-1.4579736438545,-1.42895633581087,-3.29876109813807,-0.638466001879762,-0.100476895609048,0
36.36,-1.43000875327421,-1.45946326797198,-1.42285595377697,-3.30312712718848,-0.636614869295672,-0.100781450464114,0
36.37,-1.42815379881064,-1.46097699320224,-1.41672640237952,-3.30749732761555,-0.634768790107607,-0.10108670397627,0
36.38,-1.42630387939418,-1.46251489202004,-1.41056737204667,-3.31187193614821,-0.632927766408782,-0.101392656877421,0
36.39,-1.42445899689037,-1.4640770410897,-1.4043785451545,-3.31625119338543,-0.631091800087056,-0.101699309895424,0
36.4,-1.42261915296083,-1.46566352137658,-1.39815959579045,-3.32063534392121,-0.629260892826279,-0.102006663754128,0
36.41,-1.42477974450162,-1.46446809973431,-1.4004590427675,-3.3198227662796,-0.631410994326537,-0.10164588526394,1
36.42,-1.42794534897752,-1.46260174899576,-1.40484595196356,-3.31772532222577,-0.63456134041778,-0.10112110238265,1
36.43,-1.43112951845898,-1.46075817353232,-1.40920732104592,-3.31562850623556,-0.637730293534949,-0.100597753864777,1
36.44,-1.43420633208548,-1.45894843424508,-1.41383416407767,-3.31321384981963,-0.640792527251465,-0.100096285341331,1
36.45,-1.43710417925106,-1.45717884900173,-1.41888431973225,-3.31030847430959,-0.643676751896656,-0.0996277368802234,1
36.46,-1.44001649420662,-1.45543252055728,-1.42390791256813,-3.3074045719891,-0.646575481683841,-0.0991604646773161,1
36.47,-1.44294329094266,-1.45370945689564,-1.42890512269656,-3.30450195031673,-0.649488730661367,-0.0986944708394342,1
36.48,-1.44588458205564,-1.45200966832857,-1.43387612550055,-3.30160041920609,-0.652416511482468,-0.0982297574390549,1
36.49,-1.44884037871516,-1.45033316742838,-1.43882109174727,-3.29869979098259,-0.65535883537247,-0.0977663265119527,1
36.5,-1.45181069064187,-1.44867996896067,-1.44374018769611,-3.29579988034393,-0.658315712106718,-0.0973041800563713,1
36.51,-1.45491325533854,-1.44703506293228,-1.44840887180863,-3.29315452266733,-0.661404352912134,-0.096825214772193,1
36.52,-1.45806056487419,-1.44540976852222,-1.45299780811774,-3.29057078141307,-0.664537650453827,-0.0963432102089305,1
36.53,-1.46122418245669,-1.44380776652476,-1.45756179886019,-3.28798668030183,-0.667687296194772,-0.0958625782806868,1
36.54,-1.4644041158816,-1.44222909547446,-1.46210097125552,-3.28540204820567,-0.670853298005041,-0.0953833216800433,1
36.55,-1.46760037102877,-1.44067379546103,-1.46661544900061,-3.28281671604222,-0.674035661837576,-0.0949054430492343,1
36.56,-1.47081295183582,-1.43914190807082,-1.47110535234521,-3.28023051675954,-0.677234391701626,-0.0944289449792225,1
36.57,-1.47407252210269,-1.43763078359403,-1.47550489974815,-3.27771536926367,-0.68048002084967,-0.0939493364064019,1
36.58,-1.47741816652899,-1.43613710044663,-1.47973213405395,-3.27536083992769,-0.683811472054655,-0.0934610464068105,1
36.59,-1.48078138316335,-1.43466696339447,-1.48393540014514,-3.27300458566517,-0.687160537642878,-0.0929741988945024,1
36.6,-1.48416217006177,-1.4332204296725,-1.48811479132245,-3.27064645007891,-0.690527215753904,-0.0924887968783965,1
36.61,-1.48756052290267,-1.43179755750203,-1.49227039809312,-3.26828627867952,-0.693911502147902,-0.0920048433029561,1
36.62,-1.49097643495959,-1.43039840603533,-1.4964023082275,-3.26592391888649,-0.697313390178313,-0.0915223410473867,1
36.63,-1.49440989706999,-1.42902303530097,-1.50051060681342,-3.26355922003071,-0.700732870760565,-0.0910412929243049,1
36.64,-1.49790493062839,-1.42766916643385,-1.50449197140812,-3.26130242261023,-0.7042137882422,-0.0905556074364327,1
36.65,-1.50146990087874,-1.42633649410073,-1.50832903229026,-3.25917191512331,-0.707764478868841,-0.0900642866518801,1
36.66,-1.50505358971143,-1.42502783760942,-1.51214292056151,-3.25703827933444,-0.711333932290157,-0.0895744789241878,1
36.67,-1.50865597879198,-1.42374326878998,-1.5159336993774,-3.25490137418597,-0.714922130259606,-0.0890861874141474,1
36.68,-1.51227704686734,-1.42248285984923,-1.51970142972811,-3.25276106053868,-0.718529051609745,-0.0885994152006641,1
36.69,-1.51591676973667,-1.42124668331629,-1.52344617048054,-3.25061720118662,-0.722154672222988,-0.0881141652796631,1
36.7,-1.51957762679084,-1.42003474148467,-1.52716175751651,-3.24847619915958,-0.725801461978859,-0.0876301104952116,1
36.71,-1.52328888358653,-1.41884630535882,-1.53077614341041,-3.24641366916222,-0.729498575565154,-0.0871434358799413,1
36.72,-1.52701913523768,-1.41768235148871,-1.53436775975445,-3.24434707162281,-0.733214729231356,-0.0866583097966835,1
36.73,-1.53076834530446,-1.41654295593845,-1.53793665362036,-3.24227627781261,-0.736949886617299,-0.0861747351173565,1
36.74,-1.53453647411599,-1.41542819474028,-1.54148287023632,-3.24020116102909,-0.740704008129067,-0.0856927146197964,1
36.75,-1.53832347874409,-1.41433814384076,-1.54500645302215,-3.23812159661702,-0.744477050912723,-0.0852122509865168,1
36.76,-1.54212931297602,-1.4132728790475,-1.54850744362322,-3.2360374619904,-0.748268968826974,-0.0847333468032219,1
36.77,-1.54465299149957,-1.41240998178451,-1.55312553569839,-3.23251315328103,-0.750783481987027,-0.0844179339303731,1
36.78,-1.54591665594768,-1.41174377363133,-1.55882817284603,-3.22759166472802,-0.752042575701409,-0.0842606375126889,1
36.79,-1.54718127101505,-1.41110131434406,-1.56450656783495,-3.22267031149009,-0.753302628920845,-0.0841036461265851,1
36.8,-1.54844683236691,-1.41048259771529,-1.57016090683079,-3.21774891436951,-0.754563637289759,-0.0839469590584919,1
36.81,-1.54971333569168,-1.40988762020285,-1.57579137130305,-3.21282729620042,-0.755825596475627,-0.0837905755943146,1
36.82,-1.54881836238351,-1.40995300540122,-1.57771329269273,-3.21075967988477,-0.754933829969877,-0.0839009357950538,1
36.83,-1.5449220896143,-1.41093966400161,-1.57446237851333,-3.21267114218918,-0.751051605726358,-0.0843844020293218,1
36.84,-1.54104459240348,-1.41194890715206,-1.57119153630018,-3.21457755133036,-0.747188202980905,-0.0848694420908739,1
36.85,-1.53718665856145,-1.41298304636622,-1.5678984798355,-3.21647884385627,-0.743344409866847,-0.0853560667947167,1
36.86,-1.5333483365804,-1.41404199726152,-1.56458318202127,-3.21837513692685,-0.73952027479436,-0.085844273188164,1
36.87,-1.52952967141305,-1.41512567504484,-1.5612456142744,-3.22026654976451,-0.735715842631188,-0.0863340582150675,1
36.88,-1.52573739198918,-1.41623355330906,-1.55786840480685,-3.22217163270879,-0.731937816977448,-0.0868245501209001,1
36.89,-1.52202869670844,-1.41736170428519,-1.55430195801176,-3.2242495256573,-0.728243177947346,-0.0873082374870914,1
36.9,-1.51833886236277,-1.4185142606337,-1.55071305504455,-3.22632313632171,-0.724567444652658,-0.0877934588109654,1
36.91,-1.51466792045912,-1.41969114236194,-1.5471016537478,-3.22839259257292,-0.72091064851842,-0.0882802111428757,1
36.92,-1.51101589940416,-1.42089226951327,-1.54346771015415,-3.23045802419716,-0.717272817866859,-0.0887684914454539,1
36.93,-1.50738282453134,-1.42211756222062,-1.5398111784511,-3.23251956287511,-0.713653977944476,-0.0892582965945856,1
36.94,-1.50376871813376,-1.42336694075959,-1.53613201094628,-3.23457734216076,-0.710054150955001,-0.089749623380981,1
36.95,-1.50017359949813,-1.42464032560176,-1.53243015803209,-3.23663149746073,-0.706473356093339,-0.0902424685117616,1
36.96,-1.49671411054109,-1.42592542915691,-1.5284377085362,-3.23897458398648,-0.703027764698732,-0.0907206408649338,1
36.97,-1.49331342068629,-1.42722997625993,-1.52432686792668,-3.24141886424803,-0.699640847002393,-0.0911944907189625,1
36.98,-1.48992976380692,-1.42855823889186,-1.52019288025284,-3.24386045207636,-0.696271003975397,-0.0916697673208089,1
36.99,-1.48656315086059,-1.42991015392829,-1.51603566859503,-3.24629949263585,-0.692918246505283,-0.0921464681347776,1
37,-1.48321359048359,-1.43128565906078,-1.51185515349008,-3.24873613291949,-0.689582583156444,-0.0926245905616878,1
37.01,-1.47988108901671,-1.4326846928489,-1.50765125288121,-3.25117052174477,-0.686264020195972,-0.0931041319397609,1
37.02,-1.47656565053432,-1.43410719477231,-1.5034238820672,-3.25360280975042,-0.682962561622788,-0.0935850895458441,1
37.03,-1.47334890794622,-1.43554083545062,-1.49901623995891,-3.25621145456921,-0.679759491882657,-0.0940554751797033,1
37.04,-1.47024229044484,-1.43698362001927,-1.49440302128924,-3.2590253748105,-0.676666182619409,-0.0945133095362876,1
37.05,-1.46715061753656,-1.4384497315644,-1.48976564094414,-3.26183822073843,-0.673587856312849,-0.0949724560723045,1
37.06,-1.46407388932376,-1.43993913121773,-1.48510397949135,-3.26465015479371,-0.670524513013261,-0.0954329128790229,1
37.07,-1.46101210424007,-1.44145178165438,-1.48041791405075,-3.26746134139186,-0.667476151100817,-0.0958946780033611,1
37.08,-1.45796525906654,-1.44298764714772,-1.47570731822053,-3.27027194694074,-0.664442767301893,-0.0963577494481607,1
37.09,-1.45493334895413,-1.44454669362482,-1.47097206200145,-3.27308213985929,-0.661424356711538,-0.0968221251730626,1
37.1,-1.45206078318156,-1.44610035534197,-1.46598478786737,-3.27616554315233,-0.658564678139505,-0.097265429877934,1
37.11,-1.44928708132263,-1.44766025092743,-1.46083668711904,-3.27941238555008,-0.655803510864434,-0.0976965978980565,1
37.12,-1.44652570773558,-1.44924339918816,-1.45566286282047,-3.28266004727739,-0.653054706039935,-0.0981289345541911,1
37.13,-1.44377665802704,-1.45084979581283,-1.45046313706791,-3.28590871333287,-0.65031825924444,-0.0985624387772059,1
37.14,-1.44103992672313,-1.45247943887947,-1.44523732719141,-3.28915857113659,-0.647594164975031,-0.0989971094696625,1
37.15,-1.43831550727881,-1.45413232892096,-1.43998524564086,-3.2924098105775,-0.644882416656833,-0.0994329455060137,1
37.16,-1.43582030787015,-1.45575340125261,-1.43445451159151,-3.29599795939794,-0.642398902892029,-0.0998348783865582,1
37.17,-1.43349268254641,-1.45735785527858,-1.42871237753561,-3.29983324640648,-0.640082248729509,-0.100212230609505,1
37.18,-1.43117365443592,-1.45898596338863,-1.42294229830034,-3.3036715421029,-0.637774219514173,-0.100590531160235,1
37.19,-1.42886322162746,-1.46063776867579,-1.41714401520441,-3.30751306299577,-0.635474813338043,-0.100969780078641,1
37.2,-1.4265613816835,-1.46231331772,-1.41131726281374,-3.31135802888148,-0.633184027766368,-0.10134997739107,1
37.21,-1.42456692579377,-1.46391860255562,-1.40524482936109,-3.31555786564192,-0.631199206141948,-0.101681327742872,1
37.22,-1.42274985957175,-1.46549404903567,-1.39901771421966,-3.31996439107841,-0.629390963070382,-0.101984777670062,1
37.23,-1.42093767651827,-1.46709392118915,-1.39276014451542,-3.32437606531923,-0.627587623314482,-0.102288916818597,1
37.24,-1.41913037804443,-1.46871830935252,-1.38647177636129,-3.32879314153461,-0.625789188307926,-0.102593745923932,1
37.25,-1.41732796538002,-1.47036730853895,-1.38015225679266,-3.33321587730291,-0.623995659302898,-0.102899265717495,1
37.26,-1.41648151400193,-1.470999480545,-1.3782162050161,-3.3344030270192,-0.62315339029473,-0.10304310159236,1
37.27,-1.41746909244617,-1.46965879507779,-1.38473339134392,-3.32936271359253,-0.624136089187611,-0.102875288938076,1
37.28,-1.41845694781323,-1.4683420104526,-1.39122006095093,-3.32432875842984,-0.62511907207238,-0.102707718681272,1
37.29,-1.41944570229078,-1.46705037693693,-1.39767491327954,-3.31930112658823,-0.626102962939456,-0.102540452408182,1
37.3,-1.42092690618481,-1.46560247996662,-1.40390777877591,-3.31471840547345,-0.627576905671034,-0.102290728923687,1
37.31,-1.42315751052927,-1.46390457944962,-1.40982265218982,-3.31080405348867,-0.629796630774438,-0.101916569009466,1
37.32,-1.42539625653877,-1.46223050821661,-1.41570857305761,-3.3068935925896,-0.632024524426913,-0.101543328124774,1
37.33,-1.4276431471604,-1.46058021129203,-1.42156582216031,-3.30298679618259,-0.63426058957023,-0.101171006157634,1
37.34,-1.4298981848334,-1.45895363737927,-1.42739467314406,-3.29908344114619,-0.636504828638158,-0.100799602986635,1
37.35,-1.43216137151873,-1.45735073877989,-1.43319539270418,-3.29518330773073,-0.638757243585857,-0.100429118478392,1
37.36,-1.43443270869406,-1.45577147130218,-1.43896824077138,-3.29128617946392,-0.641017835884862,-0.100059552487381,1
37.37,-1.43699112330206,-1.45414126900902,-1.44440444613578,-3.2878113594046,-0.643564225443782,-0.099645949127255,1
37.38,-1.43968840137127,-1.45250028649188,-1.44967297683949,-3.28452986407285,-0.646248914079529,-0.0992129265766058,1
37.39,-1.4423977672192,-1.45088250175297,-1.4549153326309,-3.2812497258069,-0.648945724183249,-0.0987810555920319,1
37.4,-1.44511922747102,-1.4492879141702,-1.46013170064188,-3.27797075533871,-0.651654662407965,-0.0983503372310438,1
37.41,-1.44785278771503,-1.44771652558089,-1.46532226313975,-3.27469276584703,-0.65437573436912,-0.0979207725240003,1
37.42,-1.4505984524966,-1.4461683402179,-1.47048719764047,-3.2714155729091,-0.657108944638434,-0.0974923624738217,1
37.43,-1.45335622530456,-1.44464336464608,-1.47562667701858,-3.26813899445515,-0.659854296730316,-0.0970651080554896,1
37.44,-1.45612610855785,-1.44314160770006,-1.48074086961358,-3.26486285072511,-0.662611793088446,-0.0966390102155419,1
37.45,-1.45912781701161,-1.44161690467496,-1.48549982334718,-3.26198955453258,-0.665600176610811,-0.0961806372404796,1
37.46,-1.46215650583975,-1.44011275408304,-1.49021571172453,-3.25913839049915,-0.668615523381901,-0.0957216673520214,1
37.47,-1.46519986734592,-1.43863179002917,-1.49490727584659,-3.25628649140227,-0.671645580619971,-0.0952639896936223,1
37.48,-1.46825790370896,-1.43717404929738,-1.49957463900058,-3.25343369310086,-0.674690350554804,-0.0948076061306793,1
37.49,-1.47133061550098,-1.43573957024439,-1.50421792101456,-3.25057983340762,-0.677749833808198,-0.0943525184855546,1
37.5,-1.47441800166708,-1.43432839274631,-1.50883723832866,-3.24772475207246,-0.680824029373721,-0.0938987285368053,1
37.51,-1.4776966411046,-1.4329112902567,-1.51310420291761,-3.24524594323293,-0.68408877050289,-0.0934205836627499,1
37.52,-1.4810111742016,-1.43151442994472,-1.51731240775479,-3.24280571146787,-0.687389366041106,-0.0929410802660982,1
37.53,-1.48434269764996,-1.43014102460126,-1.52149732681851,-3.24036321399514,-0.690706993202393,-0.0924629886637268,1
37.54,-1.48769120666106,-1.42879113664963,-1.52565904079902,-3.23791830236033,-0.694041647272212,-0.0919863115304363,1
37.55,-1.49105669418814,-1.4274648293909,-1.5297976278142,-3.23547082990025,-0.697393321276107,-0.0915110514797129,1
37.56,-1.49443915089893,-1.42616216695266,-1.53391316345868,-3.2330206517472,-0.700762005952365,-0.0910372110626498,1
37.57,-1.49797622309256,-1.42486667608337,-1.53769225404047,-3.23091214892607,-0.704284793970954,-0.0905457417771431,1
37.58,-1.50156085922589,-1.42359159129825,-1.54138330880083,-3.22887202538768,-0.707855074433834,-0.0900518042543626,1
37.59,-1.50516452240137,-1.4223404485205,-1.54505176255424,-3.22682826185077,-0.711444426211422,-0.0895593817758674,1
37.6,-1.50878719539311,-1.42111332888512,-1.54869766314144,-3.22478072294971,-0.715052832171801,-0.0890684777106548,1
37.61,-1.5124288579826,-1.41991031372501,-1.5523210565157,-3.22272927514014,-0.718680272188031,-0.0885790953449158,1
37.62,-1.51608948692608,-1.41873148451759,-1.55592198677815,-3.22067378671976,-0.722326723105564,-0.0880912378806719,1
37.63,-1.51980788888321,-1.41757388798211,-1.5593959947733,-3.21872548638016,-0.72603084313581,-0.0875997973119757,1
37.64,-1.52360553375245,-1.4164360631915,-1.56268775526855,-3.21694311247017,-0.729814024440564,-0.0871020985434046,1
37.65,-1.52742334164448,-1.41532277241362,-1.56595727863592,-3.2151560053265,-0.733617414997059,-0.0866059825275541,1
37.66,-1.53126127682366,-1.4142341049073,-1.56920459233952,-3.2133640416015,-0.73744097916896,-0.0861114528203366,1
37.67,-1.53511929996443,-1.41317014955881,-1.57242972239119,-3.21156709993665,-0.741284677727105,-0.0856185128750158,1
37.68,-1.53899736812135,-1.41213099482619,-1.57563269337926,-3.20976506099258,-0.745148467819452,-0.0851271660409561,1
37.69,-1.54289543469594,-1.41111672868421,-1.57881352849529,-3.20795780748033,-0.749032302937891,-0.0846374155618481,1
37.7,-1.54681344940504,-1.4101274385696,-1.58197224956052,-3.20614522419278,-0.752936132886562,-0.0841492645739587,1
37.71,-1.55105959313591,-1.4091924821108,-1.58339294070017,-3.2060414223615,-0.757167036974381,-0.0836248028773927,1
37.72,-1.55536102606642,-1.40828624291525,-1.58462263505836,-3.20609986208269,-0.761453170571807,-0.0830982784790269,1
37.73,-1.5596875520825,-1.40740597552693,-1.58583043812272,-3.20615144353534,-0.765764446417537,-0.0825734375988233,1
37.74,-1.56001677317353,-1.4075404896427,-1.58227934625711,-3.209596680734,-0.766092512287914,-0.0825336798891722,1
37.75,-1.55864578664385,-1.40811817613091,-1.57669719643418,-3.21448165315504,-0.76472634044344,-0.0826993803128613,1
37.76,-1.5572759542735,-1.40871962702438,-1.57109139151364,-3.21936613386349,-0.763361332047243,-0.0828653996362011,1
37.77,-1.55590728163461,-1.40934483698241,-1.56546176653824,-3.22425027807074,-0.761997493088035,-0.083031752140183,1
37.78,-1.55453977412894,-1.40999380849075,-1.55980814289928,-3.22913426106506,-0.760634828990469,-0.0831984386056084,1
37.79,-1.55317343713689,-1.41066654664136,-1.55413033738226,-3.23401826013372,-0.759273345157887,-0.0833654598144848,1
37.8,-1.54980641954121,-1.41161712004761,-1.55009702280285,-3.23680049647041,-0.755918346826784,-0.0837790984549598,1
37.81,-1.54608733326261,-1.41263918722455,-1.54634767930566,-3.23919223506432,-0.752212636613454,-0.0842394246914957,1
37.82,-1.5423854976325,-1.41368606396621,-1.54257558860742,-3.2415796515306,-0.748524220819668,-0.0847012506549183,1
37.83,-1.53870096359676,-1.4147576846833,-1.53878069847037,-3.2439628674376,-0.744853150345613,-0.0851645746635141,1
37.84,-1.53503377919142,-1.41585398385778,-1.53496295461634,-3.24634200646333,-0.741199473179215,-0.0856293949472707,1
37.85,-1.53138398959284,-1.41697489609963,-1.53112230069843,-3.24871719436538,-0.737563234446276,-0.0860957096500345,1
37.86,-1.527697220072,-1.41812160512572,-1.52738501818606,-3.25095574487266,-0.73389026385604,-0.0865705536607565,1
37.87,-1.52395705049707,-1.41929452522552,-1.52379197839784,-3.25301459753211,-0.730164208613448,-0.0870562436505023,1
37.88,-1.52023593765939,-1.42049196163571,-1.52017607515557,-3.25506943348256,-0.726457255496719,-0.087543487817733,1
37.89,-1.51653391558574,-1.42171383940078,-1.51653725771196,-3.25712038418146,-0.722769438450032,-0.0880322831889996,1
37.9,-1.51285101510042,-1.42296008364495,-1.51287547337783,-3.25916758309545,-0.719100788212461,-0.0885226266985155,1
37.91,-1.50918726386292,-1.42423061962641,-1.50919066748584,-3.26121116567963,-0.715451332355671,-0.0890145151903189,1
37.92,-1.50554268640108,-1.42552537279207,-1.50548278335195,-3.26325126935857,-0.711821095317154,-0.0895079454198856,1
37.93,-1.502007472698,-1.42684208130727,-1.50152782695537,-3.26552354458473,-0.708299907729653,-0.0899905529049455,1
37.94,-1.49849142367207,-1.42818278938955,-1.49754668741857,-3.26779588517902,-0.704797923860924,-0.0904744957910373,1
37.95,-1.49499343330982,-1.42954745922835,-1.49354205931898,-3.27006552440011,-0.701314042054871,-0.0909599238758288,1
37.96,-1.49151351576051,-1.43093602687919,-1.489513865272,-3.27233260930824,-0.697848276379341,-0.0914468342268061,1
37.97,-1.48805168253068,-1.4323484290895,-1.48546202538484,-3.27459728889573,-0.694400638257394,-0.0919352238384235,1
37.98,-1.48460794251662,-1.43378460335351,-1.48138645720613,-3.27685971407998,-0.690971136499738,-0.0924250896335241,1
37.99,-1.48120394868655,-1.43524322470653,-1.47723798512565,-3.27917280074006,-0.687581333370387,-0.0929133108874595,1
38,-1.47788563990204,-1.43672151054755,-1.4729105894657,-3.2816506053696,-0.684276971527229,-0.0933931375486091,1
38.01,-1.4745843003868,-1.43822339338951,-1.46855893434984,-3.28412697159161,-0.680989620445463,-0.0938743834541494,1
38.02,-1.47129993148361,-1.4397488241722,-1.46418291318307,-3.28660206050418,-0.677719281392074,-0.0943570458663207,1
38.03,-1.46803253236332,-1.44129775507628,-1.45978241623008,-3.28907603519633,-0.67446595346044,-0.0948411219895129,1
38.04,-1.46478210005048,-1.44287013958099,-1.4553573305476,-3.291549060756,-0.671229633596001,-0.09532660897095,1
38.05,-1.46154862945399,-1.44446593252187,-1.45090753991553,-3.29402130427896,-0.668010316626942,-0.0958135039019234,1
38.06,-1.45839172037954,-1.44607952850774,-1.44630858837062,-3.29662998312079,-0.664867338170538,-0.0962927186208089,1
38.07,-1.45529544401868,-1.44771232228229,-1.44159114495134,-3.29934133541005,-0.661784834044617,-0.0967664765738685,1
38.08,-1.45221480747491,-1.44936846776064,-1.43684824524286,-3.30205283660557,-0.658718009013386,-0.0972415772454933,1
38.09,-1.44914980145566,-1.45104793829883,-1.43207974163555,-3.30476466593787,-0.655666853717027,-0.0977180181959714,1
38.1,-1.44610041496654,-1.45275070915795,-1.42728548245146,-3.30747700486907,-0.652631357092614,-0.0981957969416834,1
38.11,-1.44306663533493,-1.45447675756836,-1.42246531184982,-3.31019003712149,-0.649611506397761,-0.0986749109557874,1
38.12,-1.44010201622357,-1.45621883576622,-1.41752000718469,-3.31301707053002,-0.646660606345191,-0.0991467972027101,1
38.13,-1.43724633858617,-1.45797150089162,-1.41237317302623,-3.31604527996654,-0.643818245656187,-0.0996048440978608,1
38.14,-1.4344044523709,-1.4597475600348,-1.40719931993309,-3.31907533768463,-0.64098971283102,-0.100064136274311,1
38.15,-1.4315763445124,-1.46154701723119,-1.40199824753404,-3.32210744400267,-0.638174994754878,-0.100524671914585,1
38.16,-1.42876200069776,-1.46336987918663,-1.39676975011117,-3.32514180196407,-0.635374077064467,-0.100986449169814,1
38.17,-1.42596140538085,-1.4652161553551,-1.39151361646353,-3.32817861739464,-0.632586944162394,-0.101449466159924,1
38.18,-1.4240509725145,-1.46686508954077,-1.38528193262091,-3.33250482365781,-0.630685753728919,-0.101767339079492,0
38.19,-1.42215896262439,-1.46853534185741,-1.3790052037195,-3.33685555763812,-0.628802944818274,-0.10208378231306,0
38.2,-1.4202723570816,-1.47023028121595,-1.3726970649274,-3.34121207235672,-0.626925561647743,-0.102400957277362,0
38.21,-1.4183911567734,-1.47195000907639,-1.3663571501785,-3.34557463217477,-0.62505360512548,-0.102718864647,0
38.22,-1.41651536236174,-1.47369463189379,-1.35998508361615,-3.34994350625727,-0.623187075934199,-0.103037505091902,0
38.23,-1.41464497428437,-1.47546426126382,-1.35358047928348,-3.35431896873707,-0.621325974532303,-0.103356879277411,0
38.24,-1.41277999275658,-1.47725901407491,-1.34714294079955,-3.35870129888637,-0.619470301155585,-0.103676987864343,0
38.25,-1.41092041777288,-1.47907901266697,-1.34067206102134,-3.36309078129604,-0.617620055818959,-0.103997831509044,0
38.26,-1.40906624910872,-1.48092438499709,-1.33416742169052,-3.36748770606293,-0.615775238318175,-0.104319410863454,0
38.27,-1.40721748632231,-1.48279526481255,-1.32762859306458,-3.37189236898564,-0.613935848231576,-0.104641726575159,0
38.28,-1.40537412875626,-1.48469179183163,-1.3210551335311,-3.37630507176935,-0.612101884921848,-0.104964779287457,0
38.29,-1.40353617553946,-1.48661411193259,-1.31444658920454,-3.38072612223999,-0.6102733475378,-0.105288569639414,0
38.3,-1.40170362558879,-1.48856237735124,-1.30780249350424,-3.38515583456844,-0.60845023501614,-0.105613098265926,0
38.31,-1.39987647761095,-1.49053674688773,-1.30112236671298,-3.38959452950519,-0.606632546083275,-0.105938365797779,0
38.32,-1.39805473010423,-1.49253738612294,-1.29440571551459,-3.39404253462615,-0.604820279257115,-0.106264372861706,0
38.33,-1.39623838136038,-1.49456446764514,-1.28765203250964,-3.39850018459022,-0.603013432848893,-0.106591120080455,0
38.34,-1.39442742946637,-1.49661817128744,-1.28086079570797,-3.40296782140922,-0.601212004964991,-0.106918608072843,0
38.35,-1.39262187230628,-1.49869868437671,-1.27403146799648,-3.40744579473102,-0.599415993508775,-0.107246837453822,0
38.36,-1.39082170756312,-1.50080620199466,-1.26716349658092,-3.41193446213659,-0.597625396182447,-0.107575808834536,0
38.37,-1.38902693272069,-1.50294092725179,-1.26025631240008,-3.41643418945173,-0.595840210488901,-0.107905522822388,0
38.38,-1.38723754506543,-1.50510307157507,-1.25330932951053,-3.42094535107462,-0.594060433733575,-0.108235980021096,0
38.39,-1.38545354168831,-1.50729285500998,-1.24632194444042,-3.4254683303197,-0.592286063026341,-0.108567181030758,0
38.4,-1.38531272607732,-1.5077957083875,-1.24410023770494,-3.42716543696179,-0.592146009754434,-0.108593392420991,1
38.41,-1.38795991496385,-1.50542265122313,-1.24998312407085,-3.42406267233723,-0.59477891764067,-0.108102366280324,1
38.42,-1.3906210687713,-1.50307344894835,-1.25583313075887,-3.4209671796773,-0.597425826860681,-0.107612581808908,1
38.43,-1.39329621762481,-1.50074941335186,-1.26164858946494,-3.41787930426533,-0.600086767789342,-0.10712404772563,1
38.44,-1.39598539451131,-1.49845044990495,-1.26742988336282,-3.41479875241204,-0.602761773482605,-0.106636766540152,1
38.45,-1.39868863138611,-1.49617646930793,-1.27317738516327,-3.41172523569542,-0.60545087596415,-0.106150740738976,1
38.46,-1.40130001498684,-1.49393534971705,-1.27909093516238,-3.40843557648941,-0.608048709620704,-0.105684802507183,1
38.47,-1.40387415362569,-1.49172317334428,-1.28506417597234,-3.40504836587259,-0.610609590461951,-0.105228901460102,1
38.48,-1.40646057981807,-1.48953617035821,-1.29100351803901,-3.40166825022319,-0.613182793189665,-0.104774172430568,1
38.49,-1.40905931346944,-1.48737424413952,-1.29690933921325,-3.39829494487367,-0.615768337749255,-0.104320616905308,1
38.5,-1.41167037359283,-1.48523730315597,-1.30278200713067,-3.39492817031726,-0.618366243193094,-0.10386823634934,1
38.51,-1.41429377829048,-1.48312526080369,-1.30862187953319,-3.39156765204599,-0.620976527662107,-0.103417032205226,1
38.52,-1.4169295447381,-1.48103803525549,-1.31442930457499,-3.38821312039741,-0.623599208370052,-0.102967005892515,1
38.53,-1.41962845742358,-1.47897112971287,-1.32011506016464,-3.38496523702191,-0.626284820565815,-0.102509585810884,1
38.54,-1.42243654101205,-1.47692036435137,-1.32560093389693,-3.381912429969,-0.629079170335868,-0.102037254202306,1
38.55,-1.42525873489402,-1.47489391539806,-1.33105622332325,-3.37886408847006,-0.631887667510685,-0.101566190039474,1
38.56,-1.42809505806979,-1.47289173987157,-1.33648120723423,-3.37581997228894,-0.634710331147931,-0.101096395420882,1
38.57,-1.43094552827322,-1.47091379841368,-1.34187615710752,-3.37277984492719,-0.637547179037978,-0.100627872412895,1
38.58,-1.43381016195577,-1.46896005518111,-1.34724133731064,-3.36974347353072,-0.640398227687869,-0.100160623049405,1
38.59,-1.436688974265,-1.46703047773978,-1.35257700529816,-3.36671062879971,-0.64326349229981,-0.099694649331046,1
38.6,-1.43958197902316,-1.46512503696215,-1.35788341180144,-3.36368108490294,-0.646142986749734,-0.0992299532244051,1
38.61,-1.44255016015134,-1.46324133459424,-1.3630411804155,-3.36078432477872,-0.649097413555372,-0.0987568555312838,1
38.62,-1.4455959521374,-1.46137917620816,-1.3680484604408,-3.35802246120181,-0.65212920273592,-0.09827520213626,1
38.63,-1.44865745968209,-1.45954093865013,-1.37302782262916,-3.35526263119349,-0.655176747095884,-0.0977949027775054,1
38.64,-1.45173469515555,-1.4577266215534,-1.37797946744031,-3.35250462952242,-0.658240059075464,-0.0973159599961022,1
38.65,-1.45482766921504,-1.45593622703041,-1.38290359009156,-3.34974825378917,-0.66131914940075,-0.0968383762881726,1
38.66,-1.45793639078207,-1.45416975959243,-1.38780038068859,-3.34699330437744,-0.664414027060777,-0.0963621541042455,1
38.67,-1.46106086701592,-1.45242722607082,-1.39267002435232,-3.34423958440779,-0.667524699281035,-0.0958872958482255,1
38.68,-1.46420110328744,-1.45070863553997,-1.39751270134129,-3.34148689969398,-0.670651171497204,-0.0954138038763683,1
38.69,-1.46737685115946,-1.44901407689157,-1.40228632149091,-3.3387795461636,-0.673813109801421,-0.0949387379921786,1
38.7,-1.47065683368675,-1.44734379304082,-1.40684593320699,-3.33627007263003,-0.677078944095337,-0.0944520130825437,1
38.71,-1.47395390802672,-1.44569743833533,-1.41137955024947,-3.33376055036352,-0.680361912117406,-0.0939667216108988,1
38.72,-1.47726807460487,-1.44407504311851,-1.41588731544183,-3.33125080062919,-0.683662014371074,-0.093482866392903,1
38.73,-1.48059933162621,-1.44247663932107,-1.42036936775423,-3.32874064705232,-0.686979249137609,-0.0930004501834817,1
38.74,-1.48394767505085,-1.4409022603947,-1.42482584239119,-3.3262299155991,-0.690313612451614,-0.0925194756762055,1
38.75,-1.48731309856423,-1.43935194124692,-1.42925687087608,-3.32371843455939,-0.693665098071259,-0.0920399455020488,1
38.76,-1.49069559354808,-1.4378257181768,-1.43366258113329,-3.32120603453098,-0.697033697449142,-0.0915618622281432,1
38.77,-1.49409514905169,-1.43632362881155,-1.43804309756778,-3.31869254840557,-0.700419399703599,-0.0910852283565512,1
38.78,-1.49755830175382,-1.43484771197025,-1.44229170645136,-3.3162875617023,-0.703868554179786,-0.0906035984692275,1
38.79,-1.50108992232297,-1.43339818984852,-1.44639959940715,-3.31400000327145,-0.707386016668677,-0.0901164604772432,1
38.8,-1.50463975903782,-1.43197294419617,-1.45048297419914,-3.31171042415779,-0.710921739423566,-0.0896308325050402,1
38.81,-1.50820779193039,-1.43057202741765,-1.45454192738495,-3.30941866983484,-0.714475702554773,-0.089146717380218,1
38.82,-1.51179399823727,-1.42919549267964,-1.45857655270292,-3.30712458795962,-0.718047883374964,-0.0886641178504103,1
38.83,-1.51539835237335,-1.427843393852,-1.46258694113141,-3.30482802837481,-0.721638256372738,-0.0881830365822722,1
38.84,-1.51902082590262,-1.42651578544954,-1.46657318094579,-3.30252884311239,-0.725246793183476,-0.087703476160084,1
38.85,-1.52266138751014,-1.4252127225742,-1.47053535777412,-3.30022688639825,-0.728873462561183,-0.0872254390843662,1
38.86,-1.52632000297473,-1.42393426085776,-1.47447355465117,-3.29792201465769,-0.732518230351222,-0.0867489277705231,1
38.87,-1.52912003784977,-1.42275931628101,-1.47929303485668,-3.29454634907561,-0.735307742976169,-0.0863868424748514,1
38.88,-1.53085435813305,-1.42170513477951,-1.48519404022167,-3.28986489276333,-0.737035578416403,-0.0861636878865386,1
38.89,-1.53259137161199,-1.42067502977737,-1.49106832720478,-3.28518544650888,-0.738766121727937,-0.0859410367287752,1
38.9,-1.53433106886058,-1.4196689633953,-1.49691613579346,-3.28050780923177,-0.740499363454765,-0.0857188879799823,1
38.91,-1.53607344040267,-1.41868690096684,-1.50273769997783,-3.27583178264072,-0.742235294090527,-0.0854972406167765,1
38.92,-1.53781847666985,-1.41772881095018,-1.50853324792604,-3.27115717114465,-0.743973904036581,-0.0852760936150066,1
38.93,-1.5395661680017,-1.41679466485966,-1.51430300212708,-3.26648378177851,-0.745715183602262,-0.0850554459497525,1
38.94,-1.53629886719999,-1.41773453349255,-1.51158698483743,-3.26795595137288,-0.742459889352857,-0.0854686253564354,1
38.95,-1.5325223971444,-1.41889354137751,-1.50795887569981,-3.2700698618518,-0.738697403712015,-0.0859498617816226,1
38.96,-1.52876476310739,-1.42007727745838,-1.50430763367737,-3.272179803647,-0.73495379971406,-0.0864326608114308,1
38.97,-1.52502600719797,-1.42128567260381,-1.50063320242597,-3.27428590749355,-0.73122911939423,-0.0869170197867245,1
38.98,-1.52130616822681,-1.42251865773633,-1.49693552352904,-3.27638830629549,-0.727523401486942,-0.0874029359540312,1
38.99,-1.51760528179876,-1.42377616390533,-1.49321453649163,-3.27848713505836,-0.723836681518132,-0.0878904064663302,1
39,-1.51392338034265,-1.42505812234223,-1.48947017869908,-3.28058253087265,-0.720168991835067,-0.0883794283845846,1
39.01,-1.5102604931422,-1.42636446451602,-1.48570238537474,-3.28267463289786,-0.716520361637308,-0.0888699986792934,1
39.02,-1.50672584154388,-1.4276960257378,-1.48165475419707,-3.28503021488901,-0.712999581845447,-0.0893473070180933,1
39.03,-1.50325822140325,-1.42905218950173,-1.47746666886223,-3.28750454427402,-0.709545680863304,-0.0898193554367765,1
39.04,-1.49980770857004,-1.43043248134733,-1.47325449332156,-3.28997667043113,-0.706108929707663,-0.0902928592749078,1
39.05,-1.49637432212824,-1.43183685034182,-1.46901813156779,-3.29244674510757,-0.702689347398221,-0.0907678161967112,1
39.06,-1.49295807871356,-1.43326524647477,-1.46475748468751,-3.29491492214479,-0.699286950504427,-0.0912442237972596,1
39.07,-1.48955899253707,-1.43471762071493,-1.4604724507998,-3.29738135748089,-0.695901753169106,-0.0917220796032979,1
39.08,-1.48617707541277,-1.43619392506748,-1.45616292499351,-3.29984620915397,-0.692533767136113,-0.0922013810744692,1
39.09,-1.48281233678588,-1.43769411263184,-1.45182879926277,-3.30230963730669,-0.689183001778613,-0.092682125604553,1
39.1,-1.47946478376165,-1.43921813766009,-1.44746996244061,-3.3047718041921,-0.685849464127974,-0.0931643105227109,1
39.11,-1.47621545779257,-1.44076273270693,-1.4429178007258,-3.30741376407954,-0.682613852143638,-0.0936361184644924,1
39.12,-1.47301619196983,-1.44232974983547,-1.43826952530741,-3.31013124559129,-0.679428196319195,-0.094104341049616,1
39.13,-1.46983271778688,-1.4439205182494,-1.43359576721793,-3.31284845699727,-0.676258372166499,-0.0945739329241842,1
39.14,-1.466665036342,-1.4455350106312,-1.42889638307901,-3.31556557360967,-0.673104380723271,-0.0950448918821529,1
39.15,-1.46351314685164,-1.4471732014048,-1.42417122554066,-3.31828277305082,-0.669966221143907,-0.095517215666588,1
39.16,-1.46037704667348,-1.44883506680014,-1.41942014318929,-3.32100023527892,-0.666843890722614,-0.0959909019704461,1
39.17,-1.45725673133201,-1.45052058491876,-1.41464298045266,-3.32371814261564,-0.663737384919003,-0.0964659484375984,1
39.18,-1.45415219454442,-1.45222973580066,-1.40983957750182,-3.32643667977566,-0.660646697384041,-0.096942352663854,1
39.19,-1.45106342824684,-1.4539625014922,-1.40500977014978,-3.32915603389824,-0.657571819986275,-0.0974201121979875,1
39.2,-1.44807691623544,-1.45571183689095,-1.39998928462071,-3.33205826841616,-0.654598842897473,-0.0978856871226917,1
39.21,-1.44515076143217,-1.45748113786031,-1.39485445480662,-3.33505873126072,-0.651686051797315,-0.0983453643768283,1
39.22,-1.44223876512413,-1.45927416255911,-1.38969209530908,-3.33806117599298,-0.64878745646176,-0.0988063155166077,1
39.23,-1.4393409172912,-1.46109091873731,-1.38450199803233,-3.3410658070092,-0.645903046820196,-0.0992685386880859,1
39.24,-1.43645720654573,-1.46293141686598,-1.37928394932135,-3.34407283159861,-0.643032811433452,-0.099732032001884,1
39.25,-1.43358762015061,-1.46479567022009,-1.37403772981677,-3.34708246000446,-0.640176737511902,-0.100196793533705,1
39.26,-1.4307321440402,-1.46668369496358,-1.36876311430422,-3.35009490548819,-0.637334810936434,-0.100662821325112,1
39.27,-1.42789076284142,-1.46859551023678,-1.36345987155807,-3.35311038439699,-0.634507016279553,-0.101130113384301,1
39.28,-1.42525173279048,-1.47050388895622,-1.35783117026123,-3.35647822850388,-0.631880699259372,-0.101567354311001,1
39.29,-1.42271106950739,-1.47242391329864,-1.35203535069652,-3.36001164030987,-0.629352361838086,-0.101991272036648,1
39.3,-1.42018140118749,-1.47436828914498,-1.34620876230739,-3.36354994945776,-0.626835051587526,-0.102416290257984,1
39.31,-1.41766271779002,-1.47633708427506,-1.34035109097676,-3.36709340460087,-0.624328758446754,-0.102842408185441,1
39.32,-1.41515500849121,-1.478330370722,-1.33446201412356,-3.37064225863401,-0.621833471571242,-0.1032696250096,1
39.33,-1.41265826169091,-1.48034822489838,-1.32854120044817,-3.37419676882107,-0.619349179339525,-0.103697939901351,1
39.34,-1.41017246502397,-1.48239072772846,-1.32258830966495,-3.37775719692964,-0.616875869364589,-0.104127352012302,1
39.35,-1.40778479158759,-1.48443893170814,-1.3164989858261,-3.38145928270537,-0.614500272212111,-0.104542643167652,1
39.36,-1.40559438809739,-1.48647125508583,-1.31015156618684,-3.38546083868603,-0.612321019174402,-0.104926089609072,1
39.37,-1.40341220326963,-1.48852907387803,-1.30376958952584,-3.38947021150661,-0.610150012154603,-0.105310470654142,1
39.38,-1.4012382301526,-1.49061252138638,-1.29735262048458,-3.39348770419077,-0.607987244203409,-0.105695786309932,1
39.39,-1.39907246136959,-1.4927217370144,-1.29090021146546,-3.39751362591627,-0.605832707946133,-0.106082036572979,1
39.4,-1.39691488911409,-1.49485686646331,-1.2844119022167,-3.40154829223338,-0.603686395578036,-0.10646922142952,1
39.41,-1.39476550515541,-1.49701806194087,-1.27788721939139,-3.40559202529671,-0.601548298869902,-0.106857340855668,1
39.42,-1.39262430084415,-1.49920548237992,-1.27132567608552,-3.40964515410828,-0.599418409173557,-0.107246394817604,1
39.43,-1.39049126711784,-1.50141929366707,-1.2647267713542,-3.41370801477232,-0.597296717427457,-0.10763638327176,1
39.44,-1.38841686508203,-1.50364598354803,-1.25804125718783,-3.41785108056191,-0.595233413865228,-0.108017992574197,1
39.45,-1.38645351051904,-1.50587152216269,-1.25121656537041,-3.4221491919389,-0.593280626295785,-0.108381321684018,1
39.46,-1.38449693703882,-1.50812438469669,-1.24435207466959,-3.42645868155114,-0.591334644540167,-0.108745495418958,1
39.47,-1.3825471380655,-1.51040478585707,-1.23744718912674,-3.43077993109353,-0.589395462033105,-0.109110514078105,1
39.48,-1.38060410674599,-1.51271294919054,-1.23050129475649,-3.43511333145823,-0.587463071931897,-0.109476377954197,1
39.49,-1.37866783594792,-1.5150491074112,-1.22351375884589,-3.43945928310718,-0.585537467114406,-0.109843087333995,1
39.5,-1.37678478523152,-1.51735046209917,-1.21668141697175,-3.44369115654684,-0.58366484896268,-0.110201765884719,1
39.51,-1.3782471399738,-1.51514893143726,-1.22400214241267,-3.43880442879071,-0.585119096767993,-0.109923044456884,1
39.52,-1.37971286491059,-1.51297662194945,-1.23127866926757,-3.43393196868884,-0.586576731818737,-0.109644905852536,1
39.53,-1.381181960279,-1.5108332524922,-1.2385117225389,-3.42907333299266,-0.588037754327242,-0.109367349249276,1
39.54,-1.38265442624988,-1.50871855270297,-1.24570200511192,-3.4242280897929,-0.589502164439459,-0.109090373823019,1
39.55,-1.38413026290954,-1.50663226257125,-1.25285019867634,-3.41939581802552,-0.590969962216785,-0.108813978749402,1
39.56,-1.38560947025916,-1.50457413205287,-1.25995696455362,-3.41457610703005,-0.592441147635519,-0.108538163203767,1
39.57,-1.38742623570408,-1.50243209141789,-1.26679436383715,-3.41016023963204,-0.59424810851083,-0.108201051286068,1
39.58,-1.38954327042168,-1.50021868466557,-1.2733928441383,-3.40609854316012,-0.596353784312459,-0.107810489940922,1
39.59,-1.39166842956824,-1.49803158586012,-1.27995408005338,-3.4020465508538,-0.598467611800549,-0.107420859294568,1
39.6,-1.39380172277152,-1.49587063020461,-1.28647857014788,-3.39800392788762,-0.600589600602107,-0.107032159399773,1
39.61,-1.39594315924184,-1.49373565981189,-1.2929667990456,-3.39397034648122,-0.602719759926556,-0.106644390300854,1
39.62,-1.39809274778249,-1.4916265234855,-1.29941923789934,-3.38994548564937,-0.60485809857599,-0.106257552032569,1
39.63,-1.40025049678411,-1.48954307650314,-1.30583634484882,-3.38592903096084,-0.607004624939628,-0.105871644619942,1
39.64,-1.40244073323592,-1.48747960304929,-1.3121893583613,-3.38195899269526,-0.609183540696451,-0.10548235905083,1
39.65,-1.4048938435476,-1.48538316714955,-1.31820456344829,-3.37839513883627,-0.611624055462031,-0.105049227662789,1
39.66,-1.40735788385112,-1.48331147542231,-1.32418707130704,-3.37483773461376,-0.614075532265194,-0.104617190501653,1
39.67,-1.40983286900223,-1.4812644384442,-1.33013723926719,-3.37128650960603,-0.616537985985533,-0.104186248488408,1
39.68,-1.41231881311197,-1.47924197155931,-1.33605541516853,-3.36774119814032,-0.61901143075747,-0.103756402525951,1
39.69,-1.414815729549,-1.47724399474292,-1.34194193764103,-3.36420153915037,-0.621495879972549,-0.103327653498735,1
39.7,-1.4173236309281,-1.47527043246539,-1.34779713638145,-3.36066727603658,-0.623991346267896,-0.102900002272371,1
39.71,-1.41984252909863,-1.47332121356114,-1.35362133241865,-3.35713815653246,-0.626497841514684,-0.102473449693222,1
39.72,-1.42237243513307,-1.47139627110236,-1.3594148383683,-3.35361393257684,-0.629015376806636,-0.102047996588009,1
39.73,-1.42491695323982,-1.46949495315333,-1.36517253807244,-3.35010085268293,-0.631547538981631,-0.101623045630969,1
39.74,-1.42767951734506,-1.46758388661981,-1.37059015203242,-3.34696363051055,-0.634296785066816,-0.101164998050401,1
39.75,-1.43045541684989,-1.46569662239646,-1.37597888859524,-3.34382975026814,-0.637059402386059,-0.100708174666467,1
39.76,-1.4332446661526,-1.46383313362639,-1.38133899086975,-3.34069899193149,-0.639835405383311,-0.100252577166257,1
39.77,-1.43604727847319,-1.46199339660205,-1.38667069566,-3.33757113867711,-0.642624807323464,-0.0997982072064513,1
39.78,-1.4388632658468,-1.46017739067702,-1.39197423362775,-3.33444597680913,-0.645427620285662,-0.0993450664132908,1
39.79,-1.44169263910541,-1.45838509817833,-1.3972498294528,-3.33132329568791,-0.64824385514503,-0.0988931563818977,1
39.8,-1.44453540785967,-1.45661650432112,-1.40249770198731,-3.32820288766219,-0.651073521554455,-0.0984424786756149,1
39.81,-1.44739158048089,-1.45487159712564,-1.40771806440477,-3.32508454800422,-0.653916627926554,-0.0979930348253303,1
39.82,-1.4502611640831,-1.45315036733642,-1.41291112434364,-3.32196807484819,-0.656773181415731,-0.0975448263288128,1
39.83,-1.45328753486096,-1.45143857109106,-1.41781436331307,-3.31914772245537,-0.659785914590466,-0.0970757133391036,1
39.84,-1.45642077203432,-1.44974124398147,-1.42252426319051,-3.31651541371482,-0.662905143997339,-0.0965938587018867,1
39.85,-1.45957020569732,-1.4480674321451,-1.42720830550541,-3.31388343844663,-0.666040610078431,-0.096113377768867,1
39.86,-1.46273584385798,-1.44641716255698,-1.43186663886291,-3.31125161578093,-0.669192320914638,-0.095634273177975,1
39.87,-1.46591769263417,-1.44479046399155,-1.43649940787208,-3.30861976712165,-0.67236028269535,-0.0951565475169571,1
39.88,-1.46911575623169,-1.44318736695836,-1.44110675323644,-3.30598771612206,-0.675544499696393,-0.0946802033228329,1
39.89,-1.47233003691654,-1.44160790363881,-1.44568881184129,-3.30335528866269,-0.678744974252366,-0.0942052430808021,1
39.9,-1.47556053498779,-1.44005210782377,-1.45024571683832,-3.30072231283092,-0.681961706729388,-0.0937316692231433,1
39.91,-1.47880724875059,-1.43852001485211,-1.45477759772766,-3.29808861890231,-0.68519469549815,-0.0932594841281298,1
39.92,-1.48216766247183,-1.4370079698086,-1.45907327517021,-3.29567985405562,-0.688541017703954,-0.0927746812395857,1
39.93,-1.48558220633351,-1.43551831905301,-1.46326543850007,-3.2933540901172,-0.691941360215606,-0.0922860912139815,1
39.94,-1.48901460920532,-1.43405249666946,-1.46743334010193,-3.29102656675769,-0.695359604694,-0.0917989707514624,1
39.95,-1.49246486322468,-1.43261055742879,-1.47157707634538,-3.28869712702577,-0.698795743359237,-0.0913133228306164,1
39.96,-1.49593295799466,-1.43119255702817,-1.47569674076073,-3.28636561599315,-0.702249765895102,-0.0908291503601116,1
39.97,-1.49941888055486,-1.42979855203394,-1.47979242409738,-3.28403188075563,-0.705721659419859,-0.0903464561776064,1
39.98,-1.50292261535044,-1.42842859982507,-1.48386421438027,-3.28169577043554,-0.709211408455275,-0.0898652430483725,1
39.99,-1.50644414420187,-1.42708275853701,-1.48791219696483,-3.27935713618532,-0.7127189948963,-0.0893855136639389,1
40,-1.5099834462754,-1.42576108700603,-1.49193645459046,-3.27701583119209,-0.71624439798153,-0.0889072706407437,1
40.01,-1.51354049805438,-1.4244636447138,-1.49593706743262,-3.2746717106831,-0.719787594264451,-0.088430516518802,1
40.02,-1.51716466307059,-1.42319091366533,-1.49979536026606,-3.27244786470652,-0.723397757298976,-0.0879487143152769,1
40.03,-1.5208743894906,-1.42194316178547,-1.5034696458732,-3.27038735351882,-0.727093269470963,-0.0874596003047077,1
40.04,-1.52460322626735,-1.42071991100657,-1.50712075920815,-3.26832314677555,-0.73080793750596,-0.0869720443923499,1
40.05,-1.52835113834937,-1.41952123284965,-1.51074875685499,-3.26625511065669,-0.734541726434331,-0.0864860495273845,1
40.06,-1.53211808743316,-1.41834719891009,-1.51435369339519,-3.26418311342183,-0.738294598031698,-0.086001618564066,1
40.07,-1.53590403193869,-1.41719788080246,-1.51793562144749,-3.26210702542807,-0.74206651079442,-0.0855187542607289,1
40.08,-1.53948545003921,-1.41647931373035,-1.51770735612831,-3.26338730596322,-0.745634761236513,-0.0850656183439666,1
40.09,-1.54295583895803,-1.41602270129294,-1.51525004560189,-3.26662085191314,-0.749092487608359,-0.0846298586323598,1
40.1,-1.54607847909885,-1.41568918121171,-1.51250139252193,-3.26998772447488,-0.752203814421214,-0.0842405249454143,1
40.11,-1.54491463435752,-1.41652080063711,-1.50658665720288,-3.27496504799586,-0.751044177456768,-0.0843853307409597,1
40.12,-1.5437514867238,-1.41737637043337,-1.50064573056808,-3.27994429813782,-0.749885245555876,-0.0845304096818102,1
40.13,-1.54258903951429,-1.41825592696852,-1.49467837201202,-3.28492567843297,-0.748727022054623,-0.0846757624280863,1
40.14,-1.54142729613643,-1.41915950997397,-1.4886843348145,-3.28990939516993,-0.747569510379693,-0.0848213896363777,1
40.15,-1.54026625998936,-1.42008716258627,-1.48266336601035,-3.29489565747592,-0.746412713949478,-0.0849672919647189,1
40.16,-1.53735158311627,-1.42120381745605,-1.47811816531248,-3.29805376266858,-0.743508727492591,-0.0853351806925964,1
40.17,-1.53362667092859,-1.42242280172771,-1.47425580625079,-3.300347961224,-0.739797576383474,-0.085808733663836,1
40.18,-1.52991983049739,-1.42366659488959,-1.47036957740577,-3.30263889872799,-0.736104542018924,-0.0862838276015234,1
40.19,-1.52623110525532,-1.4249351410046,-1.46645940113513,-3.30492671333531,-0.732429667770717,-0.0867604602979693,1
40.2,-1.52256053554647,-1.4262283844926,-1.46252519730426,-3.30721154548015,-0.728772993919749,-0.0872386294531869,1
40.21,-1.51890815871453,-1.42754627019818,-1.45856688325411,-3.30949353783902,-0.725134557743948,-0.0877183326780991,1
40.22,-1.51527400912843,-1.42888874344782,-1.45458437374863,-3.31177283532395,-0.721514393543963,-0.0881995674958895,1
40.23,-1.51165811820909,-1.43025575010743,-1.45057758092071,-3.31404958507655,-0.717912532669971,-0.0886823313433732,1
40.24,-1.50806051445719,-1.4316472366405,-1.44654641421673,-3.3163239364629,-0.714329003549447,-0.0891666215723927,1
40.25,-1.50448809944453,-1.43306359355437,-1.44247473005909,-3.31861235817092,-0.710770680442962,-0.0896514983293824,1
40.26,-1.50100674884225,-1.43450904215184,-1.43820730608732,-3.32107275912898,-0.707303175282376,-0.0901278869631534,1
40.27,-1.49754276429689,-1.43597880616352,-1.43391492758164,-3.32353160573704,-0.703853079271184,-0.0906057505557533,1
40.28,-1.49409616388657,-1.43747284387557,-1.42959747990583,-3.32598905935259,-0.700420410419671,-0.0910850866445729,1
40.29,-1.49066696318683,-1.43899111469114,-1.42525484513226,-3.32844528362038,-0.697005184233443,-0.0915658926963209,1
40.3,-1.48725517529356,-1.44053357919274,-1.42088690196779,-3.33090044448201,-0.693607413736488,-0.0920481661077224,1
40.31,-1.48386081085204,-1.44210019920507,-1.41649352567829,-3.3333547101863,-0.690227109500205,-0.0925319042068028,1
40.32,-1.48048387808655,-1.4436909378587,-1.41207458801097,-3.33580825130112,-0.686864279673064,-0.093017104254183,1
40.33,-1.4771243828306,-1.44530575965462,-1.40762995711419,-3.33826124072683,-0.683518930010887,-0.0935037634443854,1
40.34,-1.47383225820792,-1.44694575969195,-1.40305161917092,-3.34082629512739,-0.68024078072937,-0.0939845570335649,1
40.35,-1.47064273448951,-1.44861178011449,-1.39826043130294,-3.34358596336905,-0.677064905468327,-0.0944540968250457,1
40.36,-1.46746898164038,-1.4503018759029,-1.39344250072451,-3.34634629350016,-0.673904841295114,-0.094925012225117,1
40.37,-1.46431100001153,-1.45201603516476,-1.38859765448179,-3.34910747497751,-0.670760588500386,-0.0953973010333592,1
40.38,-1.46116878809002,-1.45375424810557,-1.38372571493934,-3.35186969992097,-0.667632145509366,-0.0958709609990176,1
40.39,-1.45804234251855,-1.45551650710379,-1.3788264996637,-3.35463316315329,-0.664519508901511,-0.096345989821413,1
40.4,-1.45493165812113,-1.45730280678736,-1.37389982130293,-3.35739806224215,-0.661422673436186,-0.0968223851509604,1
40.41,-1.45183672792896,-1.45911314411195,-1.36894548746211,-3.36016459754478,-0.658341632078588,-0.0973001445901989,1
40.42,-1.44875754320669,-1.46094751844087,-1.36396330057432,-3.36293297225522,-0.655276376026031,-0.0977792656948123,1
40.43,-1.44569598700019,-1.46280589276951,-1.35894929451871,-3.36570743152541,-0.652228779587318,-0.0982594478051264,1
40.44,-1.44274862868092,-1.46468634782307,-1.35370979387181,-3.36869579195036,-0.649294966228029,-0.0987253531436475,1
40.45,-1.43981576475163,-1.46659100230493,-1.34844123950332,-3.37168714776402,-0.646375685218543,-0.099192555837575,1
40.46,-1.43689738354167,-1.4685198806755,-1.34314338912347,-3.37468172110605,-0.643470924833159,-0.0996610538706787,1
40.47,-1.4339934719678,-1.47047301055699,-1.33781599394566,-3.37767973750756,-0.640580671932508,-0.100130845190406,1
40.48,-1.43110401555025,-1.47245042283289,-1.33245879850583,-3.38068142597101,-0.637704911979654,-0.100601927708108,1
40.49,-1.42822899843505,-1.4744521517507,-1.32707154047413,-3.38368701905436,-0.634843629062479,-0.101074299299867,1
40.5,-1.42536840341654,-1.47647823502779,-1.32165395045916,-3.38669675295949,-0.631996805916203,-0.101547957807326,1
40.51,-1.42252221195998,-1.47852871396065,-1.3162057518047,-3.38971086762494,-0.629164423946013,-0.102022901038516,1
40.52,-1.4196992061463,-1.4806031134157,-1.31071029985581,-3.39274769135414,-0.626355221964569,-0.102497640804275,1
40.53,-1.41699771516774,-1.48269576982941,-1.30498269336226,-3.39601141002499,-0.623667041624909,-0.102955410144983,1
40.54,-1.41430919198039,-1.48481324749675,-1.29922278912412,-3.39928090394141,-0.620991864548544,-0.103414390913171,1
40.55,-1.4116336183545,-1.4869556223619,-1.29343024798712,-3.40255644002595,-0.618329672461088,-0.103874581455903,1
40.56,-1.40897097504378,-1.48912297500703,-1.28760472146178,-3.40583828993639,-0.615680446070855,-0.104335980095327,1
40.57,-1.4063212417967,-1.49131539079941,-1.28174585143016,-3.40912673021096,-0.613044165080231,-0.104798585128767,1
40.58,-1.4036843973742,-1.49353296004519,-1.27585326983739,-3.41242204242188,-0.61042080820339,-0.105262394829346,1
40.59,-1.4010604195674,-1.49577577814936,-1.26992659836973,-3.41572451333635,-0.60781035318403,-0.105727407446608,1
40.6,-1.39847471148238,-1.49804108154784,-1.26392355103758,-3.41908294370091,-0.605238070565658,-0.106189064519636,1
40.61,-1.39605277705457,-1.50031501621325,-1.25763423404996,-3.42273985317616,-0.602828802358372,-0.106624605433898,1
40.62,-1.39364165719238,-1.50261507954541,-1.25130822477079,-3.42640583041901,-0.600430380777878,-0.107061240760719,1
40.63,-1.39124133432749,-1.50494142048633,-1.24494504631455,-3.43008120593796,-0.59804278823114,-0.107498969546139,1
40.64,-1.38885179023635,-1.50729419483059,-1.23854420791231,-3.43376631729607,-0.595666006469419,-0.107937790820655,1
40.65,-1.386473006043,-1.50967356546198,-1.23210520441651,-3.43746150936871,-0.593300016591133,-0.108377703599205,1
40.66,-1.38410496223053,-1.51207970260448,-1.22562751577509,-3.4411671346178,-0.590944799053329,-0.108818706881548,1
40.67,-1.38277711386374,-1.51418560194454,-1.21839625560152,-3.44608592654891,-0.589624182426262,-0.10906735064686,0
40.68,-1.38168093958189,-1.51624829645715,-1.21096088106569,-3.45128732487536,-0.588533999744868,-0.109273353555115,0
40.69,-1.38058625437828,-1.5183412383553,-1.20347923634431,-3.45650429454174,-0.587445317621613,-0.109479749310724,0
40.7,-1.37949305950844,-1.52046475397793,-1.19595050521677,-3.46173732467242,-0.586358137335477,-0.109686538704163,0
40.71,-1.37840135621418,-1.52261918266442,-1.18837384460515,-3.46698691824846,-0.585272460151709,-0.109893722526366,0
40.72,-1.37731114571598,-1.52480487729918,-1.18074838340676,-3.47225359272957,-0.584188287314292,-0.110101301569771,0
40.73,-1.37622242921308,-1.52702220489803,-1.17307322123686,-3.47753788072503,-0.583105620045982,-0.110309276628329,0
40.74,-1.37513520788344,-1.52927154722932,-1.16534742709709,-3.48284033070411,-0.58202445954835,-0.11051764849751,0
40.75,-1.37404948288387,-1.53155330147243,-1.15757003796396,-3.48816150774901,-0.580944807001827,-0.110726417974314,0
40.76,-1.37296525535003,-1.53386788091644,-1.14974005729161,-3.49350199435351,-0.579866663565751,-0.110935585857273,0
40.77,-1.37188252639647,-1.53621571570192,-1.14185645342237,-3.4988623912706,-0.578790030378414,-0.111145152946462,0
40.78,-1.37080129711672,-1.53859725360908,-1.13391815789804,-3.50424331841297,-0.577714908557102,-0.111355120043506,0
40.79,-1.36972156858327,-1.54101296089607,-1.12592406366436,-3.50964541581031,-0.576641299198149,-0.111565487951587,0
40.8,-1.36864334184768,-1.54346332319105,-1.11787302316014,-3.51506934462806,-0.575569203376978,-0.111776257475453,0
40.81,-1.36763734147247,-1.54591131585151,-1.10978099982453,-3.52054782691752,-0.574568941579348,-0.111973537378242,1
40.82,-1.36729273269581,-1.5480443098555,-1.10179044929209,-3.52634856828905,-0.574226301617069,-0.112041220664618,1
40.83,-1.36694798127658,-1.55021340854423,-1.09374044110423,-3.53217249343283,-0.573883524012864,-0.112109075448142,1
40.84,-1.36660308605063,-1.55241922180374,-1.0856295996357,-3.53802051336982,-0.573540603429531,-0.112176958682414,1
40.85,-1.36803562644772,-1.55040512156501,-1.09095860172648,-3.53494203540966,-0.574964952473398,-0.1118953595884,1
40.86,-1.36982376426898,-1.54758745889603,-1.09888926083346,-3.53012243655461,-0.576742914839799,-0.11154554700716,1
40.87,-1.37161766196785,-1.54480455331835,-1.10676206781976,-3.52532493171495,-0.578526660204365,-0.111196523811229,1
40.88,-1.37341732515214,-1.54205591322404,-1.1145781908775,-3.52054884425043,-0.580316194157905,-0.110848289475943,1
40.89,-1.37522275919424,-1.53934106709389,-1.12233875602806,-3.51579351960497,-0.582111522055887,-0.110500843477828,1
40.9,-1.37703384202026,-1.5366595947768,-1.13004495312256,-3.51105816776817,-0.583912522513837,-0.110154209576564,1
40.91,-1.37882120629321,-1.53401854049486,-1.13772157302852,-3.50630630728781,-0.585689990352851,-0.109813962984864,1
40.92,-1.38061412603198,-1.53141006695194,-1.14534558451187,-3.50157349876666,-0.587473036187425,-0.109474485923611,1
40.93,-1.38241260523568,-1.52883376964518,-1.15291797285031,-3.496859161487,-0.589261663998138,-0.109135777809095,1
40.94,-1.38421664770491,-1.52628926006459,-1.16043968998503,-3.49216273208142,-0.591055877566951,-0.108797838053744,1
40.95,-1.38602625703812,-1.52377616499417,-1.16791165601453,-3.48748366373785,-0.592855680473557,-0.108460666066197,1
40.96,-1.38784143662951,-1.52129412585472,-1.17533476060002,-3.48282142545146,-0.594661076093302,-0.108124261251231,1
40.97,-1.38974211895882,-1.5188235949711,-1.18264211188771,-3.47827461248578,-0.596551569561749,-0.107773929853668,1
40.98,-1.39172774176526,-1.51636429178233,-1.18983654077572,-3.47384033982557,-0.598526608747133,-0.107410019548955,1
40.99,-1.39372021378793,-1.51393464920715,-1.19698552090423,-3.46942074182019,-0.600508522246622,-0.10704696658908,1
41,-1.39571954033237,-1.51153438047768,-1.20408979682123,-3.4650153603085,-0.602497315353755,-0.106684770625389,1
41.01,-1.39772572639347,-1.50916321004065,-1.21115008992366,-3.4606237490766,-0.604492993051257,-0.106323431302631,1
41.02,-1.39973877665632,-1.50682087312411,-1.2181670993834,-3.45624547336566,-0.606495560011841,-0.105962948258548,1
41.03,-1.40189835008969,-1.50448040289201,-1.22499612266566,-3.45207253941836,-0.60864395435754,-0.105578533657803,1
41.04,-1.40414569145593,-1.5021526552442,-1.23170173282712,-3.44802056535706,-0.610879735441556,-0.105181004457616,1
41.05,-1.40640185872476,-1.49985249078217,-1.23836731643628,-3.44397971827215,-0.613124371239686,-0.104784459474544,1
41.06,-1.40866685987919,-1.49757971156118,-1.24499344212325,-3.43994962625604,-0.615377869736416,-0.104388898839855,1
41.07,-1.41094070239047,-1.49533412772043,-1.25158066198552,-3.43592992586916,-0.61764023840414,-0.103994322672325,1
41.08,-1.41322339321605,-1.49311555720118,-1.25812951218505,-3.43192026182534,-0.619911484201112,-0.103600731077881,1
41.09,-1.41549898304342,-1.49092647030846,-1.26465840479823,-3.4278975361932,-0.62217573705322,-0.103210849187823,1
41.1,-1.41777609733677,-1.48876528138764,-1.27115786977833,-3.42387404303495,-0.624441578385073,-0.102823162638981,1
41.11,-1.42006186351247,-1.48663064895318,-1.27762035987413,-3.41985966646293,-0.626716100014177,-0.102436447260752,1
41.12,-1.42235628595023,-1.48452241681193,-1.28404635780817,-3.41585407895469,-0.628999306317801,-0.102050703043431,1
41.13,-1.42465936850717,-1.48244043541026,-1.29043633282374,-3.41185695984849,-0.631291201150258,-0.101665929963979,1
41.14,-1.42601938637236,-1.48114045638569,-1.29464128943006,-3.40913440302386,-0.632644645400868,-0.101439844602926,1
41.15,-1.4231243046053,-1.48325516673319,-1.28917510239524,-3.41209652812547,-0.629763586317044,-0.101922122232326,1
41.16,-1.42024413996489,-1.48539474990103,-1.28367697502829,-3.4150638416941,-0.626897482829491,-0.102405713604232,1
41.17,-1.41737886997098,-1.48755926429424,-1.27814659365807,-3.41803660406288,-0.624046312388782,-0.102890616215669,1
41.18,-1.414666776133,-1.48974421551914,-1.27232807289951,-3.42129445558931,-0.62134766785374,-0.103353146995911,1
41.19,-1.41210277451916,-1.49195032964348,-1.26622436634494,-3.42483355894042,-0.618796474952119,-0.103793639343472,1
41.2,-1.40955041349241,-1.49418237646852,-1.26008517770846,-3.42838062684938,-0.616256956196353,-0.104235277826488,1
41.21,-1.40700967795772,-1.49644048221521,-1.25391007270675,-3.43193597022125,-0.613729096462204,-0.104678061332881,1
41.22,-1.40448055199776,-1.49872477923115,-1.24769860461238,-3.43549990630997,-0.611212879802483,-0.105121988730237,1
41.23,-1.40196301887864,-1.50103540619816,-1.24145031382537,-3.43907275893823,-0.608708289452911,-0.105567058865771,1
41.24,-1.39953680962967,-1.50336396986809,-1.23504374165269,-3.44279609301037,-0.606294642021978,-0.105999021108447,1
41.25,-1.39716386127421,-1.50571490133433,-1.22853366883239,-3.44660537072952,-0.603934064824391,-0.106424419488005,1
41.26,-1.39480114838689,-1.50809302738971,-1.22198429337842,-3.45042530841927,-0.60158375435036,-0.106850884969164,1
41.27,-1.39244865610439,-1.51049853665487,-1.21539505992269,-3.45425627497904,-0.599243695719116,-0.107278416855296,1
41.28,-1.39010636895428,-1.51293162595032,-1.20876539632907,-3.45809864789876,-0.596913873440372,-0.107707014434928,1
41.29,-1.3877742708625,-1.5153925006011,-1.20209471305105,-3.46195281359581,-0.594594271421808,-0.108136676982031,1
41.3,-1.3854919159748,-1.51787529887843,-1.19532944168437,-3.46588431508671,-0.592324229576232,-0.108560038457569,1
41.31,-1.38333657926467,-1.52036858259821,-1.18836335223355,-3.47002300498885,-0.590180597376026,-0.108962469482362,1
41.32,-1.38118980799739,-1.52289091549236,-1.18135298506755,-3.47417563836806,-0.588045559016735,-0.109365869848971,1
41.33,-1.37905158975417,-1.52544257008063,-1.17429761910598,-3.47834266511046,-0.585919102076063,-0.109770239351012,1
41.34,-1.3769219117068,-1.52802383017418,-1.16719650995696,-3.48252454713703,-0.583801213721945,-0.11017557777238,1
41.35,-1.37515158725847,-1.53053082007918,-1.15979199602975,-3.48713911548055,-0.58204074746665,-0.110514504225039,1
41.36,-1.37381433281154,-1.5329422896863,-1.15202290705204,-3.49228177382625,-0.580710974761496,-0.110771724467471,1
41.37,-1.3724797620887,-1.53538655950556,-1.14420099773671,-3.49744382548012,-0.579383901144451,-0.111029469981041,1
41.38,-1.37114787541163,-1.53786406291005,-1.13632522847832,-3.50262587594704,-0.578059526963187,-0.111287741630603,1
41.39,-1.36981867306582,-1.54037525113467,-1.12839452239225,-3.50782855015169,-0.576737852529086,-0.111546540279531,1
41.4,-1.36873224246146,-1.54281236073418,-1.12038740872956,-3.51322052138176,-0.575657597723948,-0.111758853032082,1
41.41,-1.36787931231046,-1.54517977496298,-1.11230290693736,-3.51879733614508,-0.574809530507974,-0.111926030478416,1
41.42,-1.36702709390542,-1.54758286314076,-1.10415933720378,-3.52439721746012,-0.573962183750314,-0.11209350617923,1
41.43,-1.36617558820745,-1.5500221680356,-1.09595543288553,-3.53002088853302,-0.573115558431796,-0.112261280802355,1
41.44,-1.3653247961786,-1.55249825561863,-1.08768987861806,-3.53566909808754,-0.572269655534154,-0.11242935501621,1
41.45,-1.36447471877484,-1.55501171626716,-1.07936130773758,-3.54134262173887,-0.57142447603315,-0.112597729490948,1
41.46,-1.36362535694616,-1.55756316605821,-1.07096829951243,-3.54704226346878,-0.570580020898555,-0.112766404898461,1
41.47,-1.36302750612853,-1.55905716608856,-1.06627616040017,-3.5501402394983,-0.569985631588777,-0.11288539895598,1
41.48,-1.36329300304668,-1.55681737033743,-1.07448285556019,-3.54421787079558,-0.570249589871363,-0.112832506400806,1
41.49,-1.36355833940679,-1.55461546724761,-1.08262606993471,-3.53832097497155,-0.57051339106523,-0.112779732854538,1
41.5,-1.36382351470011,-1.55245090705121,-1.09070709931433,-3.53244889438125,-0.570777032121479,-0.11272699125018,1
41.51,-1.36408852973603,-1.55032308329138,-1.09872732278596,-3.52660076857526,-0.571040516373122,-0.112674368089318,1
41.52,-1.36435338401141,-1.54823149339213,-1.10668793650867,-3.52077599189378,-0.571303840790113,-0.112621776757563,1
41.53,-1.36501714155508,-1.54594720167826,-1.11474071507884,-3.51511812527112,-0.571963772039152,-0.112490240985559,1
41.54,-1.3658696391381,-1.54359069426907,-1.12280600127372,-3.50955104867881,-0.572811366037394,-0.112321670361574,1
41.55,-1.36672286043934,-1.54126917882368,-1.13081381537314,-3.50400612273658,-0.573659692516517,-0.112153399693209,1
41.56,-1.36757680450849,-1.53898216206139,-1.13876532024701,-3.49848267852263,-0.574508750506535,-0.111985428313598,1
41.57,-1.36856191819966,-1.53667732574951,-1.14661554405387,-3.49309944500261,-0.575488243537708,-0.111792202283107,1
41.58,-1.37043281212772,-1.53405453109811,-1.15410192206127,-3.48854219261285,-0.577348509619021,-0.111426835525277,1
41.59,-1.37231015262465,-1.53146304174959,-1.16153843439184,-3.48400243162472,-0.579215246665519,-0.111062301525796,1
41.6,-1.37419394731845,-1.52890249988926,-1.16892597141663,-3.47947962911901,-0.581088462293097,-0.110698599936656,1
41.61,-1.37608420355285,-1.52637256174307,-1.17626539433355,-3.47497326731242,-0.582968163833483,-0.11033573040971,1
41.62,-1.37798092842382,-1.52387289701848,-1.18355753638144,-3.47048284290737,-0.584854358370494,-0.109973692591756,1
41.63,-1.37988412877639,-1.52140318834816,-1.19080320402884,-3.46600786645974,-0.586747052736901,-0.109612486124434,1
41.64,-1.3821738404657,-1.51888592640151,-1.19755857301678,-3.46212910534559,-0.589024204046201,-0.109180640025949,1
41.65,-1.38449309781582,-1.51639281665375,-1.20424921821272,-3.45829251107713,-0.591330826160918,-0.108746212084449,1
41.66,-1.38682263459002,-1.51392754376272,-1.21089850005582,-3.45446799686774,-0.593647759020505,-0.108312852877669,1
41.67,-1.38916246887181,-1.51148989763879,-1.21750701827947,-3.45065517073416,-0.595975020729327,-0.107880563224047,1
41.68,-1.39157367081886,-1.50907339336638,-1.223977286688,-3.44696722501666,-0.5983733568172,-0.107438181055445,1
41.69,-1.39409103316421,-1.50667400662283,-1.23025684957264,-3.4434656041576,-0.600877383335563,-0.106979630613014,1
41.7,-1.39662045863311,-1.50430115192188,-1.23649863709496,-3.4399736158771,-0.603393507113516,-0.106522245044571,1
41.71,-1.39916196954252,-1.50195468012849,-1.24270313275792,-3.43649092238528,-0.605921750507727,-0.106066025832155,1
41.72,-1.40171558738125,-1.49963444885945,-1.24887080634878,-3.4330171928849,-0.608462135046176,-0.105610974437838,1
41.73,-1.40428133280015,-1.49734032225762,-1.25500211440679,-3.42955210333057,-0.611014681418321,-0.105157092303412,1
41.74,-1.40685922559687,-1.49507217077328,-1.26109750067469,-3.42609533619668,-0.61357940945985,-0.104704380849854,1
41.75,-1.40950381640911,-1.49282644656583,-1.26706226750375,-3.42275286324555,-0.616210594425195,-0.104243370005482,1
41.76,-1.41217543810565,-1.49060539930367,-1.27296776157951,-3.41944529794178,-0.618868774274897,-0.103781112404449,1
41.77,-1.41486004874341,-1.48840979668726,-1.27883909774568,-3.41614474223087,-0.621539978662791,-0.10332007027285,1
41.78,-1.41755766734341,-1.4862395437653,-1.28467665363698,-3.41285090966666,-0.624224226655401,-0.102860245294092,1
41.79,-1.42026831188837,-1.48409455064829,-1.29048079663665,-3.40956351903155,-0.626921536280246,-0.10240163912556,1
41.8,-1.42299199930575,-1.4819747323482,-1.29625188419775,-3.40628229417659,-0.629631924508847,-0.101944253398042,1
41.81,-1.42572874545004,-1.47988000862404,-1.30199026415164,-3.40300696386862,-0.632355407238956,-0.101488089715093,1
41.82,-1.4285023321639,-1.477809294755,-1.30765377025331,-3.39978392899813,-0.635115652457279,-0.101029232278898,1
41.83,-1.43132817647341,-1.47576180097134,-1.31321635323259,-3.39664195914233,-0.637928006536934,-0.100565250939888,1
41.84,-1.43416784286613,-1.47373907136597,-1.31874760897025,-3.39350475949423,-0.640754219676718,-0.10010253297164,1
41.85,-1.4370213448602,-1.47174105249419,-1.32424783469604,-3.39037208228416,-0.643594305444036,-0.0996410801867471,1
41.86,-1.43988869469445,-1.46976769475043,-1.32971731979555,-3.38724368379809,-0.64644827612601,-0.0991808943644171,1
41.87,-1.44276990331079,-1.46781895225029,-1.3351563460347,-3.38411932427248,-0.649316142711908,-0.0987219772498993,1
41.88,-1.44566498033448,-1.46589478271591,-1.34056518777617,-3.38099876779373,-0.652197914873367,-0.0982643305537523,1
41.89,-1.4486331462486,-1.46399425728619,-1.34583301821783,-3.37800110428314,-0.655152544115503,-0.0977987021270554,1
41.9,-1.45166385357745,-1.46211740467755,-1.35098218382256,-3.37510244136611,-0.658169536788081,-0.0973269431103252,1
41.91,-1.4547097049444,-1.46026489066047,-1.35610251646711,-3.37220634310626,-0.661201712626136,-0.0968565216704506,1
41.92,-1.45777070735517,-1.45843670060308,-1.36119424055006,-3.36931259522793,-0.664249078693906,-0.0963874399441709,1
41.93,-1.46084686616186,-1.45663282263275,-1.36625757461003,-3.36642098662473,-0.667311640400763,-0.0959197000236859,1
41.94,-1.46428297314979,-1.45490241899677,-1.37033315797627,-3.36448229106514,-0.67073268396886,-0.0954015093114902,1
41.95,-1.46643275797792,-1.45400019658519,-1.37181993416627,-3.36415061156096,-0.672873085196903,-0.0950787047439832,1
41.96,-1.46382974959489,-1.45574125267275,-1.36604717726257,-3.36787608656937,-0.670281439818651,-0.0954696025768919,1
41.97,-1.46123268023127,-1.45750323398347,-1.3602479372303,-3.37160608419263,-0.667695756590435,-0.0958612924257687,1
41.98,-1.45864558508972,-1.45929007600816,-1.3544180720974,-3.37534038860386,-0.665120078507532,-0.0962540403738195,1
41.99,-1.45606846887594,-1.46110184741479,-1.34855727214912,-3.37907924200808,-0.66255441027604,-0.0966478463576853,1
42,-1.45342336373746,-1.46294661740572,-1.34276458303123,-3.38270602376192,-0.659921133877988,-0.0970547441991539,1
42.01,-1.45071717728265,-1.46482373792668,-1.33703280236746,-3.38622918279224,-0.65722713287723,-0.0974739061765303,1
42.02,-1.44802244021302,-1.46672583284675,-1.33126979702317,-3.38975699640556,-0.654544614736643,-0.0978942129978878,1
42.03,-1.44533915177204,-1.46865297126945,-1.32547525053932,-3.39328971405313,-0.651873578683993,-0.0983156640321038,1
42.04,-1.44266731022426,-1.47060522650581,-1.31964883787082,-3.39682758960622,-0.649214022967387,-0.0987382586213637,1
42.05,-1.44000691287115,-1.4725826762076,-1.31379022512236,-3.40037088148636,-0.646565944871116,-0.0991619960816903,1
42.06,-1.43735795606267,-1.47458540250443,-1.30789906927455,-3.40391985280138,-0.643929340727259,-0.0995868757033796,1
42.07,-1.43476607923413,-1.47660903537225,-1.30191265928597,-3.4075475149349,-0.641349634861859,-0.100005498721236,1
42.08,-1.43224197122197,-1.4786526801613,-1.295814580339,-3.41127273790838,-0.638837460879604,-0.10041596574146,1
42.09,-1.42972824979911,-1.48072206909664,-1.28968227590928,-3.41500496101567,-0.636335705072643,-0.100827512530671,1
42.1,-1.42722491012976,-1.48281731747052,-1.2835153400092,-3.41874447670699,-0.633844362595115,-0.101240138654577,1
42.11,-1.42473194662642,-1.4849385461887,-1.27731335524166,-3.42249158325957,-0.631363427848872,-0.101653843659001,1
42.12,-1.422249352956,-1.48708588195581,-1.27107589241654,-3.4262465849752,-0.628892894489617,-0.102068627070153,1
42.13,-1.41984365295591,-1.48925102803458,-1.26471876199251,-3.43011106612285,-0.626498959857372,-0.102473260036677,1
42.14,-1.41750465118902,-1.49143550859415,-1.25825258124918,-3.43407171119241,-0.624171472309762,-0.102869249166738,1
42.15,-1.41517479496459,-1.4936468030681,-1.25174876921703,-3.43804182050164,-0.621853159689293,-0.103266242520406,1
42.16,-1.4128540782416,-1.49588508102214,-1.24520681420372,-3.44202173743647,-0.619544015953037,-0.103664239951535,1
42.17,-1.41054249441919,-1.49815051939704,-1.23862618945999,-3.44601181308717,-0.617244034497808,-0.104063241299615,1
42.18,-1.40824003634045,-1.5004433027717,-1.23200635262457,-3.45001240653977,-0.614953208163963,-0.104463246390025,1
42.19,-1.40603275447529,-1.50274992859753,-1.22524882379688,-3.45414785058464,-0.6127571484621,-0.104849160099006,1
42.2,-1.40387441249437,-1.50507807896977,-1.2184038016395,-3.45835387200795,-0.610609848002246,-0.105228855775764,1
42.21,-1.40172400389313,-1.5074345282272,-1.21151696564242,-3.46257218035469,-0.608470508102286,-0.105609480112525,1
42.22,-1.39958152256623,-1.5098195134506,-1.20458767010663,-3.46680318502829,-0.606339122662584,-0.105991033233869,1
42.23,-1.39744696199957,-1.51223328150789,-1.19761524919397,-3.47104730579987,-0.604215685174476,-0.106373515254378,1
42.24,-1.39532031527305,-1.51467608943771,-1.19059901611084,-3.47530497324059,-0.602100188723049,-0.10675692627887,1
42.25,-1.39333869666593,-1.51712160205288,-1.18339983508402,-3.47976224671045,-0.600129022115075,-0.107116320883592,1
42.26,-1.39136560010378,-1.51959676181793,-1.17615259658525,-3.48423710401638,-0.598166392758872,-0.107476232878114,1
42.27,-1.38939919500284,-1.52210223518537,-1.16885833489639,-3.48872757263474,-0.596210479685528,-0.107836992810156,1
42.28,-1.38743947614182,-1.5246383460024,-1.16151622914185,-3.49323414991443,-0.594261277686734,-0.108198601063163,1
42.29,-1.38548643801195,-1.52720543134699,-1.15412543098835,-3.49775734744153,-0.592318781266522,-0.108561058014255,1
42.3,-1.3836359553246,-1.52978127665648,-1.14660334819077,-3.50241688018641,-0.590478343192621,-0.108906417959992,1
42.31,-1.3818598183308,-1.53237304763446,-1.13897132957308,-3.50718012242975,-0.588711899417553,-0.109239691133923,1
42.32,-1.38008904100432,-1.534997423655,-1.13128671729445,-3.51196239913801,-0.586950837391835,-0.109573718679993,1
42.33,-1.37832361996328,-1.53765482623084,-1.12354849105992,-3.5167643089551,-0.585195153753372,-0.109908501226452,1
42.34,-1.37656355164182,-1.54034569438911,-1.11575559398382,-3.5215864696076,-0.583444844956006,-0.110244039397904,1
42.35,-1.37493212143752,-1.54303504233576,-1.10782610384955,-3.52656557920759,-0.581822507443507,-0.110556647019365,1
42.36,-1.37339353729104,-1.54573379885676,-1.09978052950294,-3.53166478094253,-0.580292539822697,-0.110852880016102,1
42.37,-1.37185881417858,-1.5484681097633,-1.09167550009116,-3.53678710196691,-0.578766451885716,-0.111149750280722,1
42.38,-1.37032795087554,-1.55123852291762,-1.08350973421955,-3.54193327527046,-0.577244242432935,-0.111447258632974,1
42.39,-1.36905405668965,-1.55388696271134,-1.07544791308208,-3.54713822534588,-0.575977580456297,-0.111695889744455,0
42.4,-1.37022056990587,-1.55504317176354,-1.06892806582098,-3.55269276335573,-0.577137470001966,-0.111468179267822,0
42.41,-1.37139167284624,-1.55623243658299,-1.06235762501259,-3.55826476283594,-0.578301946975008,-0.111240387514813,0
42.42,-1.37256738383995,-1.55745512737378,-1.05573575148025,-3.5638546909386,-0.579471029735329,-0.111012515544762,0
42.43,-1.37374772121893,-1.55871162793749,-1.04906157680109,-3.56946303045098,-0.580644736645917,-0.1107845644281,0
42.44,-1.37493270333234,-1.56000233637462,-1.04233420183304,-3.57509028057034,-0.581823086087176,-0.110556535242827,0
42.45,-1.37612234854544,-1.56132766576523,-1.03555269526866,-3.58073695766943,-0.583006096455839,-0.11032842907451,0
42.46,-1.37731667523846,-1.56268804489135,-1.02871609209947,-3.58640359610971,-0.584193786163824,-0.110100247016301,0
42.47,-1.37851570180545,-1.56408391900454,-1.02182339198381,-3.59209074910602,-0.58538617363709,-0.109871990168937,0
42.48,-1.37971944665311,-1.56551575064195,-1.01487355751071,-3.5977989896466,-0.586583277314458,-0.109643659640749,0
42.49,-1.38092792819958,-1.56698402049483,-1.00786551235158,-3.60352891147288,-0.587785115646434,-0.109415256547663,0
42.5,-1.38214116487328,-1.56848922833362,-1.00079813929084,-3.60928113012386,-0.588991707093977,-0.109186782013211,0
42.51,-1.3833591751116,-1.57003189399431,-0.993670278125355,-3.61505628405024,-0.590203070127291,-0.108958237168528,0
42.52,-1.38458197735972,-1.57161255843096,-0.986480723422245,-3.62085503580411,-0.591419223224554,-0.108729623152358,0
42.53,-1.38580959006931,-1.57323178484021,-0.979228222122839,-3.62667807331055,-0.592640184870653,-0.108500941111058,0
42.54,-1.38705366363018,-1.57276827512335,-0.979147138524133,-3.62741454607577,-0.593877530442879,-0.108269613026015,1
42.55,-1.38832161240945,-1.56962785422073,-0.988281021721193,-3.62161488948903,-0.595138672441854,-0.108035571184114,1
42.56,-1.38958985946096,-1.56653168584238,-0.997334107455651,-3.61585136739633,-0.596400124173958,-0.107801922213718,1
42.57,-1.39086023825405,-1.56348054488864,-1.00630659566537,-3.61012285591893,-0.597663721564249,-0.107568749417421,1
42.58,-1.39213274719319,-1.56047349916732,-1.01520057661552,-3.60442819782006,-0.598929462990228,-0.107336051889084,1
42.59,-1.39340738464133,-1.55750965970558,-1.02401804901772,-3.5987662841968,-0.600197346787941,-0.107103828723725,1
42.6,-1.39468414891984,-1.55458817820797,-1.03276092546736,-3.59313605158468,-0.601467371251877,-0.106872079017512,1
42.61,-1.39596303830834,-1.55170824470627,-1.04143103747112,-3.58753647928038,-0.602739534634826,-0.106640801867754,1
42.62,-1.39724405104464,-1.54886908538326,-1.05003014010244,-3.58196658686248,-0.604013835147782,-0.106409996372886,1
42.63,-1.39852718532458,-1.5460699605552,-1.05855991631779,-3.57642543189276,-0.605290270959824,-0.106179661632468,1
42.64,-1.39981243930194,-1.54331016279896,-1.06702198096353,-3.57091210778216,-0.606568840198001,-0.105949796747169,1
42.65,-1.40109981108833,-1.54058901521149,-1.07541788450001,-3.56542574180731,-0.607849540947226,-0.10572040081876,1
42.66,-1.40238929875308,-1.53790586979026,-1.08374911646698,-3.55996549326458,-0.609132371250174,-0.105491472950105,1
42.67,-1.40368090032313,-1.53526010592468,-1.09201710871171,-3.55453055175067,-0.610417329107165,-0.105263012245151,1
42.68,-1.40497461378293,-1.53265112898932,-1.10022323839962,-3.54912013555868,-0.611704412476066,-0.10503501780892,1
42.69,-1.40627043707437,-1.53007836903066,-1.10836883082486,-3.5437334901809,-0.612993619272192,-0.104807488747499,1
42.7,-1.4075683680966,-1.52754127953989,-1.11645516203686,-3.53836988690932,-0.6142849473682,-0.104580424168032,1
42.71,-1.40886840470603,-1.52503933630511,-1.12448346129748,-3.53302862152643,-0.615578394594001,-0.104353823178709,1
42.72,-1.41017054471615,-1.52257203633657,-1.13245491338166,-3.52770901307929,-0.616873958736649,-0.10412768488876,1
42.73,-1.41193590814841,-1.52003552259401,-1.14010586891544,-3.52284342112012,-0.618630445365868,-0.103822416129003,1
42.74,-1.41395640452632,-1.51747562352976,-1.14756181051871,-3.51823031013682,-0.620640835794381,-0.103474873014674,1
42.75,-1.41598340548293,-1.51494761736316,-1.15496749317995,-3.51363447548368,-0.622657755365053,-0.103128169739946,1
42.76,-1.41801691166506,-1.51245114402233,-1.16232381274109,-3.50905538136064,-0.624681204706485,-0.102782305736066,1
42.77,-1.42005692339073,-1.50998585760095,-1.1696316355187,-3.50449250733862,-0.626711184118361,-0.102437280428034,1
42.78,-1.42210344066028,-1.50755142576988,-1.17689179956788,-3.49994534768536,-0.628747693582449,-0.102093093233389,1
42.79,-1.42415646315358,-1.50514752921199,-1.18410511588823,-3.49541341072477,-0.630790732759884,-0.101749743562111,1
42.8,-1.42621599022739,-1.50277386108803,-1.19127236956337,-3.49089621823173,-0.632840300988443,-0.101407230816532,1
42.81,-1.42828202091262,-1.5004301265313,-1.19839432083874,-3.48639330485977,-0.634896397279858,-0.101065554391232,1
42.82,-1.43035455391169,-1.4981160421694,-1.20547170614151,-3.48190421759961,-0.636959020317152,-0.100724713672955,1
42.83,-1.43243358759591,-1.4958313356712,-1.21250523904643,-3.47742851526653,-0.639028168452014,-0.100384708040506,1
42.84,-1.43451912000286,-1.4935757453174,-1.21949561119101,-3.4729657680147,-0.641103839702184,-0.100045536864666,1
42.85,-1.43661114883383,-1.49134901959335,-1.22644349314332,-3.46851555687688,-0.643186031748892,-0.0997071995080947,1
42.86,-1.43870967145129,-1.48915091680247,-1.23334953522525,-3.46407747332778,-0.645274741934314,-0.0993696953252398,1
42.87,-1.44081468487635,-1.48698120469929,-1.24021436829403,-3.45965111886974,-0.647369967259051,-0.0990330236622495,1
42.88,-1.44292618578635,-1.48483966014065,-1.24703860448466,-3.45523610463924,-0.649471704379678,-0.0986971838568779,1
42.89,-1.44504417051235,-1.48272606875415,-1.25382283791535,-3.45083205103319,-0.651579949606279,-0.0983621752384002,1
42.9,-1.44716863503679,-1.48064022462268,-1.26056764535849,-3.4464385873536,-0.653694698900056,-0.0980279971275213,1
42.91,-1.44957954806162,-1.47855772911629,-1.26696568163091,-3.44242205684507,-0.656094651674782,-0.0976509885724746,1
42.92,-1.45226768549645,-1.47647886834253,-1.27303377577149,-3.43876337919338,-0.658770649040831,-0.0972333905800205,1
42.93,-1.45496708181354,-1.47442639868023,-1.2790668464216,-3.43511174302516,-0.661457938799272,-0.0968169387556143,1
42.94,-1.45767773529745,-1.47240020618994,-1.28506529862265,-3.43146685538348,-0.66415651924578,-0.0964016335735378,1
42.95,-1.46039964323513,-1.47040018228749,-1.29102952633384,-3.42782842908086,-0.666866387677681,-0.0959874754806687,1
42.96,-1.46313280192191,-1.46842622357513,-1.29695991278094,-3.42419618252058,-0.669587540399935,-0.0955744648960529,1
42.97,-1.4658772066513,-1.4664782316732,-1.30285683079725,-3.42056983952484,-0.672319972714859,-0.0951626022105068,1
42.98,-1.46863285170495,-1.46455611305825,-1.30872064315034,-3.4169491291706,-0.675063678912091,-0.0947518877862139,1
42.99,-1.4713997303427,-1.4626597789074,-1.31455170285498,-3.41333378563298,-0.677818652258662,-0.0943423219563307,1
43,-1.47417783479292,-1.4607891449487,-1.32035035347316,-3.40972354803558,-0.680584884989271,-0.0939339050245928,1
43.01,-1.47696715624292,-1.45894413131701,-1.32611692940173,-3.40611816030766,-0.683362368296737,-0.0935266372649265,1
43.02,-1.47976768482964,-1.45712466241522,-1.33185175614835,-3.40251737104765,-0.68615109232263,-0.0931205189210627,1
43.03,-1.48257940963047,-1.45533066678062,-1.33755515059629,-3.39892093339272,-0.688951046148111,-0.0927155502061559,1
43.04,-1.48540231865429,-1.4535620769559,-1.34322742125855,-3.39532860489422,-0.691762217784953,-0.0923117313024087,1
43.05,-1.48823639883275,-1.45181882936489,-1.34886886852205,-3.39174014739857,-0.694584594166809,-0.0919090623606951,1
43.06,-1.49108163601171,-1.45010086419251,-1.35447978488199,-3.38815532693346,-0.697418161140636,-0.0915075435001987,1
43.07,-1.49393801494297,-1.44840812526889,-1.36006045516729,-3.38457391359911,-0.700262903458411,-0.0911071748080434,1
43.08,-1.49680551927611,-1.44674055995738,-1.36561115675713,-3.38099568146422,-0.703118804769007,-0.0907079563389414,1
43.09,-1.49968413155077,-1.44509811904637,-1.37113215978923,-3.37742040846661,-0.705985847610369,-0.0903098881148364,1
43.1,-1.50281706362468,-1.44348809113199,-1.37623744917101,-3.37425208603148,-0.709106276390385,-0.0898796825817499,1
43.11,-1.50619136592786,-1.44190983421229,-1.38095508146045,-3.3714612181253,-0.71246721363729,-0.0894198191347804,1
43.12,-1.5095815519546,-1.4403564829842,-1.38564561265568,-3.36867045604363,-0.715844076230104,-0.0889613807405771,1
43.13,-1.51298759601323,-1.43882804693879,-1.39030921030469,-3.36587961915525,-0.719236838518834,-0.0885043689500209,1
43.14,-1.5164094701629,-1.43732453726873,-1.3949460375148,-3.36308852967382,-0.722645472602469,-0.0880487852465082,1
43.15,-1.51984714421076,-1.43584596679764,-1.39955625305894,-3.36029701262398,-0.72606994832603,-0.0875946310459834,1
43.16,-1.52330058569376,-1.43439234990863,-1.40414001147854,-3.35750489581153,-0.729510233262424,-0.0871419076960158,1
43.17,-1.52676975986127,-1.43296370247428,-1.4086974631829,-3.35471200979564,-0.732966292694968,-0.0866906164749006,1
43.18,-1.53025462965841,-1.43156004178794,-1.41322875454563,-3.3519181878627,-0.736438089600728,-0.0862407585907673,1
43.19,-1.53375515571016,-1.43018138649627,-1.41773402799797,-3.34912326600204,-0.739925584634582,-0.0857923351807114,1
43.2,-1.53727129630622,-1.42882775653301,-1.42221342211921,-3.3463270828832,-0.743428736114101,-0.0853453473099416,1
43.21,-1.5408030073868,-1.42749917305394,-1.42666707172436,-3.34352947983475,-0.746947500005238,-0.0848997959709454,1
43.22,-1.54435024252909,-1.42619565837298,-1.43109510794919,-3.34073030082476,-0.750481829908863,-0.084455682082675,1
43.23,-1.54791295293473,-1.42491723589932,-1.43549765833259,-3.33792939244253,-0.754031677048125,-0.084013006489754,1
43.24,-1.55149108741806,-1.42366393007573,-1.4398748468966,-3.33512660388179,-0.757596990256752,-0.0835717699616999,1
43.25,-1.55508459239532,-1.42243576631778,-1.44422679422397,-3.33232178692522,-0.761177715968166,-0.0831319731921771,1
43.26,-1.55869341187471,-1.42123277095411,-1.44855361753349,-3.32951479593016,-0.764773798205591,-0.0826936167982618,1
43.27,-1.56231748744749,-1.42005497116769,-1.45285543075312,-3.32670548781555,-0.768385178573046,-0.0822567013197369,1
43.28,-1.56606210677352,-1.4189136812292,-1.45693357570501,-3.3240902018166,-0.772116779869031,-0.0818086696166467,1
43.29,-1.56983700599571,-1.41779923384833,-1.46096084355967,-3.32149789415935,-0.775878656565845,-0.0813604772070071,1
43.3,-1.5736282095246,-1.41671017468451,-1.46496371653801,-3.31890233380789,-0.779656881620537,-0.0809137949750329,1
43.31,-1.5774356440885,-1.4156465417948,-1.46894228213553,-3.31630339310305,-0.783451381777159,-0.0804686235665156,1
43.32,-1.58125923358066,-1.41460837350268,-1.47289662521565,-3.31370094690196,-0.787262080942004,-0.0800249635343675,1
43.33,-1.58509889905537,-1.41359570834495,-1.4768268280641,-3.3110948725781,-0.791088900179752,-0.0795828153379678,1
43.34,-1.5889545587244,-1.41260858501924,-1.48073297044182,-3.30848505002219,-0.794931757709847,-0.0791421793424649,1
43.35,-1.59282612795474,-1.4116470423323,-1.48461512963652,-3.30587136164364,-0.798790568904212,-0.0787030558181071,1
43.36,-1.59671351926754,-1.41071111914892,-1.48847338051289,-3.30325369237243,-0.802665246286219,-0.078265444939617,1
43.37,-1.60061664233861,-1.40980085434167,-1.49230779556168,-3.30063192966165,-0.806555699531087,-0.0778293467855904,1
43.38,-1.60453540400001,-1.40891628674121,-1.49611844494749,-3.29800596349025,-0.810461835467563,-0.0773947613379378,1
43.39,-1.60846970824325,-1.4080574550874,-1.49990539655544,-3.29537568636639,-0.814383558081008,-0.0769616884813591,1
43.4,-1.61241945622369,-1.40722439798109,-1.50366871603673,-3.29274099333101,-0.818320768517849,-0.0765301280028561,1
43.41,-1.61638454626643,-1.40641715383656,-1.50740846685314,-3.29010178196176,-0.822273365091417,-0.0761000795912816,1
43.42,-1.62036487387356,-1.40563576083466,-1.51112471032046,-3.28745795237726,-0.82624124328921,-0.0756715428369254,1
43.43,-1.62436033173279,-1.40488025687671,-1.51481750565095,-3.28480940724154,-0.830224295781505,-0.0752445172311437,1
43.44,-1.62837080972759,-1.40415067953895,-1.51848690999487,-3.2821560517687,-0.834222412431478,-0.0748190021660172,1
43.45,-1.63239619494862,-1.40344706602784,-1.52213297848098,-3.27949779372782,-0.83823548030663,-0.0743949969340609,1
43.46,-1.63643637170669,-1.40276945313585,-1.52575576425626,-3.27683454344791,-0.842263383691744,-0.0739725007279618,1
43.47,-1.64049122154704,-1.40211787719817,-1.5293553185247,-3.27416621382306,-0.846306004103177,-0.0735515126403663,1
43.48,-1.6445606232652,-1.40149237404987,-1.53293169058527,-3.27149272031762,-0.850363220304653,-0.0731320316637,1
43.49,-1.64864445292408,-1.4008929789839,-1.53648492786909,-3.26881398097148,-0.854434908324431,-0.0727140566900334,1
43.5,-1.65274258387266,-1.40031972670975,-1.54001507597582,-3.26612991640528,-0.858520941473926,-0.0722975865109853,1
43.51,-1.65575000599823,-1.39970998790723,-1.54472958327676,-3.26222332910727,-0.861519539877794,-0.0719938246218872,1
43.52,-1.65837916276931,-1.39910328468591,-1.54983965727669,-3.25789181535205,-0.864141019935579,-0.071729547317516,1
43.53,-1.66101272659449,-1.39852119100523,-1.55492569584307,-3.25355872023299,-0.866766928600792,-0.0714660102821263,1
43.54,-1.66365065884825,-1.39796371080865,-1.55998783453031,-3.24922390629282,-0.869397227195912,-0.0712032117463831,1
43.55,-1.66629292062273,-1.39743084973529,-1.56502620514438,-3.24488723814565,-0.872031876760701,-0.0709411499312878,1
43.56,-1.66893947271683,-1.39692261506977,-1.57004093582534,-3.24054858244425,-0.874670838041453,-0.0706798230484595,1
43.57,-1.67159027564001,-1.39643901569868,-1.57503215111984,-3.23620780785089,-0.877314071494743,-0.0704192293002171,1
43.58,-1.67424528961608,-1.39598006206794,-1.57999997205146,-3.23186478500956,-0.879961537291234,-0.0701593668796617,1
43.59,-1.67690447458706,-1.39554576614095,-1.58494451618876,-3.22751938651964,-0.882613195319536,-0.0699002339707618,1
43.6,-1.67956779021708,-1.3951361413575,-1.5898658977114,-3.22317148691077,-0.885269005190121,-0.0696418287484399,1
43.61,-1.68223519589635,-1.39475120259344,-1.59476422747412,-3.21882096261903,-0.887928926239293,-0.0693841493786597,1
43.62,-1.68490665074517,-1.39439096612102,-1.59963961306883,-3.21446769196442,-0.890592917533191,-0.0691271940185174,1
43.63,-1.68758211361804,-1.39405544956992,-1.60449215888487,-3.21011155512943,-0.893260937871892,-0.0688709608163297,1
43.64,-1.6902615431077,-1.39374467188887,-1.60932196616744,-3.20575243413888,-0.895932945793485,-0.0686154479117302,1
43.65,-1.69294489754936,-1.39345865330784,-1.61412913307429,-3.20139021284084,-0.898608899578277,-0.0683606534357606,1
43.66,-1.69612012354986,-1.39321358612103,-1.61846586465409,-3.19748504957685,-0.901775409009008,-0.0680605519600519,1
43.67,-1.70002951979693,-1.39301829189709,-1.62211403939448,-3.1942594960705,-0.905674133086702,-0.0676931186261186,1
43.68,-1.70394907104492,-1.39284913717662,-1.62573991934773,-3.19102817221062,-0.909583049857023,-0.0673269799188735,1
43.69,-1.70787865136645,-1.39270615006018,-1.6293435328355,-3.18779102477483,-0.913502033315361,-0.0669621332423465,1
43.7,-1.71181813325586,-1.39258935803366,-1.63292490654824,-3.18454800289633,-0.917430955877154,-0.0665985759353532,1
43.71,-1.71576738769247,-1.39249878794918,-1.63648406557612,-3.18129905805178,-0.92136968844092,-0.0662363052722515,1
43.72,-1.71972628416752,-1.39243446599355,-1.64002103343723,-3.17804414406418,-0.925318100415306,-0.0658753184633907,1
43.73,-1.723694690712,-1.39239641765697,-1.64353583210531,-3.17478321710563,-0.929276059746855,-0.0655156126555741,1
43.74,-1.72767247392494,-1.39238466770233,-1.64702848203691,-3.17151623570025,-0.93324343294836,-0.0651571849325473,1
43.75,-1.73165949900242,-1.39239924013484,-1.65049900219827,-3.16824316072691,-0.937220085127847,-0.0648000323155058,1
43.76,-1.73565562976711,-1.39244015817215,-1.65394741009163,-3.16496395542201,-0.941205880018158,-0.064444151763623,1
43.77,-1.73966072869842,-1.3925074442149,-1.65737372178121,-3.1616785853822,-0.945200680007108,-0.0640895401745987,1
43.78,-1.74367465696319,-1.39260111981766,-1.66077795191874,-3.158387018567,-0.949204346168213,-0.0637361943852272,1
43.79,-1.74769727444699,-1.39272120566033,-1.66416011376868,-3.15508922530136,-0.953216738291945,-0.0633841111719856,1
43.8,-1.75172843978584,-1.39286772152,-1.667520219233,-3.15178517827809,-0.957237714917555,-0.063033287251638,1
43.81,-1.75576801039853,-1.39304068624319,-1.6708582788756,-3.14847485256026,-0.961267133365333,-0.0626837192818642,1
43.82,-1.75981584251937,-1.39324011771852,-1.67417430194652,-3.14515822558338,-0.965304849769431,-0.0623354038618998,1
43.83,-1.76387179123143,-1.39346603284984,-1.67746829640564,-3.14183527715752,-0.969350719111102,-0.061988337533199,1
43.84,-1.75963773208406,-1.39322797318584,-1.67502901027627,-3.14430696077067,-0.965127183246812,-0.0623506892014781,1
43.85,-1.75513514897467,-1.39300046604865,-1.67237528166784,-3.14696677831717,-0.960635858647082,-0.0627383542463526,1
43.86,-1.75064361769827,-1.39280002306072,-1.66969937157434,-3.14961943624342,-0.956155629002381,-0.0631275010430196,1
43.87,-1.74616333408275,-1.39262663402927,-1.6670012867262,-3.15226493317504,-0.951686690244156,-0.0635181330953243,1
43.88,-1.7416944918671,-1.39248028693045,-1.66428103304173,-3.15490327054944,-0.947229236212142,-0.0639102538071603,1
43.89,-1.73723728266805,-1.39236096794195,-1.66153861562459,-3.15753445258747,-0.942783458620939,-0.0643038664814043,1
43.9,-1.73279189592691,-1.3922686614656,-1.65877403874401,-3.16015848629186,-0.938349547006777,-0.0646989743190433,1
43.91,-1.72835851885744,-1.39220335015093,-1.65598730581476,-3.16277538144497,-0.933927688675397,-0.0650955804183462,1
43.92,-1.72393733639506,-1.39216501491943,-1.653178419377,-3.16538515060582,-0.929518068651198,-0.0654936877740706,1
43.93,-1.71952853114713,-1.39215363498972,-1.6503473810759,-3.16798780910642,-0.925120869627542,-0.0658932992767197,1
43.94,-1.71513228334462,-1.39216918790354,-1.64749419164106,-3.17058337504741,-0.920736271918377,-0.0662944177118371,1
43.95,-1.71074877079506,-1.39221164955246,-1.64461885086564,-3.17317186929308,-0.916364453411148,-0.0666970457593479,1
43.96,-1.70637816883674,-1.39228099420553,-1.64172135758542,-3.17575331546564,-0.91200558952103,-0.0671011859929433,1
43.97,-1.70202065029438,-1.39237719453762,-1.63880170965747,-3.17832773993894,-0.907659853146548,-0.0675068408795108,1
43.98,-1.69767638543616,-1.3925002216586,-1.63585990393868,-3.18089517183151,-0.90332741462659,-0.0679140127786076,1
43.99,-1.69494733754569,-1.39268854713839,-1.63128583693397,-3.18512142687381,-0.900605837410269,-0.068171220483332,1
44,-1.69251429082781,-1.39290870809519,-1.62639576558231,-3.189648103546,-0.898179478334829,-0.0684014679228585,1
44.01,-1.69008418998172,-1.39315349027208,-1.62148337889973,-3.19417165617467,-0.895756082922303,-0.0686323266585515,1
44.02,-1.68765706638144,-1.39342286971901,-1.61654857793405,-3.19869220570307,-0.893335682594855,-0.0688637983315343,1
44.03,-1.68523295126018,-1.39371682389834,-1.61159126062211,-3.20320987478258,-0.890918308633722,-0.0690958845786206,1
44.04,-1.68281187569934,-1.39403533171769,-1.60661132174087,-3.20772478778867,-0.888503992168186,-0.069328587032514,1
44.05,-1.68039387062587,-1.39437837356702,-1.60160865284988,-3.21223707084141,-0.886092764172987,-0.0695619073217479,1
44.06,-1.67797896680973,-1.39474593135621,-1.596583142232,-3.21674685182722,-0.88368465546575,-0.0697958470706269,1
44.07,-1.67556719486136,-1.39513798855333,-1.5915346748323,-3.22125426042189,-0.881279696704442,-0.070030407899167,1
44.08,-1.6731585852291,-1.39555453022354,-1.58646313219493,-3.22575942811479,-0.878877918384831,-0.0702655914230401,1
44.09,-1.67075316819673,-1.39599554306876,-1.58136839239808,-3.23026248823437,-0.876479350838009,-0.0705013992535138,1
44.1,-1.66835097388101,-1.396461015468,-1.57625032998681,-3.23476357597508,-0.874084024227886,-0.0707378329973977,1
44.11,-1.66595203222918,-1.39695093751858,-1.57110881590376,-3.23926282842552,-0.871691968548768,-0.0709748942569856,1
44.12,-1.66355637301658,-1.39746530107809,-1.56594371741753,-3.24376038459816,-0.869303213622903,-0.0712125846300018,1
44.13,-1.66116402584422,-1.39800409980733,-1.56075489804886,-3.24825638546035,-0.866917789098095,-0.0714509057095462,1
44.14,-1.65846294130719,-1.39855444087758,-1.55585143701658,-3.25243433437372,-0.864224554419913,-0.0717211455409736,1
44.15,-1.6544106865712,-1.39907403055506,-1.5522727126228,-3.25522811107512,-0.860184144355986,-0.0721289076922282,1
44.16,-1.65037200597316,-1.39961972295597,-1.54867104551549,-3.25801652303438,-0.856157351116717,-0.0725381351764443,1
44.17,-1.64634702440119,-1.40019148406699,-1.54504639176549,-3.26079964689072,-0.852144299634192,-0.0729488294393388,1
44.18,-1.64233586417779,-1.40078927931408,-1.54139870560908,-3.26357756183228,-0.848145112272516,-0.0733609918324877,1
44.19,-1.63833864511218,-1.40141307362526,-1.5377279394148,-3.26635034956724,-0.844159908879825,-0.0737746236141811,1
44.2,-1.6343554844822,-1.40206283147134,-1.53403404364701,-3.26911809431937,-0.840188806770186,-0.0741897259494612,1
44.21,-1.63038649701733,-1.40273851690722,-1.53031696682858,-3.27188088282374,-0.836231920706647,-0.0746062999102085,1
44.22,-1.62643179488317,-1.40344009361382,-1.52657665550293,-3.27463880432238,-0.832289362885685,-0.075024346475253,1
44.23,-1.62249148766705,-1.40416752494079,-1.52281305419505,-3.27739195056026,-0.828361242922854,-0.0754438665305317,1
44.24,-1.61856568236505,-1.40492077394966,-1.51902610537179,-3.28014041578128,-0.82444766783976,-0.0758648608692759,1
44.25,-1.61465448337016,-1.4056998034578,-1.51521574940113,-3.28288429672457,-0.820548742052303,-0.0762873301922371,1
44.26,-1.61075799246188,-1.40650457608294,-1.51138192451064,-3.28562369262099,-0.816664567360217,-0.0767112751079461,1
44.27,-1.60687630879696,-1.40733505428837,-1.50752456674481,-3.28835870518987,-0.812795242937842,-0.077136696133013,1
44.28,-1.60300952890148,-1.40819120042881,-1.50364360992153,-3.2910894386361,-0.80894086532624,-0.077563593692453,1
44.29,-1.59915774666419,-1.40907297679689,-1.49973898558739,-3.29381599964748,-0.805101528426504,-0.0779919681200552,1
44.3,-1.5953210533311,-1.4099803456703,-1.49581062297199,-3.29653849739252,-0.801277323494371,-0.0784218196587811,1
44.31,-1.5914995375013,-1.41091326935969,-1.4918584489411,-3.29925704351859,-0.797468339136075,-0.0788531484611966,1
44.32,-1.58769328512404,-1.41187171025712,-1.48788238794861,-3.30197175215049,-0.79367466130543,-0.0792859545899391,1
44.33,-1.58390237949707,-1.41285563088525,-1.48388236198731,-3.3046827398896,-0.789896373302162,-0.0797202380182151,1
44.34,-1.58012690126612,-1.41386499394725,-1.47985829053844,-3.30739012581344,-0.786133555771443,-0.0801559986303315,1
44.35,-1.57636692842567,-1.41489976237733,-1.47581009051986,-3.3100940314758,-0.78238628670465,-0.0805932362222569,1
44.36,-1.57262253632086,-1.41595989939204,-1.47173767623292,-3.31279458090757,-0.778654641441293,-0.0810319505022156,1
44.37,-1.56889379765058,-1.41704536854223,-1.46764095930793,-3.31549190061806,-0.774938692672157,-0.0814721410913084,1
44.38,-1.56518765832389,-1.41815676872135,-1.46350716097963,-3.31819876099914,-0.771245362440969,-0.0819129865316496,1
44.39,-1.56153267012318,-1.41929669880811,-1.45928309207908,-3.32096824004101,-0.767603102398877,-0.0823510406456613,1
44.4,-1.55789309576437,-1.42046182276381,-1.45503432840271,-3.32373506864588,-0.763976298520573,-0.0827905455099143,1
44.41,-1.55426899605173,-1.42165210915938,-1.45076076508487,-3.32649938510458,-0.760365011596988,-0.083231500564332,1
44.42,-1.55066042931004,-1.42286752727911,-1.44646229416981,-3.32926133021352,-0.756769299937269,-0.0836739051694806,1
44.43,-1.54706745139077,-1.42410804717719,-1.44213880454417,-3.33202104728425,-0.753189219374993,-0.0841177586071068,1
44.44,-1.5434901156818,-1.42537363973542,-1.43779018186779,-3.33477868215371,-0.749624823277887,-0.0845630600808876,1
44.45,-1.53992847311809,-1.42666427672174,-1.4334163085024,-3.33753438319552,-0.746076162558575,-0.0850098087171934,1
44.46,-1.53638257219333,-1.42797993084979,-1.42901706343824,-3.34028830133246,-0.742543285686191,-0.0854580035658845,1
44.47,-1.53285245897248,-1.42932057583929,-1.4245923222185,-3.34304059005013,-0.739026238698983,-0.0859076436011181,1
44.48,-1.52933817710521,-1.43068618647749,-1.4201419568614,-3.34579140541198,-0.735525065217762,-0.0863587277221861,1
44.49,-1.52583976784024,-1.43207673868156,-1.41566583578001,-3.34854090607558,-0.732039806460259,-0.0868112547543676,1
44.5,-1.52235727004051,-1.4334922095621,-1.41116382369942,-3.35128925331031,-0.728570501256336,-0.0872652234498024,1
44.51,-1.5188907201992,-1.43493257748764,-1.40663578157153,-3.35403661101661,-0.725117186064017,-0.0877206324883839,1
44.52,-1.51544015245655,-1.43639782215033,-1.40208156648702,-3.35678314574663,-0.721679894986353,-0.0881774804786693,1
44.53,-1.51200559861747,-1.43788792463273,-1.39750103158455,-3.35952902672661,-0.71825865978905,-0.0886357659588079,1
44.54,-1.50858708816995,-1.43940286747588,-1.39289402595713,-3.36227442588082,-0.714853509918901,-0.0890954873974842,1
44.55,-1.50518464830416,-1.44094263474852,-1.38826039455533,-3.3650195178574,-0.7114644725229,-0.0895566431948813,1
44.56,-1.50179830393228,-1.4425072121177,-1.38359997808749,-3.36776448005586,-0.70809157246815,-0.0900192316836521,1
44.57,-1.49842807770906,-1.44409658692073,-1.37891261291646,-3.37050949265666,-0.704734832362398,-0.0904832511299119,1
44.58,-1.49538031799215,-1.44571975320546,-1.37368908122136,-3.37378737045095,-0.701699360574966,-0.0909060378808792,1
44.59,-1.49246007783059,-1.44737124911692,-1.36824519755178,-3.37726780053876,-0.698790977462494,-0.0913139936478952,1
44.6,-1.48955153673444,-1.44904774845436,-1.36277194608874,-3.38075092674887,-0.69589432795513,-0.0917231320133348,1
44.61,-1.48665471047004,-1.45074929344371,-1.35726906798061,-3.38423696721569,-0.693009427814452,-0.0921334527269904,1
44.62,-1.48376961361088,-1.45247592957676,-1.35173629744163,-3.38772614379821,-0.690136291608145,-0.0925449555038294,1
44.63,-1.48089625954026,-1.45422770571332,-1.34617336155772,-3.39121868217119,-0.687274932712716,-0.0929576400240611,1
44.64,-1.47803466046106,-1.45600467418842,-1.34057998008227,-3.39471481192144,-0.684425363323272,-0.0933715059335586,1
44.65,-1.47518482740573,-1.45780689092306,-1.33495586522379,-3.3982147666486,-0.681587594463544,-0.093786552844286,1
44.66,-1.47234677024655,-1.45963441553888,-1.32930072142508,-3.40171878407063,-0.678761635996117,-0.0942027803347344,1
44.67,-1.46952049770609,-1.46148731147672,-1.32361424513345,-3.40522710613413,-0.675947496632946,-0.094620187950355,1
44.68,-1.46670601736789,-1.46336564611945,-1.31789612456159,-3.40873997912994,-0.673145183946026,-0.0950387752040047,1
44.69,-1.46390333568739,-1.46526949091922,-1.31214603943854,-3.41225765381406,-0.670354704378326,-0.0954585415763904,1
44.7,-1.46111245800299,-1.46719892152936,-1.30636366075043,-3.41578038553426,-0.667576063254896,-0.09587948651652,1
44.71,-1.45833338854739,-1.46915401794122,-1.30054865047024,-3.41930843436268,-0.664809264794186,-0.0963016094421554,1
44.72,-1.45556613045906,-1.47113486462611,-1.2947006612762,-3.42284206523464,-0.662054312119536,-0.0967249097402715,1
44.73,-1.45312465367994,-1.47311502619504,-1.28845985076509,-3.42680590302957,-0.659623764687868,-0.0971008684175723,1
44.74,-1.45091843662979,-1.4751025364747,-1.28192292174532,-3.431085022048,-0.657427483058832,-0.0974426324217228,1
44.75,-1.44871917617142,-1.47711691357292,-1.27534906128176,-3.43537306383197,-0.655238183245656,-0.0977852596842928,1
44.76,-1.44652687702504,-1.47915832554931,-1.26873776859437,-3.43967036106746,-0.653055869988076,-0.0981287508213148,1
44.77,-1.44434154351889,-1.48122694759505,-1.26208852835511,-3.44397725387462,-0.650880547633508,-0.0984731064382542,1
44.78,-1.44216317958005,-1.48332296227707,-1.25540081016726,-3.44829409008362,-0.648712220127927,-0.0988183271303688,1
44.79,-1.43999178873734,-1.48544655980079,-1.24867406800872,-3.4526212255284,-0.646550891018758,-0.0991644134828157,1
44.8,-1.43782737412424,-1.48759793828555,-1.24190773964777,-3.45695902435525,-0.644396563457817,-0.0995113660707584,1
44.81,-1.43566993848187,-1.48977730405372,-1.23510124602956,-3.46130785934702,-0.642249240204277,-0.0998591854594779,1
44.82,-1.43351948416202,-1.49198487193429,-1.22825399063157,-3.46566811226387,-0.640108923627705,-0.100207872204479,1
44.83,-1.43137601313016,-1.49422086558179,-1.221365358786,-3.47004017420177,-0.637975615711097,-0.100557426851607,1
44.84,-1.42923952696859,-1.49648551781154,-1.21443471696726,-3.47442444596954,-0.635849318054001,-0.10090784993715,1
44.85,-1.42711002687953,-1.4987790709523,-1.20746141204195,-3.47882133848598,-0.633730031875625,-0.101259141987963,1
44.86,-1.42498751368831,-1.50110177721743,-1.20044477047937,-3.48323127319807,-0.631617758018032,-0.101611303521571,1
44.87,-1.42287198784655,-1.50345389909575,-1.19338409751959,-3.48765468252179,-0.629512496949323,-0.101964335046288,1
44.88,-1.42076344943542,-1.50583570976342,-1.1862786762965,-3.49209201030694,-0.627414248766888,-0.102318237061331,1
44.89,-1.41866189816889,-1.5082474935183,-1.1791277669128,-3.49654371232766,-0.62532301320067,-0.102673010056933,1
44.9,-1.41656733339701,-1.51068954623816,-1.1719306054637,-3.50101025680026,-0.623238789616463,-0.103028654514464,1
44.91,-1.41447975410929,-1.51316217586461,-1.16468640300569,-3.50549212493031,-0.621161577019248,-0.103385170906542,1
44.92,-1.4124554948553,-1.51565424923831,-1.15735574771658,-3.51004776499444,-0.619147427788892,-0.103732855404038,1
44.93,-1.41094395640503,-1.51807499202078,-1.14962676564811,-3.51514341677985,-0.617643476051443,-0.103993759806302,1
44.94,-1.4094355493025,-1.5205286153942,-1.14184505856648,-3.52025822663328,-0.616142672118677,-0.104255227363924,1
44.95,-1.40793027563908,-1.52301554849488,-1.13400959475431,-3.52539279636257,-0.614645018109586,-0.10451725899737,1
44.96,-1.40642813744575,-1.52553623816506,-1.12611930552429,-3.53054774704356,-0.613150516082632,-0.104779855624681,1
44.97,-1.40492913666824,-1.52809114977494,-1.11817308344727,-3.53572371996772,-0.611659168011052,-0.105043018163682,1
44.98,-1.40343327516744,-1.53068076812084,-1.11016978042977,-3.54092137766647,-0.610170975783215,-0.105306747531993,1
44.99,-1.40194055471973,-1.53330559838197,-1.10210820566602,-3.54614140500233,-0.608685941202986,-0.105571044647053,1
45,-1.40045097701734,-1.53596616714066,-1.0939871234544,-3.55138451033224,-0.607204065990097,-0.105835910426131,1
45.01,-1.39896454366877,-1.53866302347122,-1.08580525086718,-3.55665142674888,-0.605725351780528,-0.106101345786342,1
45.02,-1.39748125619912,-1.54139674010321,-1.07756125526125,-3.56194291340673,-0.604249800126869,-0.106367351644671,1
45.03,-1.39600111605048,-1.54416791466522,-1.06925375161655,-3.56725975693975,-0.602777412498724,-0.106633928917978,1
45.04,-1.39452412458235,-1.5469771710163,-1.06088129968733,-3.5726027729787,-0.601308190283079,-0.106901078523027,1
45.05,-1.39305028307201,-1.54982516067255,-1.05244240094987,-3.5779728077768,-0.59984213478471,-0.107168801376495,1
45.06,-1.39157959271489,-1.55271256433728,-1.04393549532877,-3.58337073995322,-0.598379247226572,-0.107437098394991,1
45.07,-1.39011205462503,-1.55564009354412,-1.03535895768175,-3.58879748236517,-0.596919528750194,-0.107705970495075,1
45.08,-1.38864766983541,-1.55860849242349,-1.0267110940209,-3.59425398412016,-0.595462980416093,-0.107975418593276,1
45.09,-1.38718643929842,-1.56161853960366,-1.01799013744583,-3.59974123274174,-0.594009603204175,-0.108245443606106,1
45.1,-1.38558110911907,-1.56387424334005,-1.01222895814775,-3.60299962447472,-0.59241293997078,-0.10854344012988,1
45.11,-1.38346161377771,-1.56333593917638,-1.01718717004622,-3.59825128473941,-0.59030495084079,-0.108939053486192,1
45.12,-1.38135427936583,-1.562827545004,-1.02210324209101,-3.59351454089956,-0.588209128824462,-0.109334872671621,1
45.13,-1.37925904668214,-1.56234880729564,-1.02697767212719,-3.58878915644234,-0.586125414576138,-0.109730892680276,1
45.14,-1.37717585622113,-1.56189947904198,-1.0318109431882,-3.58407490310513,-0.584053748446936,-0.11012710854161,1
45.15,-1.37718045420824,-1.56001238473719,-1.03872820642675,-3.57904546601292,-0.584058320917806,-0.110126231280128,1
45.16,-1.37877397145032,-1.55704415757245,-1.04720262464237,-3.5737921649528,-0.585643016359431,-0.10982293124366,1
45.17,-1.38037162386843,-1.55411529679281,-1.05560893710823,-3.56856678382772,-0.58723186641982,-0.109520295640592,1
45.18,-1.38197341251705,-1.5512251215932,-1.06394870611739,-3.56336844167248,-0.588824872128145,-0.10921832364242,1
45.19,-1.38357933829102,-1.54837298056851,-1.0722234318912,-3.55819629019716,-0.590422034354019,-0.108917014422225,1
45.2,-1.38518940196213,-1.54555825006237,-1.08043455616845,-3.55304951184895,-0.592023353844004,-0.108616367151735,1
45.21,-1.38680360417828,-1.54278033273268,-1.08858346527392,-3.54792731817813,-0.593628831220699,-0.108316381001294,1
45.22,-1.38842194546249,-1.54003865621294,-1.09667149298198,-3.54282894831317,-0.59523846698182,-0.108017055139829,1
45.23,-1.39004442621201,-1.53733267186174,-1.10469992319174,-3.53775366753616,-0.596852261499286,-0.107718388734818,1
45.24,-1.39167104669746,-1.53466185359347,-1.11266999242858,-3.53270076595064,-0.598470215018316,-0.107420380952257,1
45.25,-1.39330180706187,-1.53202569678385,-1.12058289218576,-3.52766955723448,-0.600092327656525,-0.107123030956629,1
45.26,-1.3949367073198,-1.52942371724451,-1.12843977111826,-3.52265937747157,-0.601718599403028,-0.106826337910869,1
45.27,-1.39657574735649,-1.52685545026146,-1.13624173710021,-3.51766958405594,-0.60334903011756,-0.106530300976337,1
45.28,-1.39821892692691,-1.52432044969257,-1.143989859156,-3.51269955466324,-0.604983619529585,-0.106234919312783,1
45.29,-1.39986624565498,-1.52181828711976,-1.15168516927446,-3.50774868628441,-0.606622367237419,-0.105940192078315,1
45.3,-1.4015177030326,-1.51934855105189,-1.15932866411471,-3.50281639431703,-0.608265272707375,-0.105646118429371,1
45.31,-1.40317329841886,-1.51691084617474,-1.16692130661123,-3.49790211171027,-0.609912335272884,-0.105352697520685,1
45.32,-1.40483303103918,-1.51450479264466,-1.17446402748567,-3.49300528815959,-0.611563554133655,-0.105059928505257,1
45.33,-1.40649689998441,-1.51213002542287,-1.18195772667154,-3.48812538934766,-0.61321892835482,-0.104767810534322,1
45.34,-1.40816490421006,-1.50978619364766,-1.18940327465813,-3.48326189622842,-0.614878456866096,-0.104476342757322,1
45.35,-1.40995620905961,-1.5074511939777,-1.19669502273383,-3.47855942773677,-0.616660703827967,-0.104164851001621,1
45.36,-1.41230547408968,-1.50504497332474,-1.20345047418382,-3.47454126534241,-0.618998158571509,-0.103758701012453,1
45.37,-1.41466422849299,-1.50266722474,-1.21016401335746,-3.47053515130366,-0.621345132895252,-0.103353583114209,1
45.38,-1.41703247968164,-1.50031772821123,-1.21683625680928,-3.46654068763042,-0.623701634216094,-0.102949497560514,1
45.39,-1.41941023443311,-1.49799627263476,-1.2234678027221,-3.46255748581768,-0.626067669316048,-0.102546444590977,1
45.4,-1.42179749891314,-1.49570265550805,-1.23005923156805,-3.45858516649451,-0.628443244364935,-0.102144424429386,1
45.41,-1.42419427866804,-1.4934366826173,-1.23661110676722,-3.45462335907831,-0.6308283649127,-0.101743437283428,1
45.42,-1.42660057861701,-1.49119816773987,-1.24312397531429,-3.45067170144619,-0.633223035881726,-0.101343483344425,1
45.43,-1.42901640304455,-1.48898693236058,-1.24959836837522,-3.44672983962247,-0.635627261559234,-0.100944562787055,1
45.44,-1.43144175559293,-1.48680280540132,-1.25603480185553,-3.4427974274813,-0.638041045589726,-0.10054667576909,1
45.45,-1.43387663925467,-1.48464562296285,-1.26243377694185,-3.43887412646376,-0.640464390967478,-0.10014982243112,1
45.46,-1.4363210563651,-1.48251522807838,-1.26879578061836,-3.43495960530832,-0.642897300029096,-0.0997540028962895,1
45.47,-1.43877500859504,-1.48041147047814,-1.27512128615934,-3.43105353979416,-0.64533977444616,-0.0993592172700245,1
45.48,-1.44123849694342,-1.47833420636435,-1.28141075359931,-3.42715561249662,-0.647791815217886,-0.0989654656397717,1
45.49,-1.44371152173015,-1.47628329819594,-1.28766463018194,-3.42326551255397,-0.650253422663921,-0.0985727480747281,1
45.5,-1.44619408258888,-1.47425861448265,-1.2938833507888,-3.41938293544506,-0.652724596417156,-0.0981810646255809,1
45.51,-1.44868617845998,-1.47226002958775,-1.30006733834922,-3.41550758277717,-0.655205335416662,-0.0977904153242424,1
45.52,-1.45118780758353,-1.47028742353922,-1.30621700423207,-3.41163916208359,-0.657695637900686,-0.0974008001835901,1
45.53,-1.45369896749242,-1.46834068184862,-1.31233274862053,-3.40777738663037,-0.66019550139974,-0.097012219197207,1
45.54,-1.45645383139245,-1.46640832063112,-1.31808327039411,-3.40429332097755,-0.662938056155447,-0.0965887951016831,1
45.55,-1.45939816227469,-1.46449262415977,-1.32355203474259,-3.40109395630331,-0.665869326772204,-0.0961395257791404,1
45.56,-1.46235616984363,-1.46260200679435,-1.32899004888024,-3.39789844440357,-0.668814311409008,-0.0956915332735162,1
45.57,-1.46532785350589,-1.46073642232828,-1.33439759144065,-3.39470654960742,-0.671773009508041,-0.0952448189179244,1
45.58,-1.4683132112286,-1.458895828026,-1.3397749337333,-3.39151804015895,-0.67474541907086,-0.0947993840052187,1
45.59,-1.47131223953352,-1.45708018451507,-1.34512233994662,-3.3883326881235,-0.677731536652551,-0.094355229787791,1
45.6,-1.47432493348028,-1.45528945567896,-1.35044006734589,-3.38515026929811,-0.680731357344863,-0.0939123574768793,1
45.61,-1.47735128664966,-1.45352360855314,-1.35572836646358,-3.38197056312636,-0.683744874759529,-0.0934707682418946,1
45.62,-1.48039129112733,-1.45178261322423,-1.36098748128274,-3.37879335261692,-0.68677208101194,-0.0930304632097414,1
45.63,-1.48344493748777,-1.45006644273221,-1.36621764941347,-3.37561842426611,-0.689812966705082,-0.0925914434641498,1
45.64,-1.48651221477858,-1.44837507297528,-1.37141910226308,-3.37244556798403,-0.692867520913816,-0.092153710045011,1
45.65,-1.4895931105051,-1.4467084826175,-1.37659206519994,-3.36927457702419,-0.69593573116946,-0.0917172639477207,1
45.66,-1.49268761061535,-1.44506665299899,-1.38173675771154,-3.36610524791648,-0.699017583444735,-0.0912821061225273,1
45.67,-1.49579569948537,-1.44344956804849,-1.3868533935568,-3.36293738040332,-0.702113062139063,-0.0908482374738877,1
45.68,-1.49891735990485,-1.44185721419832,-1.39194218091308,-3.35977077737895,-0.705222150064216,-0.0904156588598331,1
45.69,-1.50205257306329,-1.44028958030151,-1.39700332251797,-3.35660524483152,-0.708344828430397,-0.089984371091336,1
45.7,-1.50520131853635,-1.43874665755105,-1.40203701580615,-3.35344059178813,-0.711481076832644,-0.0895543749316951,1
45.71,-1.50838310222394,-1.43722945319853,-1.40700724397546,-3.35031381786618,-0.714650324530304,-0.0891230333904793,1
45.72,-1.51189838641462,-1.43575346079261,-1.41136136461786,-3.34779234204492,-0.718151865017821,-0.0886501293879457,1
45.73,-1.51543087191739,-1.43430219108875,-1.41568982420703,-3.34526959307544,-0.721670650295684,-0.088178714011588,1
45.74,-1.51898052920113,-1.43287567685645,-1.41999274831042,-3.34274540823539,-0.725206650889174,-0.0877087893292076,1
45.75,-1.52254732608664,-1.43147395193727,-1.4242702590428,-3.34021962730724,-0.728759834673374,-0.0872403573290374,1
45.76,-1.52613122774575,-1.43009705118287,-1.42852247514304,-3.33769209256538,-0.732330166872082,-0.0867734199203033,1
45.77,-1.52973219667937,-1.42874501039219,-1.43274951204851,-3.33516264876655,-0.73591761003592,-0.0863079789320781,1
45.78,-1.53335019269656,-1.4274178662496,-1.43695148196726,-3.33263114314145,-0.7395221240213,-0.0858440361121632,1
45.79,-1.5369851728945,-1.42611565626374,-1.44112849394822,-3.33009742538764,-0.743143665970427,-0.085381593125984,1
45.8,-1.54063709163954,-1.42483841870729,-1.44528065394942,-3.32756134766347,-0.746782190292247,-0.0849206515555119,1
45.81,-1.54430590054917,-1.42358619255753,-1.44940806490421,-3.32502276458316,-0.750437648644441,-0.0844612128982055,1
45.82,-1.54799154847511,-1.42235901743754,-1.45351082678574,-3.32248153321286,-0.754109989916456,-0.0840032785659786,1
45.83,-1.55169398148744,-1.42115693355836,-1.45758903666965,-3.31993751306773,-0.75779916021362,-0.0835468498841903,1
45.84,-1.55541314285984,-1.41997998166175,-1.46164278879501,-3.31739056610987,-0.761505102842363,-0.0830919280906624,1
45.85,-1.559148973056,-1.4188282029637,-1.46567217462372,-3.31484055674718,-0.765227758296558,-0.0826385143347217,1
45.86,-1.56290140971712,-1.41770163909866,-1.46967728289821,-3.31228735183301,-0.768967064245038,-0.0821866096762706,1
45.87,-1.56667038765061,-1.41660033206453,-1.47365819969774,-3.3097308206666,-0.772722955520256,-0.0817362150848879,1
45.88,-1.57045583882006,-1.41552432416825,-1.47761500849316,-3.30717083499422,-0.776495364108215,-0.0812873314389518,1
45.89,-1.57425769233633,-1.41447365797209,-1.48154779020031,-3.304607269011,-0.780284219139544,-0.0808399595248033,1
45.9,-1.57807587444995,-1.4134483762407,-1.48545662323202,-3.30203999936341,-0.784089446881896,-0.0803941000359307,1
45.91,-1.5813693105665,-1.41245228634537,-1.48991372281823,-3.29884891538034,-0.787371788282891,-0.0800122409818174,1
45.92,-1.58351566460583,-1.41148893250479,-1.49556698503541,-3.29433349569317,-0.78951095086624,-0.0797647224559745,1
45.93,-1.58566573519491,-1.41054986786104,-1.5011942197914,-3.28981900032684,-0.791653848127912,-0.0795178261355861,1
45.94,-1.58781950306907,-1.40963506769938,-1.50679563489111,-3.28530524754136,-0.793800460765295,-0.07927155072814,1
45.95,-1.58997694882833,-1.40874451004025,-1.51237143285472,-3.2807920581566,-0.795950769340136,-0.0790258949366972,1
45.96,-1.5921380528858,-1.40787817555854,-1.51792181105914,-3.27627925549017,-0.79810475422714,-0.078780857460146,1
45.97,-1.59430279546869,-1.40703604752312,-1.52344696185759,-3.27176666529833,-0.800262395615016,-0.0785364369932173,1
45.98,-1.59647115661935,-1.40621811173812,-1.52894707269487,-3.26725411571933,-0.80242367350749,-0.0782926322265062,1
45.99,-1.59837450212886,-1.40544456687706,-1.53454350731801,-3.26257922585888,-0.804320825855791,-0.0780794631059017,1
46,-1.60025792810385,-1.40469675854594,-1.54012519150627,-3.25789098399131,-0.806198145752483,-0.0778692901429608,1
46.01,-1.60214373839118,-1.40397298801918,-1.54568221600313,-3.25320273954876,-0.808077864261171,-0.0776596081510962,1
46.02,-1.604031919055,-1.40327324627353,-1.55121476235725,-3.24851432125402,-0.809959967412366,-0.0774504159863265,1
46.03,-1.60592245607478,-1.40259752676981,-1.5567230074858,-3.24382555998049,-0.811844441151909,-0.077241712503889,1
46.04,-1.60408388293527,-1.40270776073481,-1.55787826285835,-3.24242064641235,-0.810011754072212,-0.0774443164853704,1
46.05,-1.59960044069331,-1.40339713794454,-1.55590783911657,-3.24335720942443,-0.805542787413607,-0.0779425735630203,1
46.06,-1.59513726462841,-1.4041100986627,-1.55391781523011,-3.24428716811818,-0.801094135345899,-0.078442490651365,1
46.07,-1.5906966493373,-1.40484954123713,-1.55190564971684,-3.24520995957388,-0.796668095656294,-0.0789441768902487,1
46.08,-1.58627870923422,-1.40561538504916,-1.54987134240184,-3.2461256708746,-0.792264782659107,-0.0794476287018635,1
46.09,-1.58188355333379,-1.40640754752994,-1.54781489250489,-3.24703439193573,-0.787884305264155,-0.0799528423387431,1
46.1,-1.58238459931306,-1.40669021365678,-1.54369716507104,-3.25091025384757,-0.788383670605763,-0.0798949975610884,1
46.11,-1.5843741352023,-1.40683521171804,-1.5389362239001,-3.25568745517179,-0.790366553672477,-0.0796660171666057,1
46.12,-1.58637040573077,-1.40700512189218,-1.53415086438124,-3.26046378080227,-0.792356174271777,-0.0794371349223784,1
46.13,-1.58837341444422,-1.40719994489313,-1.52934098483556,-3.26523929876861,-0.794352536830404,-0.0792083810868417,1
46.14,-1.59038316421144,-1.40741969432845,-1.52450646014817,-3.27001411805946,-0.796355644264432,-0.078979757295896,1
46.15,-1.59226859731709,-1.40768241316235,-1.51963111699791,-3.27477602087286,-0.798234869575038,-0.0787660886167474,1
46.16,-1.58989181748793,-1.40855682039493,-1.51420832843776,-3.2791360840861,-0.795865919057192,-0.0790355687276883,1
46.17,-1.58751974622199,-1.40945553986367,-1.50876035959299,-3.28349605839133,-0.793501697954328,-0.0793057644661458,1
46.18,-1.58515240864126,-1.41037858494268,-1.50328702691509,-3.28785611254886,-0.791142231429304,-0.0795766772155779,1
46.19,-1.58278982957916,-1.41132597143732,-1.49778814200474,-3.29221641775537,-0.788787544356231,-0.0798483083494754,1
46.2,-1.57905121121749,-1.41230350940762,-1.493820606761,-3.29490109717278,-0.785061490392351,-0.0802807528194415,1
46.21,-1.57522783175751,-1.41330685225639,-1.48994276122026,-3.29745980913093,-0.781251057630228,-0.0807263496860727,1
46.22,-1.5714207846474,-1.41433556985962,-1.48604113189789,-3.30001466164019,-0.777457001311899,-0.0811734583200114,1
46.23,-1.56763014426809,-1.41538961751077,-1.48211564455442,-3.30256577581224,-0.773679395801265,-0.0816220780328598,1
46.24,-1.56385598212412,-1.41646895064905,-1.47816622252691,-3.30511327518752,-0.769918312583231,-0.0820722080427877,1
46.25,-1.56009836685989,-1.41757352491313,-1.47419278668187,-3.30765728572725,-0.766173820279886,-0.0825238474756826,1
46.26,-1.55635736426826,-1.418703296194,-1.47019525536415,-3.3101979358101,-0.762445984659165,-0.0829769953659935,1
46.27,-1.55263303730048,-1.41985822068851,-1.46617354434463,-3.31273535622948,-0.758734868644794,-0.0834316506575991,1
46.28,-1.54892544607733,-1.42103825495346,-1.46212756676654,-3.31526968019144,-0.75504053232744,-0.0838878122047073,1
46.29,-1.54523464790138,-1.42224335596045,-1.45805723309026,-3.3178010433134,-0.751363032977032,-0.084345478772784,1
46.3,-1.5415606972705,-1.4234734811514,-1.45396245103676,-3.32032958362349,-0.747702425056271,-0.0848046490395067,1
46.31,-1.53790364589244,-1.42472858849465,-1.44984312552942,-3.32285544156085,-0.744058760235257,-0.0852653215957483,1
46.32,-1.5342635427006,-1.42600863654183,-1.44569915863433,-3.32537875997672,-0.74043208740725,-0.0857274949465821,1
46.33,-1.53064043387074,-1.42731358448546,-1.44153044949888,-3.32789968413642,-0.736822452705478,-0.0861911675123185,1
46.34,-1.52703436283895,-1.42864339221718,-1.43733689428862,-3.33041836172233,-0.733229899521063,-0.0866563376295559,1
46.35,-1.52344537032045,-1.42999802038682,-1.43311838612244,-3.33293494283788,-0.72965446852191,-0.0871230035522647,1
46.36,-1.51987349432953,-1.43137743046212,-1.42887481500574,-3.33544958001258,-0.726096197672645,-0.0875911634528858,1
46.37,-1.51631877020039,-1.43278158478934,-1.42460606776181,-3.33796242820818,-0.722555122255504,-0.0880608154234531,1
46.38,-1.51278123060895,-1.43421044665455,-1.42031202796111,-3.34047364482601,-0.719031274892171,-0.0885319574767362,1
46.39,-1.50926090559556,-1.43566398034589,-1.41599257584853,-3.34298338971555,-0.715524685566521,-0.0890045875474005,1
46.4,-1.5057578225886,-1.43714215121648,-1.41164758826846,-3.34549182518428,-0.712035381648252,-0.0894787034931873,1
46.41,-1.50252640982173,-1.43865509263057,-1.40680379340069,-3.34848854582469,-0.708816778724575,-0.0899194624919051,1
46.42,-1.4993995869209,-1.44019626869668,-1.40176444567689,-3.35166011729017,-0.705702443117215,-0.090349116917111,1
46.43,-1.49628621536916,-1.44176206501718,-1.39669778050751,-3.35483254173647,-0.702601596346318,-0.0907800548591327,1
46.44,-1.49318631407445,-1.44335248925118,-1.39160360229219,-3.35800600946885,-0.699514257300109,-0.0912122755411237,1
46.45,-1.49009990037053,-1.44496755139354,-1.38648171017617,-3.36118071378516,-0.69644044329126,-0.0916457781402255,1
46.46,-1.48702699002491,-1.44660726385375,-1.38133189791639,-3.36435685102974,-0.693380170064909,-0.0920805617877685,1
46.47,-1.4839675972529,-1.44827164153758,-1.37615395374182,-3.36753462065043,-0.690333451812684,-0.0925166255698921,1
46.48,-1.48092173473192,-1.44996070193084,-1.37094766020866,-3.37071422525836,-0.687300301187072,-0.0929539685281745,1
46.49,-1.47788941361624,-1.45167446518553,-1.36571279405026,-3.37389587069089,-0.684280729316143,-0.0933925896602696,1
46.5,-1.474870643552,-1.45341295420824,-1.36044912602153,-3.37707976607762,-0.681274745818611,-0.0938324879205501,1
46.51,-1.47186543269259,-1.45517619475114,-1.35515642073748,-3.38026612390968,-0.678282358819233,-0.0942736622207555,1
46.52,-1.46887378771432,-1.45696421550556,-1.34983443650573,-3.38345516011251,-0.675303574964477,-0.0947161114306511,1
46.53,-1.46589571383242,-1.45877704819831,-1.34448292515274,-3.3866470941222,-0.672338399438557,-0.0951598343786832,1
46.54,-1.46293121481728,-1.46061472769092,-1.33910163184331,-3.38984214896555,-0.669386835979689,-0.095604829852648,1
46.55,-1.45998029301097,-1.46247729208184,-1.33369029489312,-3.3930405513441,-0.66644888689665,-0.0960510966003612,1
46.56,-1.45704294934408,-1.46436478281196,-1.32824864557406,-3.39624253172222,-0.663524553085596,-0.096498633330331,1
46.57,-1.45411918335272,-1.46627724477335,-1.32277640791183,-3.3994483244195,-0.660613834047112,-0.096947438712437,1
46.58,-1.45120899319579,-1.46821472642157,-1.31727329847562,-3.40265816770764,-0.657716727903505,-0.0973975113786113,1
46.59,-1.44831237567249,-1.47017727989169,-1.31173902615931,-3.40587230391197,-0.654833231416314,-0.097848849923523,1
46.6,-1.44569083260684,-1.47214620735766,-1.30581354410808,-3.40950222229934,-0.65222364879052,-0.0982602594560231,1
46.61,-1.44330113380796,-1.47412498487303,-1.29954883912009,-3.41348787846569,-0.649844924268116,-0.0986377417425901,1
46.62,-1.4409201566973,-1.47612982402121,-1.29324931571385,-3.41748096832591,-0.647474950077707,-0.0990162038188371,1
46.63,-1.43854790255959,-1.47816085603162,-1.28691454218576,-3.42148179311247,-0.645113727510851,-0.0993956458480311,1
46.64,-1.43618437210814,-1.48021821813639,-1.28054407462735,-3.42549066028527,-0.642761257287217,-0.0997760679780447,1
46.65,-1.43382956547819,-1.4823020537662,-1.27413745651331,-3.42950788374697,-0.640417539547955,-0.100157470341431,1
46.66,-1.4314834822326,-1.48441251276033,-1.26769421826154,-3.43353378407249,-0.638082573861409,-0.10053985305563,1
46.67,-1.42914612136756,-1.4865497515863,-1.26121387677246,-3.43756868874975,-0.635756359228858,-0.100923216223174,1
46.68,-1.42681748131844,-1.48871393356959,-1.25469593494638,-3.44161293243214,-0.633438894090321,-0.1013075599319,1
46.69,-1.42449755996558,-1.49090522913421,-1.24813988117773,-3.44566685720341,-0.631130176330424,-0.101692884255159,1
46.7,-1.42218635464029,-1.49312381605452,-1.24154518882468,-3.4497308128558,-0.628830203284308,-0.102079189252026,1
46.71,-1.4198838621307,-1.49536987971924,-1.23491131565275,-3.45380515718205,-0.626538971743599,-0.102466474967513,1
46.72,-1.41759007868785,-1.49764361340821,-1.22823770325086,-3.45789025628226,-0.624256477962396,-0.102854741432781,1
46.73,-1.41530500003168,-1.49994521858274,-1.22152377641808,-3.46198648488632,-0.621982717663351,-0.103243988665354,1
46.74,-1.41302862135714,-1.50227490519046,-1.21476894251929,-3.46609422669315,-0.619717686043734,-0.10363421666933,1
46.75,-1.4107609373403,-1.50463289198541,-1.20797259080788,-3.47021387472739,-0.617461377781583,-0.104025425435599,1
46.76,-1.40850194214452,-1.50701940686453,-1.20113409171331,-3.47434583171506,-0.61521378704186,-0.104417614942055,1
46.77,-1.40625162942665,-1.50943468722156,-1.19425279609134,-3.47849051047903,-0.612974907482651,-0.104810785153813,1
46.78,-1.40400999234323,-1.51187898031931,-1.18732803443457,-3.48264833435583,-0.610744732261398,-0.105204936023422,1
46.79,-1.40177702355678,-1.51435254368176,-1.18035911604064,-3.48681973763497,-0.608523254041163,-0.10560006749108,1
46.8,-1.39955271524203,-1.51685564550713,-1.17334532813518,-3.49100516602251,-0.606310464996896,-0.105996179484854,1
46.81,-1.39733705909225,-1.51938856510339,-1.16628593494687,-3.4952050771302,-0.604106356821761,-0.106393271920891,1
46.82,-1.3956096783567,-1.52184493073421,-1.1587986592886,-3.49997959369616,-0.602388030598258,-0.106704618686998,1
46.83,-1.39412330938528,-1.52428063208247,-1.15107210841883,-3.5050485513141,-0.600909489206752,-0.106973773091702,1
46.84,-1.39264017420462,-1.52674906616563,-1.14329300482508,-3.51013663029009,-0.599434198395484,-0.107243501726633,1
46.85,-1.39116027376862,-1.52925065982411,-1.1354603215337,-3.51524443004838,-0.597962159144991,-0.107513805477396,1
46.86,-1.38968360895777,-1.53178585748589,-1.12757299485606,-3.52037256914343,-0.596493372362348,-0.107784685228298,1
46.87,-1.38821018056882,-1.5343551219911,-1.11962992261974,-3.52552168620293,-0.595027838870905,-0.108056141863471,1
46.88,-1.38673998931527,-1.53695893548223,-1.11162996226279,-3.53069244094331,-0.593565559410736,-0.108328176266885,1
46.89,-1.38527303582776,-1.53959780035251,-1.10357192880366,-3.53588551525139,-0.59210653463908,-0.108600789322373,1
46.9,-1.38380932065458,-1.54227224025692,-1.09545459267719,-3.54110161433739,-0.590650765130818,-0.108873981913646,1
46.91,-1.38234884426209,-1.5449828011912,-1.08727667742526,-3.54634146796519,-0.5891982513789,-0.109147754924314,1
46.92,-1.3808916070352,-1.54773005264428,-1.07903685723051,-3.55160583176621,-0.587748993794845,-0.109422109237899,1
46.93,-1.37943760927784,-1.5505145888305,-1.07073375427941,-3.55689548864399,-0.586302992709178,-0.109697045737863,1
46.94,-1.37798685121341,-1.55333703000835,-1.06236593594047,-3.56221125027729,-0.584860248371914,-0.10997256530762,1
46.95,-1.37653933298527,-1.55619802389329,-1.05393191174126,-3.5675539587302,-0.583420760953025,-0.110248668830558,1
46.96,-1.37509505465721,-1.55909824717294,-1.04543013012662,-3.5729244881787,-0.581984530542927,-0.110525357190059,1
46.97,-1.37365401621393,-1.56203840713388,-1.03685897497816,-3.5783237467643,-0.580551557152939,-0.110802631269516,1
46.98,-1.37221621756151,-1.56501924341023,-1.02821676187361,-3.58375267858613,-0.579121840715788,-0.111080491952354,1
46.99,-1.37323987952466,-1.56633880066959,-1.02179185580814,-3.5890236463551,-0.580139744800106,-0.110882540615071,1
47,-1.37492632529348,-1.5672380420891,-1.0159260767036,-3.59426167641216,-0.581816743684186,-0.110557760399042,1
47.01,-1.37662123334812,-1.56816992036991,-1.01001127708169,-3.59951576114457,-0.583502205996912,-0.110233014809093,1
47.02,-1.3783246426809,-1.56913478667558,-1.00404670412848,-3.60478629754142,-0.585196170815151,-0.109908306770776,1
47.03,-1.38003659219091,-1.57013300400989,-0.998031579170633,-3.61007369658184,-0.586898677123225,-0.109583639233122,1
47.04,-1.38175712071603,-1.57116494778745,-0.991965096496183,-3.61537838384972,-0.588609763844718,-0.109259015162371,1
47.05,-1.38348626702682,-1.57223100641827,-0.985846422111057,-3.62070080019279,-0.590329469836428,-0.108934437541874,1
47.06,-1.38522406982046,-1.5733315819275,-0.979674692420607,-3.62604140242157,-0.59205783388223,-0.108609909371993,1
47.07,-1.38724427272862,-1.57331358313575,-0.9770303580287,-3.62901484327301,-0.594067125167111,-0.108234734323024,0
47.08,-1.39002608462078,-1.57017634789485,-0.984124154255245,-3.6254829743895,-0.596834017871657,-0.107721757137327,0
47.09,-1.39282325124091,-1.56707539731031,-0.991158171061318,-3.6219726734371,-0.599616305292759,-0.107210143677532,0
47.1,-1.39563581016652,-1.56401026713199,-0.998133572234606,-3.61848323487046,-0.6024140250936,-0.106699897058949,0
47.11,-1.39846379764369,-1.56098051384064,-1.00505147777298,-3.61501397624024,-0.605227213605613,-0.106191020371591,0
47.12,-1.40130724863498,-1.55798571349521,-1.01191296640989,-3.61156423682717,-0.608055905875837,-0.105683516675004,0
47.13,-1.40416619679094,-1.55502546078472,-1.01871907761604,-3.60813337659021,-0.610900135638413,-0.105177388997249,0
47.14,-1.40704067442156,-1.55209936813789,-1.02547081347704,-3.60472077518095,-0.613759935286033,-0.104672640333874,0
47.15,-1.40993071246779,-1.54920706488619,-1.03216914045637,-3.60132583101937,-0.616635335841367,-0.10416927364689,0
47.16,-1.4128363404729,-1.54634819647628,-1.03881499105201,-3.59794796042649,-0.619526366928473,-0.103667291863726,0
47.17,-1.41575758655403,-1.54352242372834,-1.04540926535445,-3.59458659680974,-0.622433056744226,-0.103166697876194,0
47.18,-1.41869447737355,-1.54072942213689,-1.05195283251332,-3.59124118989729,-0.625355432029745,-0.102667494539439,0
47.19,-1.4216470381107,-1.53796888121112,-1.05844653211895,-3.58791120501793,-0.62829351804191,-0.102169684670886,0
47.2,-1.42461529243305,-1.535240503852,-1.06489117550483,-3.58459612242328,-0.631247338524866,-0.101673271049191,0
47.21,-1.42759926246823,-1.53254400576343,-1.07128754697656,-3.58129543664943,-0.634216915681677,-0.101178256413176,0
47.22,-1.43059896877566,-1.5298791148953,-1.07763640497215,-3.57800865591539,-0.637202270146026,-0.100684643460771,0
47.23,-1.43361443031838,-1.52724557091624,-1.08393848315837,-3.57473530155581,-0.640203420954053,-0.100192434847952,0
47.24,-1.43664566443508,-1.52464312471395,-1.0901944914674,-3.57147490748576,-0.64322038551631,-0.0997016331876752,0
47.25,-1.43969268681225,-1.52207153792142,-1.09640511707776,-3.56822701969537,-0.646253179589902,-0.0992122410488062,0
47.26,-1.44275551145647,-1.51953058246729,-1.10257102534296,-3.56499119577263,-0.649301817250748,-0.0987242609550624,0
47.27,-1.44583415066697,-1.51702004014883,-1.10869286067154,-3.56176700445225,-0.652366310866104,-0.0982376953839375,0
47.28,-1.44854094228886,-1.51455496803154,-1.11513299758605,-3.55812898691125,-0.655060759091066,-0.0978131125974561,1
47.29,-1.44942733043103,-1.51219511417895,-1.12322595279971,-3.55250559348822,-0.655943124013357,-0.0976747221503906,1
47.3,-1.45031416459839,-1.50987039091166,-1.13126117989091,-3.54690452697981,-0.656825942178877,-0.0975365792768984,1
47.31,-1.45120144322146,-1.50758030035196,-1.13923985183243,-3.54132511289734,-0.657709212001211,-0.0973986833900467,1
47.32,-1.45208916480675,-1.50532436464626,-1.14716309972124,-3.53576669860761,-0.658592931969564,-0.0972610338998117,1
47.33,-1.45297732785754,-1.50310212493999,-1.15503201494539,-3.53022865218583,-0.65947710056996,-0.0971236302177721,1
47.34,-1.45386593087389,-1.50091314050852,-1.16284765104541,-3.52471036142329,-0.660361716285249,-0.0969864717571037,1
47.35,-1.45475497235265,-1.49875698794048,-1.17061102546398,-3.51921123289436,-0.661246777595126,-0.0968495579325744,1
47.36,-1.45579153907042,-1.49660245793425,-1.17827884611408,-3.51382356849205,-0.662278715128136,-0.0966903177311726,1
47.37,-1.45765301790693,-1.49430729701456,-1.18565018067405,-3.50897191064784,-0.664131911567408,-0.0964054076276095,1
47.38,-1.45951890875882,-1.49204297961613,-1.19297434797275,-3.50413571924978,-0.665989539743585,-0.0961211729277601,1
47.39,-1.4613892053163,-1.48980918780088,-1.20025215039659,-3.49931451063073,-0.667851593316941,-0.0958376126376082,1
47.4,-1.46326390105242,-1.48760561586157,-1.20748436494807,-3.49450781428101,-0.669718065730703,-0.0955547257627951,1
47.41,-1.46514298925262,-1.48543196985323,-1.21467174426728,-3.48971517229826,-0.671588950240339,-0.095272511305423,1
47.42,-1.46702646301409,-1.48328796712873,-1.22181501762469,-3.48493613885911,-0.673464239912996,-0.0949909682640295,1
47.43,-1.46891431524524,-1.48117333589878,-1.22891489186156,-3.48017027971884,-0.675343927626952,-0.0947100956335631,1
47.44,-1.47080653866519,-1.47908781481483,-1.23597205228147,-3.47541717173704,-0.677228006071086,-0.0944298924053595,1
47.45,-1.47270312580326,-1.4770311525733,-1.24298716349595,-3.47067640242771,-0.679116467744377,-0.094150357567117,1
47.46,-1.4748623294597,-1.47498251724051,-1.2497465497074,-3.46621183477732,-0.681266467073328,-0.0938337039518557,1
47.47,-1.47738195381825,-1.47293362843338,-1.25617414432362,-3.46211822128965,-0.683775412345922,-0.0934663101768552,1
47.48,-1.47991027426298,-1.47091224816162,-1.26256416115959,-3.45803332012829,-0.686293082881337,-0.0930999153717732,1
47.49,-1.48244727919697,-1.46891821679388,-1.26891708675737,-3.4539568041272,-0.688819467066382,-0.0927345190430206,1
47.5,-1.48499295632462,-1.46695138130563,-1.27523339395984,-3.4498883532434,-0.691354552588732,-0.092370120678307,1
47.51,-1.48754729266736,-1.4650115950643,-1.28151354236924,-3.4458276543146,-0.693898326452533,-0.0920067197457619,1
47.52,-1.4901102745597,-1.46309871761391,-1.28775797879606,-3.44177440082608,-0.696450774974452,-0.0916443156937634,1
47.53,-1.49268188764541,-1.46121261446896,-1.29396713768775,-3.43772829268834,-0.699011883779874,-0.0912829079507692,1
47.54,-1.49547912793154,-1.4593563253721,-1.29987331202527,-3.43397707203047,-0.701797770747569,-0.0908922833301651,1
47.55,-1.4984431709849,-1.45752858021078,-1.30555424186279,-3.43043745966809,-0.704749865004223,-0.0904811648946752,1
47.56,-1.50141911147914,-1.45572695791258,-1.31120286895773,-3.42690231778572,-0.707713892073324,-0.090071257725362,1
47.57,-1.50440692888965,-1.45395138463435,-1.31681951362559,-3.4233713985483,-0.710689831432022,-0.0896625619691365,1
47.58,-1.50740660139156,-1.45220179048706,-1.32240448766052,-3.41984445875026,-0.713677661256115,-0.0892550777338049,1
47.59,-1.51041810586131,-1.45047810940928,-1.32795809458384,-3.41632125969434,-0.7166773584216,-0.0888488050878403,1
47.6,-1.51344141786859,-1.44878027904199,-1.33348062988575,-3.41280156707591,-0.719688898496588,-0.0884437440599826,1
47.61,-1.5164765116686,-1.44710824060758,-1.33897238125742,-3.40928515087255,-0.722712255733548,-0.0880398946388491,1
47.62,-1.5195233601946,-1.445461938793,-1.34443362881415,-3.40577178523845,-0.725747403061888,-0.0876372567725516,1
47.63,-1.52271073560412,-1.44385204289541,-1.34966742204278,-3.40246031525543,-0.728922623122401,-0.0872189859513359,1
47.64,-1.5260344645645,-1.44227795539491,-1.35468404972073,-3.39934027481919,-0.732233768638134,-0.0867859781759408,1
47.65,-1.52937231308232,-1.4407294141789,-1.35967203666167,-3.39622135916194,-0.735559073378336,-0.0863543293449363,1
47.66,-1.53272424379288,-1.43920640121084,-1.36463159234412,-3.393103374884,-0.738898499990313,-0.0859240399701212,1
47.67,-1.53609021739589,-1.43770890067546,-1.36956292075738,-3.38998613195033,-0.742252009184102,-0.0854951105026808,1
47.68,-1.53947019265401,-1.43623689889583,-1.37446622054137,-3.38686944363482,-0.745619559730937,-0.0850675413329878,1
47.69,-1.54286412638351,-1.4347903842509,-1.37934168512239,-3.38375312646798,-0.74900110845391,-0.0846413327900206,1
47.7,-1.54627197344564,-1.43336934709505,-1.38418950284436,-3.38063700018724,-0.75239661021932,-0.0842164851407941,1
47.71,-1.54969368673865,-1.43197377967971,-1.38900985709553,-3.37752088768963,-0.755806017928668,-0.08379299858981,1
47.72,-1.55312921719052,-1.43060367607679,-1.39380292643094,-3.37440461498683,-0.759229282511378,-0.0833708732785187,1
47.73,-1.55657851375231,-1.42925903210398,-1.3985688846908,-3.37128801116251,-0.762666352918151,-0.0829501092848062,1
47.74,-1.56011619723552,-1.42794907920399,-1.40318274491715,-3.36829332340519,-0.766191588144065,-0.0825216960951058,1
47.75,-1.56370022624037,-1.42666855364813,-1.40771683702566,-3.36534966560036,-0.769763098635539,-0.082090859417075,1
47.76,-1.56729889652312,-1.42541353827031,-1.41222465891378,-3.36240467471019,-0.773349291911769,-0.0816614456994278,1
47.77,-1.57091214486991,-1.42418404336332,-1.41670635201734,-3.35945819768939,-0.776950104759681,-0.0812334550646628,1
47.78,-1.57453990577164,-1.42298008033549,-1.42116205394423,-3.35651008432752,-0.780565471668828,-0.080806887559689,1
47.79,-1.57818211142279,-1.42180166164801,-1.42559189856186,-3.3535601872253,-0.784195324830163,-0.0803817431554351,1
47.8,-1.5818386917189,-1.42064880075311,-1.42999601608183,-3.35060836177262,-0.787839594133492,-0.0799580217463518,1
47.81,-1.58550957425498,-1.41952151203339,-1.43437453314215,-3.34765446612791,-0.791498207165898,-0.0795357231499374,1
47.82,-1.5891946843249,-1.41841981074238,-1.43872757288695,-3.34469836119876,-0.795171089211093,-0.0791148471062921,1
47.83,-1.59289394492179,-1.41734371294617,-1.4430552550439,-3.34173991062366,-0.798858163249809,-0.0786953932776917,1
47.84,-1.59660727673931,-1.41629323546616,-1.44735769599931,-3.33877898075495,-0.802559349961091,-0.0782773612481964,1
47.85,-1.60033459817409,-1.41526839582284,-1.45163500887103,-3.33581544064284,-0.80627456772466,-0.0778607505232775,1
47.86,-1.60407582532899,-1.41426921218062,-1.45588730357937,-3.33284916202038,-0.810003732624237,-0.0774455605294768,1
47.87,-1.60783087201752,-1.41329570329369,-1.46011468691591,-3.32988001928949,-0.813746758451882,-0.0770317906140914,1
47.88,-1.61159964976914,-1.41234788845279,-1.46431726261034,-3.3269078895078,-0.817503556713362,-0.0766194400448857,1
47.89,-1.61524938552528,-1.41141040808932,-1.46869311058854,-3.32374026438016,-0.821141771676297,-0.0762228740852534,1
47.9,-1.6188379051453,-1.41048999456008,-1.47315342676409,-3.32046375815238,-0.824719039697488,-0.0758355701644851,1
47.91,-1.62243813951286,-1.40959512291332,-1.47758884007438,-3.31718471248677,-0.828308060375828,-0.0754495671659621,1
47.92,-1.62605000456943,-1.40872580488616,-1.48199946284994,-3.31390300441057,-0.831908749611208,-0.0750648637269806,1
47.93,-1.62967341453176,-1.4078820529681,-1.48638540420493,-3.3106185135179,-0.83552102157701,-0.0746814584230171,1
47.94,-1.63330828189697,-1.40706388035041,-1.49074677010486,-3.30733112195294,-0.839144788725218,-0.0742993497675113,1
47.95,-1.63695451745298,-1.40627130087742,-1.49508366343202,-3.30404071439325,-0.842779961796803,-0.0739185362118695,1
47.96,-1.6406120302896,-1.40550432899863,-1.49939618404919,-3.30074717803397,-0.846426449832889,-0.07353901614548,1
47.97,-1.64428072781042,-1.40476297972184,-1.50368442886151,-3.29745040257298,-0.850084160186574,-0.0731607878957549,1
47.98,-1.6478194451151,-1.40405909494549,-1.50791377904905,-3.29416369884157,-0.853612346380166,-0.0727982557413756,1
47.99,-1.64353739284484,-1.40403853532126,-1.51019134863099,-3.29161746287619,-0.849343045666756,-0.0732372260331953,1
48,-1.63941889158136,-1.40447145402462,-1.50867467524559,-3.2924196442679,-0.845236899736525,-0.0736625516915705,1
48.01,-1.63539864632318,-1.40517714657012,-1.50495397952798,-3.29515653731705,-0.841228802285873,-0.0740807288453259,1
48.02,-1.63139279308123,-1.40590884387445,-1.50120967489088,-3.29788878868011,-0.837235140409375,-0.0745004008732216,1
48.03,-1.62740144764708,-1.40666651468566,-1.49744169894716,-3.30061649144438,-0.833256029929812,-0.0749215687646385,1
48.04,-1.62342472313198,-1.40745012746594,-1.49364998712112,-3.30333974132927,-0.829291583987005,-0.0753442334154526,1
48.05,-1.61946272996843,-1.40825965044974,-1.48983447263004,-3.30605863664759,-0.82534191303922,-0.0757683956250708,1
48.06,-1.61551557589748,-1.40909505168924,-1.48599508643905,-3.30877327830475,-0.821407124850526,-0.0761940560966593,1
48.07,-1.61158336595745,-1.40995629910061,-1.48213175721488,-3.31148376979809,-0.817487324479513,-0.0766212154374092,1
48.08,-1.60766620247401,-1.41084336051098,-1.47824441127853,-3.31419021721665,-0.813582614269352,-0.0770498741588403,1
48.09,-1.60376418505154,-1.41175620370622,-1.47433297255671,-3.31689272924123,-0.809693093839191,-0.0774800326771408,1
48.1,-1.59984221094869,-1.41268951909688,-1.47046493132441,-3.31952640832964,-0.805783774458056,-0.0779156151757652,1
48.11,-1.59591618743421,-1.41364562563041,-1.46661081697921,-3.32211954728141,-0.801870514381059,-0.0783549343704818,1
48.12,-1.59200614226171,-1.41462747267266,-1.46273249900984,-3.32470884955333,-0.797973277287687,-0.0787957846825339,1
48.13,-1.58811216696894,-1.41563502495912,-1.45882989747373,-3.32729443163873,-0.794092154714455,-0.0792381659690496,1
48.14,-1.58423435016542,-1.41666824728934,-1.45490292992019,-3.32987641263638,-0.790227235266786,-0.0796820779880151,1
48.15,-1.58037277753381,-1.41772710457935,-1.45095151133737,-3.33245491424991,-0.7863786046204,-0.0801275203990113,1
48.16,-1.5765275318312,-1.41881156191469,-1.44697555409765,-3.33503006078808,-0.782546345522695,-0.0805744927638774,1
48.17,-1.57269869289192,-1.41992158460425,-1.44297496790173,-3.33760197916567,-0.778730537795455,-0.0810229945474143,1
48.18,-1.56888633763151,-1.42105713823491,-1.43894965972104,-3.34017079890497,-0.774931258338942,-0.0814730251181223,1
48.19,-1.56509054005215,-1.42221818872703,-1.43489953373874,-3.34273665213798,-0.771148581137322,-0.0819245837489716,1
48.2,-1.5613113712494,-1.42340470239072,-1.43082449128899,-3.34529967360928,-0.767382577265406,-0.082377669618208,1
48.21,-1.55756331467863,-1.42461862872606,-1.42669633175905,-3.34788737999379,-0.763647679347827,-0.082830533255631,1
48.22,-1.5539660901173,-1.42587646677233,-1.42227974568991,-3.35072922834865,-0.760063180978891,-0.0832685075509196,1
48.23,-1.55038409823402,-1.42715959492152,-1.41783742294574,-3.35356939859608,-0.756493957296742,-0.0837079216940636,1
48.24,-1.5468173944266,-1.42846799449967,-1.41336923141377,-3.3564080435655,-0.752940063685304,-0.0841487751041829,1
48.25,-1.54326603172187,-1.42980164793418,-1.40887503528275,-3.35924531880604,-0.749401553155278,-0.0845910671252093,1
48.26,-1.53973006077551,-1.43116053881677,-1.40435469495636,-3.36208138260883,-0.745878476344095,-0.0850347970258747,1
48.27,-1.5362095298828,-1.43254465196862,-1.39980806696458,-3.36491639602921,-0.742370881526631,-0.0854799640004528,1
48.28,-1.53270448499015,-1.43395397350675,-1.39523500387216,-3.36775052291056,-0.738878814626796,-0.0859265671695208,1
48.29,-1.52921496970759,-1.4353884909116,-1.39063535418422,-3.37058392990958,-0.735402319230005,-0.0863746055807403,1
48.3,-1.52574102532197,-1.43684819309601,-1.38600896224877,-3.37341678652349,-0.731941436596446,-0.0868240782096635,1
48.31,-1.52228269081112,-1.43833307047559,-1.38135566815605,-3.37624926511877,-0.728496205675241,-0.0872749839605503,1
48.32,-1.51892604248285,-1.43985071326306,-1.37652539249246,-3.37923235060478,-0.72515237297309,-0.0877159742332162,1
48.33,-1.51571479866966,-1.44140513908521,-1.37143841107051,-3.3824463762103,-0.721953480649005,-0.0881409873504828,1
48.34,-1.51251697216935,-1.44298477493857,-1.36632305830965,-3.38566168645864,-0.718768043709191,-0.0885673045117542,1
48.35,-1.50933259121968,-1.44458964138489,-1.36117911772089,-3.38887847921412,-0.715596090379584,-0.0889949252144796,1
48.36,-1.50616168239396,-1.44621976150629,-1.35600636700225,-3.3920969557151,-0.712437647220203,-0.0894238489057946,1
48.37,-1.50300427060381,-1.44787516099358,-1.35080457788366,-3.39531732063981,-0.709292739127899,-0.0898540749825506,1
48.38,-1.49986037911101,-1.44955586823847,-1.34557351596502,-3.39853978217499,-0.706161389348307,-0.0902856027919005,1
48.39,-1.49673002953992,-1.45126191442844,-1.34031294054811,-3.40176455208802,-0.703043619488201,-0.0907184316318982,1
48.4,-1.49361324189025,-1.45299333364451,-1.33502260446227,-3.40499184580243,-0.699939449528356,-0.0911525607521001,1
48.41,-1.49051003455031,-1.45475016296182,-1.32970225388328,-3.40822188247728,-0.696848897836749,-0.0915879893541853,1
48.42,-1.4877141899449,-1.45653936259157,-1.32392351195821,-3.41190810999724,-0.694064535844202,-0.09198305294946,1
48.43,-1.48493480630602,-1.45835445689493,-1.3181042881845,-3.4156079899498,-0.691296643784244,-0.0923784195714061,1
48.44,-1.48216608097837,-1.46019539388219,-1.31225266847946,-3.41931286121423,-0.688539442815259,-0.0927749084633708,1
48.45,-1.47940802710745,-1.4620622599471,-1.30636830863971,-3.42302298267614,-0.685792946085385,-0.0931725196376724,1
48.46,-1.47666065684881,-1.46395514601859,-1.30045085499815,-3.42673861819593,-0.683057165751982,-0.0935712530777904,1
48.47,-1.47392398137528,-1.46587414770993,-1.29449994412389,-3.43046003675904,-0.680332112988896,-0.0939711087386852,1
48.48,-1.47119801088484,-1.46781936547409,-1.28851520250916,-3.4341875126332,-0.677617797994296,-0.094372086547123,1
48.49,-1.46848275460853,-1.46979090476518,-1.2824962462424,-3.43792132553316,-0.674914229998649,-0.0947741864020116,1
48.5,-1.46605651686832,-1.47177337380861,-1.27613597273869,-3.44201653053841,-0.672498503562462,-0.0951357909276206,1
48.51,-1.46377063949264,-1.47377546857159,-1.26959277278584,-3.44628931107473,-0.67022258803984,-0.0954784891173076,1
48.52,-1.46149195623501,-1.47580482842508,-1.26301195285073,-3.45057126796841,-0.667953892510755,-0.0958220731280418,1
48.53,-1.45922047446982,-1.47786162894453,-1.25639299692144,-3.4548627415706,-0.665692424370387,-0.0961665436198595,1
48.54,-1.45695620112659,-1.47994605308626,-1.24973537384113,-3.45916408001685,-0.663438190568663,-0.0965119012406563,1
48.55,-1.4546991426857,-1.48205829144857,-1.24303853675331,-3.46347563952016,-0.661191197606039,-0.0968581466264686,1
48.56,-1.45244930518125,-1.48419854254973,-1.23630192251359,-3.46779778468106,-0.658951451536385,-0.0972052804015868,1
48.57,-1.45048907922973,-1.48631418015798,-1.22937745667382,-3.47236600743753,-0.657000065802786,-0.0975093700341274,1
48.58,-1.44928514243334,-1.48831816094235,-1.22201664846107,-3.47757427446523,-0.655801580768685,-0.0976969003691402,1
48.59,-1.44808257443596,-1.49035203701911,-1.21461071987896,-3.48279733547805,-0.654604475355664,-0.0978848016326447,1
48.6,-1.44688137812773,-1.4924161156517,-1.20715889385435,-3.4880356594717,-0.653408752477858,-0.098073074636319,1
48.61,-1.44568155640478,-1.49451071632474,-1.19966036813382,-3.49328972840258,-0.652214415055282,-0.0982617201905305,1
48.62,-1.44448311214019,-1.49663617123037,-1.19211431422583,-3.49856003775675,-0.651021465984953,-0.0984507391070904,1
48.63,-1.44328604818397,-1.49879282580593,-1.18451987624777,-3.50384709716523,-0.649829908140863,-0.0986401321992601,1
48.64,-1.44209036736307,-1.50098103930289,-1.17687616970607,-3.50915143105489,-0.648639744373964,-0.0988299002817556,1
48.65,-1.4408960724813,-1.50320118538938,-1.16918228020466,-3.51447357933754,-0.647450977512149,-0.0990200441707545,1
48.66,-1.4406342625541,-1.50422089624316,-1.16530146515305,-3.51730138408795,-0.647190381330696,-0.0990617924806077,1
48.67,-1.44301261798474,-1.50180406965641,-1.17227375142486,-3.51304746464277,-0.649557738061601,-0.0986834762111914,1
48.68,-1.4447582485861,-1.49949594372228,-1.17967405645266,-3.50817507992926,-0.651295339330724,-0.0984072922081158,1
48.69,-1.44623286774993,-1.49725447063284,-1.18722558182538,-3.50304969357957,-0.652763204262669,-0.0981749654326075,1
48.7,-1.4477099918271,-1.49504419274046,-1.19472875656188,-3.49794085998129,-0.65423358864475,-0.0979431366374141,1
48.71,-1.44918961671734,-1.49286476715966,-1.20218443208708,-3.49284807148341,-0.655706488348625,-0.0977118048755622,1
48.72,-1.45067173826569,-1.49071586419062,-1.20959343252701,-3.48777083455022,-0.657181899191218,-0.0974809691993147,1
48.73,-1.45215635225124,-1.48859716677125,-1.21695655587873,-3.48270866913831,-0.658659816923523,-0.0972506286612509,1
48.74,-1.45364345438705,-1.48650836997072,-1.22427457509557,-3.47766110811772,-0.660140237230527,-0.097020782314258,1
48.75,-1.45554452107927,-1.48438671468694,-1.2312855007122,-3.47300275926349,-0.662032799174967,-0.0967282270320978,1
48.76,-1.45784785620312,-1.48223354042502,-1.23800229212017,-3.46871697529616,-0.664325885229821,-0.0963756645092482,1
48.77,-1.46015874023658,-1.4801084997947,-1.24467913288262,-3.46444179050954,-0.666626546883342,-0.0960240154768491,1
48.78,-1.46247716653037,-1.47801139369218,-1.25131658811276,-3.46017683884357,-0.668934777467409,-0.0956732793466166,1
48.79,-1.46480312792453,-1.47594203095483,-1.25791520654327,-3.45592176269795,-0.671250569802948,-0.0953234555183242,1
48.8,-1.46713661676628,-1.47390022809198,-1.26447552110766,-3.45167621262158,-0.673573916217712,-0.0949745433784729,1
48.81,-1.46947762490691,-1.47188580901712,-1.27099804950577,-3.4474398470151,-0.675904808543139,-0.0946265423001674,1
48.82,-1.47182614369873,-1.46989860479242,-1.27748329474272,-3.44321233184767,-0.678243238111289,-0.0942794516429936,1
48.83,-1.47418216399203,-1.46793845338483,-1.28393174564285,-3.43899334038711,-0.680589195751846,-0.0939332707528974,1
48.84,-1.47670987919283,-1.46600020363668,-1.29015293501263,-3.43499703977971,-0.683106179762478,-0.0935640857332069,1
48.85,-1.47956267154023,-1.46407877674879,-1.29597381511714,-3.43141826670871,-0.685946940452459,-0.0931501549666679,1
48.86,-1.48242714761886,-1.46218347622361,-1.30176155711826,-3.4278448427427,-0.688799419508501,-0.092737409697216,1
48.87,-1.48530329523855,-1.46031421591732,-1.30751650840531,-3.42427650502802,-0.691663604746741,-0.0923258502323103,1
48.88,-1.48819110102225,-1.45847091409543,-1.31323900705891,-3.42071299566423,-0.694539482795556,-0.0919154768451153,1
48.89,-1.49109055041576,-1.45665349329703,-1.31892938212581,-3.41715406156628,-0.697427039105192,-0.0915062897742041,1
48.9,-1.49400162767842,-1.45486188019688,-1.32458795389032,-3.41359945433185,-0.700326257938424,-0.091098289223148,1
48.91,-1.49692431587401,-1.45309600547238,-1.33021503413478,-3.41004893011451,-0.703237122361477,-0.0906914753601114,1
48.92,-1.49985859686195,-1.45135580367532,-1.33581092638964,-3.40650224950265,-0.706159614235201,-0.0902858483174533,1
48.93,-1.50280445128879,-1.44964121310809,-1.34137592617372,-3.4029591774038,-0.709093714206518,-0.0898814081913355,1
48.94,-1.50576185857993,-1.44795217570414,-1.34691032122495,-3.39941948293405,-0.712039401700168,-0.089478155041335,1
48.95,-1.50890770114331,-1.44629929638227,-1.35213848007852,-3.39616621468944,-0.715172865382407,-0.0890522182895103,1
48.96,-1.51221447654353,-1.44468062167041,-1.35710857486768,-3.39314984737021,-0.718466724740629,-0.0886077922532883,1
48.97,-1.51553598985094,-1.44308725256485,-1.36205027505943,-3.39013456783559,-0.721775362228176,-0.0881647436776418,1
48.98,-1.5188722116014,-1.4415191772945,-1.36696378384696,-3.38712018199603,-0.725098748405723,-0.0877230735225389,1
48.99,-1.52222311032783,-1.43997638626605,-1.3718492990963,-3.38410649900827,-0.728436851829306,-0.0872827826867442,1
49,-1.52558865255643,-1.43845887198262,-1.3767070134807,-3.38109333122354,-0.731789639046478,-0.086843872007634,1
49.01,-1.52896880279333,-1.43696662896264,-1.38153711461125,-3.37808049413947,-0.735157074582958,-0.0864063422604791,1
49.02,-1.53236352351193,-1.43549965366057,-1.38633978516304,-3.37506780635434,-0.738539120929934,-0.0859701941577433,1
49.03,-1.53577277514088,-1.43405794438964,-1.39111520299709,-3.37205508952373,-0.741935738532022,-0.0855354283483976,1
49.04,-1.53919651605272,-1.43264150124619,-1.39586354127817,-3.36904216831953,-0.74534688577589,-0.0851020454172518,1
49.05,-1.54273446170519,-1.43126254134863,-1.40040214248141,-3.36620862772772,-0.748871915282443,-0.0846575589874796,1
49.06,-1.54634501752339,-1.4299158549263,-1.40481025436965,-3.36347636397291,-0.752469390670083,-0.0842074126955994,1
49.07,-1.54997156602161,-1.42859450501826,-1.40919233467607,-3.36074261096891,-0.75608290178654,-0.0837587416139827,1
49.08,-1.55361405263292,-1.42729851171271,-1.41354851587234,-3.35800721361911,-0.759712394087757,-0.0833115466370805,1
49.09,-1.5572724202173,-1.426027896095,-1.41787892681914,-3.35527001957257,-0.763357810454247,-0.0828658285772923,1
49.1,-1.56094660905536,-1.42478268018465,-1.42218369284793,-3.35253087920668,-0.767019091184794,-0.082421588164467,1
49.11,-1.56463655683899,-1.42356288687306,-1.42646293584009,-3.34978964561166,-0.770696173987055,-0.0819788260451295,1
49.12,-1.56834219866298,-1.42236853986225,-1.43071677430374,-3.34704617457638,-0.774388993969201,-0.081537542781737,1
49.13,-1.57206346701782,-1.42119966360468,-1.43494532344829,-3.34430032457527,-0.778097483632636,-0.0810977388519616,1
49.14,-1.57580029178351,-1.42005628324405,-1.43914869525697,-3.3415519567563,-0.781821572865856,-0.0806594146479962,1
49.15,-1.57955260022454,-1.41893842455713,-1.44332699855708,-3.33880093493009,-0.78556118893935,-0.0802225704758969,1
49.16,-1.58339340249273,-1.41785760262618,-1.44733724384218,-3.33618465739427,-0.789389097576073,-0.079778793555496,1
49.17,-1.58728921792018,-1.41680852848474,-1.45124703693587,-3.3336379265759,-0.793271934515194,-0.0793320902726659,1
49.18,-1.59120142263639,-1.41578516431223,-1.45513236101359,-3.33108763511323,-0.797171205767226,-0.0788869309866486,1
49.19,-1.5951299273948,-1.41478754495405,-1.4589932998075,-3.32853366285035,-0.801086822092087,-0.0784433160240063,1
49.2,-1.59907463994592,-1.41381570530911,-1.46282993452575,-3.32597589226696,-0.805018691243865,-0.0780012456096705,1
49.21,-1.60303546504134,-1.41286968027796,-1.46664234390538,-3.3234142084785,-0.808966717974792,-0.0775607198665258,1
49.22,-1.60701230443623,-1.4119495047115,-1.47043060426355,-3.32084849923736,-0.812930804037744,-0.07712173881482,1
49.23,-1.61100505689339,-1.41105521336036,-1.47419478954754,-3.31827865493448,-0.816910848190232,-0.0766843023716128,1
49.24,-1.60973706761065,-1.41144032783445,-1.47221463940759,-3.31977896038353,-0.815646879592069,-0.0768227004134328,1
49.25,-1.60618651162394,-1.41240149259597,-1.46771475097439,-3.32304986697045,-0.812107651557417,-0.0772126218248254,1
49.26,-1.60264719766106,-1.41338609151462,-1.46319185048157,-3.32631857891978,-0.808579700901675,-0.077603756261024,1
49.27,-1.59911991163194,-1.41439612766316,-1.45864376491257,-3.32958514237405,-0.805063816097299,-0.0779961915876856,1
49.28,-1.59560472737134,-1.41543159129939,-1.45407036879581,-3.33284969202176,-0.80156007101066,-0.0783899288208523,1
49.29,-1.59208524698707,-1.4164907235893,-1.44949673268738,-3.33608761468015,-0.798052121925797,-0.0787868326052905,1
49.3,-1.58838976679557,-1.41755524508743,-1.44518734338347,-3.33903894608188,-0.79436883503064,-0.0792065172685308,1
49.31,-1.58470845787366,-1.41864532450312,-1.44085276088784,-3.34198781466335,-0.790699760828437,-0.0796276226404073,1
49.32,-1.58104139659095,-1.41976094365279,-1.4364928691453,-3.34493435527427,-0.787044975700336,-0.0800501490313179,1
49.33,-1.57738865700346,-1.42090208512422,-1.43210754876411,-3.34787870545617,-0.783404553711688,-0.0804740966734451,1
49.34,-1.57375031086634,-1.42206873233639,-1.42769667694144,-3.35082100545637,-0.779778566624811,-0.080899465721774,1
49.35,-1.57012642763483,-1.42326086959788,-1.42326012738617,-3.35376139824584,-0.776167083899863,-0.0813262562545521,1
49.36,-1.56651707446605,-1.4244784821664,-1.41879777023958,-3.35670002953809,-0.772570172696717,-0.0817544682737677,1
49.37,-1.56292231622183,-1.42572155630946,-1.41430947199347,-3.35963704780944,-0.768987897877775,-0.0821841017056562,1
49.38,-1.55934221547243,-1.42699007936624,-1.40979509540578,-3.3625726043205,-0.76542032201172,-0.0826151564012296,1
49.39,-1.55577683250121,-1.42828403981059,-1.40525449941361,-3.36550685313917,-0.761867505378189,-0.0830476321368295,1
49.4,-1.55222622531021,-1.4296034273154,-1.40068753904341,-3.36843995116498,-0.758329505973363,-0.0834815286147041,1
49.41,-1.54869044962658,-1.43094823281815,-1.39609406531837,-3.371372058155,-0.754806379516454,-0.083916845463607,1
49.42,-1.54516955890998,-1.43231844858793,-1.39147392516284,-3.3743033367514,-0.751298179457063,-0.0843535822394187,1
49.43,-1.54166360436077,-1.43371406829374,-1.38682696130357,-3.37723395251057,-0.747804956983432,-0.0847917384257878,1
49.44,-1.53832684579322,-1.43515104171854,-1.38189794869684,-3.38041751594669,-0.744480405599305,-0.0852118255493547,1
49.45,-1.53505699840864,-1.43661895633056,-1.37685225450032,-3.38368991366678,-0.741222606534259,-0.0856264402161276,1
49.46,-1.53180013688845,-1.43811227158907,-1.37177838441898,-3.38696321787351,-0.737977831199398,-0.0860423524634254,1
49.47,-1.52855629957223,-1.43963100779241,-1.36667612888674,-3.39023761911912,-0.734746117934183,-0.0864595621980335,1
49.48,-1.52532552312238,-1.44117518759954,-1.36154527270651,-3.39351331131139,-0.731527503399338,-0.0868780692742031,1
49.49,-1.52210784252844,-1.44274483611588,-1.35638559490107,-3.39679049177601,-0.728322022581246,-0.0872978734939442,1
49.5,-1.51890329111545,-1.44433998098223,-1.35119686855792,-3.40006936132188,-0.725129708800311,-0.0877189746075181,1
49.51,-1.51571190055287,-1.44596065246629,-1.34597886066849,-3.4033501243095,-0.721950593719884,-0.0881413723139338,1
49.52,-1.5125337008639,-1.44760688355685,-1.34073133196118,-3.40663298872281,-0.71878470735562,-0.0885650662614648,1
49.53,-1.50936872043537,-1.44927871006078,-1.33545403672817,-3.4099181662444,-0.715632078085353,-0.0889900560481713,1
49.54,-1.50621698602803,-1.45097617070298,-1.33014672264565,-3.41320587233443,-0.71249273265943,-0.0894163412224365,1
49.55,-1.50326901990364,-1.45270816937356,-1.3245391943208,-3.41677715863907,-0.709556436469449,-0.0898178795378884,1
49.56,-1.50043695375704,-1.45447094100829,-1.31875124650146,-3.4205073587393,-0.706735657006225,-0.0902062257883717,1
49.57,-1.49761537464003,-1.4562597182105,-1.31293098735716,-3.4242423003417,-0.703925397330222,-0.0905956939918964,1
49.58,-1.49480430155803,-1.45807458635111,-1.30707807745747,-3.4279822382478,-0.701125676455548,-0.0909862843713656,1
49.59,-1.49200375250518,-1.45991563522894,-1.30119216804429,-3.43172743220808,-0.698336512384112,-0.0913779971194746,1
49.6,-1.48921374446425,-1.46178295921547,-1.29527290074004,-3.43547814706832,-0.695557922105614,-0.0917708323988459,1
49.61,-1.4864342934131,-1.46367665740762,-1.28931990724055,-3.4392346529234,-0.692789921603985,-0.09216479034233,1
49.62,-1.48366541433137,-1.46559683378656,-1.28333280899471,-3.44299722527838,-0.690032525864132,-0.0925598710532995,1
49.63,-1.48090712120741,-1.46754359738298,-1.2773112168698,-3.44676614521715,-0.687285748878798,-0.0929560746059598,1
49.64,-1.47823442412511,-1.46951471146339,-1.27117363444239,-3.45063357558554,-0.684624284483212,-0.0933425208661715,1
49.65,-1.47593626344684,-1.47150148944919,-1.26460357173361,-3.45495764119518,-0.682335841256339,-0.0936768330965626,1
49.66,-1.47364503533315,-1.47351579444142,-1.25799546093801,-3.45929106924271,-0.680054356039792,-0.0940120167335051,1
49.67,-1.47136074970666,-1.47555780833572,-1.25134877451565,-3.4636342050848,-0.677779838780473,-0.0943480725584571,1
49.68,-1.46908341606803,-1.47762772060394,-1.24466296934354,-3.46798740210578,-0.675512299002866,-0.0946850013407066,1
49.69,-1.46681304347749,-1.47972572855884,-1.23793748614713,-3.47235102202051,-0.673251745790701,-0.0950228038377996,1
49.7,-1.46454964055712,-1.48185203764257,-1.23117174888941,-3.47672543519651,-0.670998187789258,-0.0953614807956366,1
49.71,-1.4622932154933,-1.48400686172955,-1.22436516412921,-3.48111102099272,-0.668751633207755,-0.0957010329485661,1
49.72,-1.46013574347766,-1.48617814068259,-1.21745745755968,-3.48559108263964,-0.666603651557071,-0.096027504773124,1
49.73,-1.45855705467615,-1.48830220422676,-1.21013361194791,-3.49060210923724,-0.665031940114927,-0.0962675258263572,1
49.74,-1.45698120481055,-1.49045639365393,-1.20276418438666,-3.49562794216062,-0.663463083072323,-0.0965080766880394,1
49.75,-1.45540819887166,-1.49264102008957,-1.19534838886077,-3.50066905538881,-0.661897085449328,-0.09674915834165,1
49.76,-1.45383804179153,-1.49485640708053,-1.18788541368177,-3.50572593615671,-0.660333952207156,-0.0969907717684258,1
49.77,-1.45227073841729,-1.49710289109929,-1.18037442039348,-3.51079908554329,-0.658773688222062,-0.0972329179493487,1
49.78,-1.45070629351119,-1.49938082209722,-1.17281454258706,-3.51588901910329,-0.657216298285453,-0.0974755978651565,1
49.79,-1.44871390100645,-1.50111139407701,-1.16809091418061,-3.51863607693837,-0.655232932040736,-0.0977860838574716,1
49.8,-1.44561876717326,-1.50136856859678,-1.17081164176321,-3.51527274353065,-0.652151913302358,-0.0982716086707574,1
49.81,-1.4442174325432,-1.50177224281579,-1.1708808170553,-3.51462447851395,-0.650756995163789,-0.0984923182801589,0
49.82,-1.44624484763774,-1.50245744211177,-1.16556622584379,-3.51950757456721,-0.652775129385262,-0.0981730816527702,0
49.83,-1.44828009036078,-1.50316938506625,-1.16021580278269,-3.52439941694456,-0.654801092906187,-0.0978538995629249,0
49.84,-1.45032512649492,-1.50391005235712,-1.15482735145157,-3.52930004466202,-0.656836854492516,-0.0975348737151649,0
49.85,-1.45237998769394,-1.50467963663287,-1.14940044470166,-3.53420968699885,-0.658882445894808,-0.0972160074606538,0
49.86,-1.45444470526649,-1.50547833604929,-1.14393464289576,-3.53912858020516,-0.660937898518769,-0.09689730416022,0
49.87,-1.45651931016647,-1.5063063544825,-1.13842949345962,-3.54405696773786,-0.663003243415635,-0.0965787671840678,0
49.88,-1.45860383298335,-1.50716390175176,-1.13288453041236,-3.54899510050804,-0.665078511272476,-0.0962603999114854,0
49.89,-1.46069830393247,-1.50805119385284,-1.12729927387412,-3.55394323714034,-0.667163732402454,-0.095942205730542,0
49.9,-1.4628027528451,-1.50896845320246,-1.12167322955005,-3.55890164424512,-0.669258936734957,-0.095624188037786,0
49.91,-1.46491720915867,-1.50991590889449,-1.11600588818892,-3.56387059670411,-0.671364153805704,-0.09530635023793,0
49.92,-1.46704170190664,-1.51089379696871,-1.11029672501498,-3.5688503779704,-0.673479412746732,-0.0949886957435358,0
49.93,-1.46917625970857,-1.51190236069277,-1.10454519913121,-3.57384128038368,-0.675604742276342,-0.0946712279746903,0
49.94,-1.4713209107599,-1.51294185085826,-1.0987507528925,-3.57884360550157,-0.677740170688961,-0.0943539503586758,0
49.95,-1.47347568282183,-1.51401252609181,-1.09291281124658,-3.58385766444818,-0.679885725844943,-0.0940368663296358,0
49.96,-1.47564060321102,-1.51511465318205,-1.08703078104082,-3.58888377828088,-0.682041435160296,-0.0937199793282337,0
49.97,-1.47781569878926,-1.51624850742363,-1.0811040502926,-3.59392227837649,-0.684207325596358,-0.0934032928013062,0
49.98,-1.48000099595315,-1.51741437297921,-1.07513198742103,-3.59897350683815,-0.686383423649409,-0.0930868102015104,0
49.99,-1.48219652062359,-1.51861254326081,-1.06911394043728,-3.60403781692424,-0.688569755340217,-0.0927705349869669,0
50,-1.48440229823538,-1.51984332133169,-1.06304923609089,-3.6091155735008,-0.690766346203559,-0.0924544706208935,0
50.01,-1.48631808547266,-1.51986006864836,-1.06153176156304,-3.6108273203266,-0.692674175720592,-0.0921806886816909,1
50.02,-1.48759686931291,-1.51720901090519,-1.06996456827387,-3.60518461774364,-0.693947698733656,-0.0919996885587718,1
50.03,-1.48887358018643,-1.51459255673229,-1.07833605924062,-3.59956847944124,-0.695219155116152,-0.09181890660532,1
50.04,-1.49015157635098,-1.51201413707532,-1.08664323205758,-3.59397819416481,-0.696491907551119,-0.0916384937663627,1
50.05,-1.49143085373197,-1.50947313919651,-1.09488750118288,-3.58841296108143,-0.697765951938683,-0.0914584491822329,1
50.06,-1.49271140823191,-1.50696897592129,-1.10307022728259,-3.58287200758607,-0.699041284156148,-0.0912787719948129,1
50.07,-1.4939932357306,-1.50450108435262,-1.11119271998234,-3.57735458783568,-0.700317900058116,-0.0910994613475237,1
50.08,-1.49527633208515,-1.5020689246692,-1.11925624043935,-3.57185998137887,-0.701595795476573,-0.0909205163853199,1
50.09,-1.49656069313009,-1.4996719790012,-1.12726200374899,-3.56638749187372,-0.702874966220957,-0.0907419362546861,1
50.1,-1.49784631467743,-1.49730975037719,-1.13521118119909,-3.56093644588648,-0.704155408078244,-0.0905637201036312,1
50.11,-1.49913319251675,-1.49498176173691,-1.14310490238333,-3.55550619176544,-0.705437116813021,-0.0903858670816861,1
50.12,-1.5004213224153,-1.4926875550051,-1.1509442571844,-3.55009609858392,-0.706720088167578,-0.0902083763398971,1
50.13,-1.50171070011804,-1.49042669022163,-1.15873029763657,-3.5447055551476,-0.708004317861978,-0.0900312470308238,1
50.14,-1.50300132134774,-1.48819874472399,-1.16646403967655,-3.5393339690612,-0.709289801594149,-0.0898544783085337,1
50.15,-1.50429318180511,-1.48600331237821,-1.17414646479058,-3.53398076585039,-0.710576535039968,-0.0896780693285983,1
50.16,-1.50558627716881,-1.48384000285487,-1.18177852156533,-3.52864538813494,-0.711864513853343,-0.0895020192480893,1
50.17,-1.50688060309559,-1.48170844094703,-1.18936112714917,-3.52332729484952,-0.713153733666301,-0.0893263272255745,1
50.18,-1.50817615522036,-1.47960826592705,-1.19689516863023,-3.51802596050886,-0.714444190089078,-0.0891509924211138,1
50.19,-1.50947292915628,-1.47753913093972,-1.20438150433684,-3.51274087451406,-0.715735878710209,-0.0889760139962551,1
50.2,-1.51077092049486,-1.47550070242932,-1.2118209650656,-3.50747154049762,-0.717028795096614,-0.0888013911140308,1
50.21,-1.51207012480604,-1.47349265959806,-1.21921435524204,-3.50221747570421,-0.718322934793692,-0.0886271229389537,1
50.22,-1.51337053763828,-1.47151469389422,-1.22656245401823,-3.49697821040503,-0.719618293325414,-0.0884532086370136,1
50.23,-1.51467215451866,-1.46956650852764,-1.23386601631144,-3.4917532873436,-0.720914866194415,-0.0882796473756728,1
50.24,-1.51597497095299,-1.46764781801112,-1.24112577378773,-3.48654226121077,-0.722212648882084,-0.0881064383238641,1
50.25,-1.51874490938319,-1.46573240853435,-1.2472253957587,-3.48263277028323,-0.724971934189943,-0.0877398657243184,1
50.26,-1.52181285006586,-1.46383965686619,-1.2530700956974,-3.47898233121804,-0.728028152971325,-0.0873365114784667,1
50.27,-1.52489251690579,-1.46197441183728,-1.258879626643,-3.47533781527813,-0.731096133826571,-0.0869343878512015,1
50.28,-1.52798387792183,-1.46013656332229,-1.26465437677078,-3.47169894366013,-0.734175844764949,-0.086533494596565,1
50.29,-1.53108689975084,-1.45832600606744,-1.27039472359238,-3.46806544342156,-0.737267252412602,-0.0861338314257238,1
50.3,-1.53420154766253,-1.45654263952554,-1.27610103429669,-3.46443704730617,-0.740370322027277,-0.0857353980065436,1
50.31,-1.53732778555445,-1.45478636769142,-1.28177366607606,-3.46081349358289,-0.743485017493327,-0.0853381939632638,1
50.32,-1.5404655759474,-1.45305709894361,-1.28741296643896,-3.4571945258921,-0.746611301317088,-0.0849422188761836,1
50.33,-1.54361487998122,-1.451354745892,-1.29301927350963,-3.45357989309888,-0.749749134622691,-0.0845474722813567,1
50.34,-1.54677565741106,-1.44967922523116,-1.29859291631551,-3.4499693491529,-0.752898477148278,-0.0841539536702978,1
50.35,-1.54994786660397,-1.448030457599,-1.30413421506287,-3.44636265295456,-0.756059287242624,-0.0837616624897011,1
50.36,-1.553131464536,-1.44640836744059,-1.30964348140146,-3.44275956822714,-0.759231521862222,-0.0833705981411661,1
50.37,-1.55632640678971,-1.44481288287682,-1.31512101867847,-3.4391598633947,-0.762415136568757,-0.0829807599809407,1
50.38,-1.55953264755207,-1.44324393557763,-1.3205671221825,-3.43556331146525,-0.765610085527055,-0.0825921473196702,1
50.39,-1.5627501396129,-1.44170146063973,-1.32598207937797,-3.43196968991927,-0.768816321503452,-0.0822047594221617,1
50.4,-1.56597883436368,-1.44018539646841,-1.33136617013036,-3.42837878060297,-0.772033795864628,-0.0818185955071591,1
50.41,-1.56921868179682,-1.4386956846634,-1.3367196669228,-3.42479036962634,-0.775262458576887,-0.0814336547471303,1
50.42,-1.57246963050543,-1.43723226990848,-1.34204283506439,-3.42120424726565,-0.778502258205894,-0.0810499362680672,1
50.43,-1.57573162768354,-1.43579509986478,-1.34733593289056,-3.41762020787014,-0.781753141916882,-0.0806674391492979,1
50.44,-1.57900461912672,-1.43438412506743,-1.35259921195598,-3.41403804977287,-0.785015055475321,-0.0802861624233119,1
50.45,-1.5822885492333,-1.4329992988256,-1.35783291722027,-3.41045757520531,-0.788287943248061,-0.0799061050755971,1
50.46,-1.58558336100592,-1.43164057712561,-1.36303728722678,-3.40687859021581,-0.791571748204939,-0.0795272660444926,1
50.47,-1.5888889960537,-1.43030791853708,-1.3682125542749,-3.40330090459137,-0.794866411920899,-0.0791496442210495,1
50.48,-1.59220539459475,-1.42900128412196,-1.37335894458608,-3.39972433178302,-0.798171874578531,-0.0787732384489119,1
50.49,-1.59553249545929,-1.42772063734621,-1.37847667846387,-3.39614868883421,-0.801488074971156,-0.0783980475242046,1
50.5,-1.59889450263186,-1.42646957326278,-1.38353214845988,-3.3926058678204,-0.804839138307351,-0.0780213600240888,1
50.51,-1.60248393833223,-1.42527676148867,-1.38825908168398,-3.38934817433943,-0.808416967580507,-0.0776218617783707,1
50.52,-1.60608584521277,-1.42410996306212,-1.39295873981061,-3.38608977864528,-0.812007307292134,-0.0772237104118526,1
50.53,-1.60970014338809,-1.42296916571589,-1.39763128947272,-3.38283052699064,-0.815610077522963,-0.0768269048374628,1
50.54,-1.61332675107782,-1.42185435857568,-1.40227689288127,-3.37957026876653,-0.819225196456915,-0.07643144390125,1
50.55,-1.61696558462767,-1.42076553209686,-1.4068957079296,-3.37630885646153,-0.822852580402085,-0.0760373263826939,1
50.56,-1.62061655851728,-1.41970267799923,-1.41148788829589,-3.37304614562493,-0.826492143798584,-0.0756445509946097,1
50.57,-1.62427958536894,-1.41866578920335,-1.41605358354242,-3.36978199483141,-0.830143799227249,-0.0752531163830659,1
50.58,-1.62795457595703,-1.41765485976829,-1.42059293921162,-3.36651626564731,-0.833807457419091,-0.0748630211273306,1
50.59,-1.63164143921826,-1.41666988483096,-1.42510609691921,-3.36324882259848,-0.837483027265544,-0.0744742637398378,1
50.6,-1.63534008226271,-1.41571086054677,-1.42959319444437,-3.35997953313951,-0.84117041582949,-0.0740868426661767,1
50.61,-1.63905041038564,-1.41477778403163,-1.43405436581723,-3.35670826762435,-0.844869528357079,-0.0737007562851044,1
50.62,-1.64277232708011,-1.41387065330535,-1.43848974140361,-3.35343489927824,-0.848580268290315,-0.0733160029085804,1
50.63,-1.64650573405029,-1.41298946723621,-1.44289944798727,-3.35015930417088,-0.852302537280424,-0.0729325807818259,1
50.64,-1.65025053122565,-1.41213422548683,-1.44728360884972,-3.34688136119079,-0.85603623520202,-0.0725504880834017,1
50.65,-1.65400661677585,-1.41130492846118,-1.45164234384755,-3.3436009520208,-0.859781260167988,-0.0721697229253159,1
50.66,-1.65777388712644,-1.4105015772528,-1.45597576948768,-3.34031796111468,-0.863537508545196,-0.0717902833531469,1
50.67,-1.66155223697528,-1.40972417359407,-1.46028399900024,-3.33703227567464,-0.867304874970917,-0.071412167346195,1
50.68,-1.66534155930974,-1.40897271980664,-1.4645671424095,-3.33374378563002,-0.871083252370035,-0.0710353728176538,1
50.69,-1.66914174542461,-1.40824721875279,-1.46882530660265,-3.33045238361671,-0.874872531972984,-0.0706598976148057,1
50.7,-1.67295268494083,-1.40754767378799,-1.47305859539677,-3.32715796495763,-0.878672603334434,-0.0702857395192389,1
50.71,-1.67677426582486,-1.40687408871424,-1.47726710960383,-3.32386042764388,-0.882483354352705,-0.0699128962470885,1
50.72,-1.68060637440882,-1.40622646773457,-1.48145094709389,-3.32055967231686,-0.886304671289908,-0.0695413654492986,1
50.73,-1.68444889541133,-1.40560481540833,-1.48561020285669,-3.31725560225101,-0.890136438792801,-0.0691711447119073,1
50.74,-1.68830171195907,-1.40500913660749,-1.48974496906139,-3.31394812333734,-0.893978539914333,-0.0688022315563551,1
50.75,-1.69216470560905,-1.40443943647374,-1.49385533511487,-3.31063714406763,-0.897830856135925,-0.0684346234398113,1
50.76,-1.69573467771564,-1.40386466312765,-1.49819606238274,-3.30708122472115,-0.901391018958329,-0.0680969014870457,1
50.77,-1.69782817083992,-1.40316318013212,-1.50375653480253,-3.30234441668156,-0.903478785466252,-0.0678997396989161,1
50.78,-1.69992341411603,-1.40248618176529,-1.50929115175386,-3.29760835714409,-0.905568316196901,-0.0677030614786264,1
50.79,-1.70202038712024,-1.40183364415427,-1.51480010890694,-3.29287287594409,-0.907659590686568,-0.0675068654528715,1
50.8,-1.70411906943015,-1.40120554598978,-1.52028359690529,-3.28813780538355,-0.909752588472627,-0.0673111502473605,1
50.81,-1.70621944057348,-1.40060186844519,-1.52574180149236,-3.28340298018414,-0.911847289042605,-0.0671159144878355,1
50.82,-1.70832148002941,-1.40002259511926,-1.53117490362276,-3.27866823743328,-0.913943671835456,-0.0669211568000996,1
50.83,-1.71042516722978,-1.39946771198037,-1.53658307956976,-3.27393341653228,-0.916041716242845,-0.0667268758100455,1
50.84,-1.71253048156045,-1.39893720731242,-1.54196650102897,-3.26919835914677,-0.918141401610417,-0.0665330701436852,1
50.85,-1.71463740236251,-1.39843107166205,-1.54732533521875,-3.264462909159,-0.920242707239089,-0.0663397384271779,1
50.86,-1.71674590893362,-1.39794929778734,-1.55265974497708,-3.25972691262225,-0.922345612386332,-0.0661468792868593,1
50.87,-1.71885598052925,-1.39749188060778,-1.55796988885529,-3.25499021771703,-0.92445009626746,-0.0659544913492702,1
50.88,-1.72096759636402,-1.39705881715552,-1.56325592120868,-3.25025267470919,-0.926556138056917,-0.0657625732411867,1
50.89,-1.72308073561294,-1.39665010652783,-1.56851799228414,-3.24551413590983,-0.928663716889572,-0.065571123589648,1
50.9,-1.72519537741274,-1.39626574984066,-1.57375624830491,-3.24077445563685,-0.930772811862016,-0.0653801410219862,1
50.91,-1.72731150086315,-1.39590575018332,-1.57897083155259,-3.23603349017826,-0.932883402033841,-0.0651896241658562,1
50.92,-1.72942908502819,-1.3955701125742,-1.58416188044655,-3.23129109775705,-0.934995466428966,-0.0649995716492631,1
50.93,-1.73154810893747,-1.39525884391744,-1.58932952962062,-3.22654713849768,-0.9371089840369,-0.0648099821005942,1
50.94,-1.73366855158752,-1.39497195296051,-1.5944739099976,-3.22180147439402,-0.939223933814071,-0.0646208541486454,1
50.95,-1.73579039194302,-1.39470945025277,-1.59959514886109,-3.21705396927887,-0.941340294685105,-0.0644321864226534,1
50.96,-1.73791360893817,-1.39447134810475,-1.60469336992534,-3.21230448879478,-0.943458045544133,-0.0642439775523233,1
50.97,-1.74003818147793,-1.39425766054833,-1.60976869340268,-3.20755290036643,-0.945577165256096,-0.0640562261678585,1
50.98,-1.74216408843939,-1.39406840329758,-1.61482123606901,-3.20279907317424,-0.947697632658036,-0.0638689308999905,1
50.99,-1.74429130867298,-1.39390359371036,-1.61985111132711,-3.19804287812932,-0.949819426560404,-0.0636820903800083,1
51,-1.74641982100385,-1.39376325075063,-1.62485842926816,-3.19328418784976,-0.951942525748359,-0.0634957032397872,1
51.01,-1.74854960423313,-1.3936473949513,-1.62984329673119,-3.18852287663815,-0.95406690898306,-0.0633097681118195,1
51.02,-1.75068063713921,-1.39355604837775,-1.63480581736086,-3.18375882046023,-0.956192555002979,-0.0631242836292428,1
51.03,-1.75254862831347,-1.39373697418276,-1.63215298763946,-3.18632433829609,-0.95805583131581,-0.0629619383950869,1
51.04,-1.75433905324767,-1.39403253402616,-1.62704014349912,-3.19123040636131,-0.959841760878703,-0.0628071497611249,1
51.05,-1.75613151420534,-1.39434785105237,-1.62190899679268,-3.19613491792523,-0.961629726431296,-0.0626523597475717,1
51.06,-1.75792756647576,-1.39468760931045,-1.6167553158058,-3.20103725148785,-0.963421285538973,-0.0624976464591249,1
51.07,-1.75972720197068,-1.39505178819871,-1.6115789805839,-3.2059375467642,-0.965216430130087,-0.062343010470058,1
51.08,-1.76153041246178,-1.39544036890855,-1.60637986769788,-3.21083594515586,-0.967015151992855,-0.0621884523522288,1
51.09,-1.76333718958077,-1.39585333446269,-1.60115785017849,-3.21573258977833,-0.96881744277544,-0.0620339726750315,1
51.1,-1.76514752481927,-1.39629066975424,-1.5959127974486,-3.22062762548983,-0.970623293985872,-0.0618795720053636,1
51.11,-1.76696140952885,-1.39675236158652,-1.59064457525311,-3.22552119892159,-0.972432696992007,-0.0617252509075911,1
51.12,-1.76877883492087,-1.39723839871367,-1.58535304558668,-3.2304134585095,-0.974245643021466,-0.0615710099435175,1
51.13,-1.77059979206654,-1.39774877188233,-1.580038066619,-3.2353045545273,-0.97606212316162,-0.0614168496723484,1
51.14,-1.77125406316764,-1.39818953508982,-1.57491928085774,-3.24001357320286,-0.976714787653269,-0.0613615279348751,1
51.15,-1.7679525487458,-1.39833730041557,-1.57052084203716,-3.24410736721196,-0.97342139200143,-0.0616410878963094,1
51.16,-1.76465529278111,-1.39851037985986,-1.56609897977653,-3.2481980352774,-0.97013228005944,-0.0619215158769297,1
51.17,-1.76136237490373,-1.398708758155,-1.56165363033967,-3.25228562407089,-0.966847532249306,-0.0622028390934312,1
51.18,-1.75807387407925,-1.39893243154984,-1.5571847073394,-3.25637022000199,-0.9635672276202,-0.0624850603969031,1
51.19,-1.75478986893734,-1.39918139702379,-1.55269212157148,-3.26045191159937,-0.960291444884871,-0.0627681826212029,1
51.2,-1.7515104377597,-1.39945565232435,-1.54817578096041,-3.26453078952789,-0.957020262407571,-0.0630522085825917,1
51.21,-1.748235658468,-1.39975519600532,-1.54363559050372,-3.26860694660663,-0.953753758192052,-0.0633371410794424,1
51.22,-1.74496560861201,-1.40008002746553,-1.53907145221458,-3.2726804778279,-0.950492009869615,-0.0636229828919547,1
51.23,-1.74170036535774,-1.4004301469883,-1.53448326506292,-3.27675148037718,-0.947235094687285,-0.0639097367818691,1
51.24,-1.73844000547566,-1.40080555578161,-1.52987092491466,-3.28082005365411,-0.943983089496009,-0.0641974054921872,1
51.25,-1.73518460532902,-1.40120625601888,-1.52523432446929,-3.28488629929447,-0.940736070738988,-0.0644859917468943,1
51.26,-1.73193424086228,-1.40163225088067,-1.52057335319561,-3.28895032119333,-0.937494114440067,-0.0647754982506857,1
51.27,-1.72868898758963,-1.402083544597,-1.51588789726543,-3.29301222552922,-0.934257296192257,-0.0650659276886954,1
51.28,-1.72544892058353,-1.40256014249064,-1.51117783948544,-3.29707212078954,-0.931025691146298,-0.0653572827262323,1
51.29,-1.72221411446351,-1.40306205102114,-1.50644305922689,-3.30113011779713,-0.927799373999413,-0.0656495660085137,1
51.3,-1.71898464338494,-1.40358927782988,-1.50168343235318,-3.30518632973808,-0.924578418984068,-0.0659427801604114,1
51.31,-1.71576058102797,-1.40414183178594,-1.49689883114524,-3.30924087219086,-0.921362899856951,-0.0662369277861926,1
51.32,-1.7125420005866,-1.40471972303306,-1.49208912422446,-3.31329386315671,-0.918152889887981,-0.0665320114692727,1
51.33,-1.70932897475782,-1.40532296303755,-1.48725417647337,-3.31734542309153,-0.914948461849492,-0.0668280337719676,1
51.34,-1.70612157573097,-1.40595156463732,-1.48239384895367,-3.32139567493906,-0.911749688005523,-0.0671249972352528,1
51.35,-1.7029198751771,-1.40660554209202,-1.47750799882177,-3.32544474416568,-0.90855664010124,-0.0674229043785261,1
51.36,-1.6997239442386,-1.40728491113434,-1.47259647924144,-3.32949275879662,-0.905369389352505,-0.0677217576993738,1
51.37,-1.69653385351886,-1.40798968902258,-1.46765913929381,-3.33353984945392,-0.902188006435562,-0.0680215596733444,1
51.38,-1.69334967307215,-1.40871989459442,-1.4626958238843,-3.33758614939587,-0.899012561476891,-0.0683223127537236,1
51.39,-1.69017147239357,-1.40947554832211,-1.45770637364651,-3.34163179455837,-0.895843124043175,-0.0686240193713182,1
51.4,-1.68699932040925,-1.410256672369,-1.45269062484293,-3.3456769235979,-0.892679763131465,-0.0689266819342396,1
51.41,-1.6838332854666,-1.41106329064762,-1.44764840926232,-3.34972167793645,-0.889522547159448,-0.0692303028276984,1
51.42,-1.68067343532481,-1.41189542887914,-1.44257955411356,-3.35376620180839,-0.886371543955908,-0.0695348844137993,1
51.43,-1.6775198371454,-1.41275311465458,-1.43748388191596,-3.35781064230931,-0.883226820751333,-0.0698404290313438,1
51.44,-1.67672107436757,-1.41374906893914,-1.4313606439248,-3.36288862665034,-0.882430313165956,-0.0699180696707844,1
51.45,-1.67630934307948,-1.41478838222432,-1.42504292361543,-3.36814159278877,-0.88201974510494,-0.0699581166374289,1
51.46,-1.67589736067897,-1.41585250854732,-1.41869501509952,-3.37339988866482,-0.881608927428398,-0.0699982151076531,1
51.47,-1.67548512744678,-1.41694151951741,-1.41231660822344,-3.37866370780295,-0.881197861603631,-0.0700384058503896,1
51.48,-1.67507264219595,-1.41805554730336,-1.40590728689334,-3.38393342383287,-0.880786544081605,-0.0700786076844837,1
51.49,-1.67465990520697,-1.41919467306861,-1.39946672266794,-3.38920923902699,-0.880374976328025,-0.0701188613556501,1
51.5,-1.67424691676472,-1.42035898249389,-1.39299457825516,-3.39449135963478,-0.879963159824109,-0.0701592079684922,1
51.51,-1.67383367567317,-1.42154862324558,-1.38649040794296,-3.39978017408747,-0.879551090992292,-0.0701995656736352,1
51.52,-1.67342018221641,-1.4227636913673,-1.37995385441172,-3.40507589831377,-0.87913877131164,-0.0702399755522754,1
51.53,-1.67300643668294,-1.42400428783856,-1.37338455059239,-3.41037875269592,-0.878726202276881,-0.0702804790481106,1
51.54,-1.67259243786756,-1.42527057713385,-1.36678201832386,-3.41568914199379,-0.878313380281624,-0.070320993636844,1
51.55,-1.67217818605801,-1.4265626715159,-1.36014586852403,-3.42100729733423,-0.877900306818445,-0.0703615607385197,1
51.56,-1.67176368154645,-1.42788068866022,-1.35347570133706,-3.42633345484146,-0.877486983395712,-0.0704022221393413,1
51.57,-1.67134892311843,-1.42922481133988,-1.34677100293478,-3.43166803733824,-0.877073406377931,-0.070442894633305,1
51.58,-1.67093391106538,-1.4305951695628,-1.34003134918576,-3.43701129290694,-0.87665957727132,-0.0704836199827111,1
51.59,-1.67051864568315,-1.43199189929504,-1.33325630401332,-3.44236347524981,-0.876245497598039,-0.0705244403197209,1
51.6,-1.67010312574796,-1.43341520330968,-1.32644531425129,-3.44772502722891,-0.87583116369319,-0.0705652717497574,1
51.61,-1.66804035166752,-1.43456121011896,-1.32120490649525,-3.45168913830735,-0.873774292073235,-0.0707684748546606,1
51.62,-1.66330973941351,-1.43523960386144,-1.31855158432324,-3.45336238535934,-0.869057292400818,-0.0712371093524186,1
51.63,-1.65859807985929,-1.43594535368151,-1.31587342455565,-3.45503023034448,-0.864359299375946,-0.0717075956381744,1
51.64,-1.65390557003372,-1.4366784454619,-1.31317036762991,-3.45669274698419,-0.859680510042369,-0.0721799341315561,1
51.65,-1.6492324020339,-1.43743886364175,-1.31044235222855,-3.45835001249829,-0.855021116507338,-0.0726541250641186,1
51.66,-1.64457876313006,-1.43822659129249,-1.30768931527679,-3.46000210753221,-0.850381306045919,-0.0731301684824256,1
51.67,-1.63994483572892,-1.43904161016149,-1.30491119190133,-3.46164911615366,-0.845761261064337,-0.0736080642485074,1
51.68,-1.63533079734047,-1.43988390071707,-1.30210791538822,-3.46329112584857,-0.841161159066784,-0.0740878120404076,1
51.69,-1.63073682054797,-1.44075344219517,-1.29927941713973,-3.46492822751644,-0.836581172625477,-0.0745694113528418,1
51.7,-1.62616307298157,-1.44165021264733,-1.29642562663011,-3.46656051546515,-0.832021469354202,-0.0750528614979376,1
51.71,-1.62160971729498,-1.44257418899023,-1.29354647136032,-3.46818808740512,-0.827482211885126,-0.0755381616060845,1
51.72,-1.61779462953285,-1.44344353954573,-1.29078246576391,-3.46980488271592,-0.823679027512641,-0.0759479046888064,1
51.73,-1.6224215544583,-1.44338040278859,-1.28964333144397,-3.47134374289988,-0.82829152680917,-0.0754513395285426,1
51.74,-1.62707263062024,-1.44334449622435,-1.28848079097044,-3.47287598986058,-0.83292822479553,-0.0749564012757901,1
51.75,-1.63174771538888,-1.44333586912995,-1.28729480988302,-3.47440159999261,-0.837588979008535,-0.0744630958003843,1
51.76,-1.63644665970353,-1.44335456847329,-1.28608535288954,-3.47592055316167,-0.842273640548456,-0.0739714287675731,1
51.77,-1.64116930817619,-1.44340063890718,-1.28485238390634,-3.47743283267747,-0.846982054182332,-0.0734814056365997,1
51.78,-1.645915499091,-1.44347412275653,-1.28359586604596,-3.47893842532305,-0.851714058343302,-0.0729930316580999,1
51.79,-1.650685064408,-1.44357506000711,-1.28231576160459,-3.48043732138246,-0.85646948513432,-0.0725063118716237,1
51.8,-1.65547782977159,-1.44370348829607,-1.28101203204905,-3.48192951466701,-0.861248160336511,-0.072021251103259,1
51.81,-1.66029361452343,-1.44385944290417,-1.27968463800354,-3.48341500253991,-0.866049903422042,-0.0715378539633806,1
51.82,-1.66513223172004,-1.44404295674967,-1.2783335392359,-3.4848937859394,-0.870874527571647,-0.0710561248445179,1
51.83,-1.66999348815505,-1.44425406038414,-1.27695869464361,-3.48636586940021,-0.875721839696806,-0.0705760679193451,1
51.84,-1.67487718438609,-1.4444927819899,-1.27556006223929,-3.48783126107348,-0.880591640466609,-0.0700976871387989,1
51.85,-1.67978311476645,-1.44475914737941,-1.27413759913588,-3.48928997274497,-0.885483724339334,-0.0696209862303251,1
51.86,-1.68471106748142,-1.44505317999645,-1.27269126153138,-3.49074201985171,-0.890397879598763,-0.0691459686962531,1
51.87,-1.68966082458936,-1.44537490091912,-1.27122100469313,-3.49218742149694,-0.895333888395185,-0.0686726378123092,1
51.88,-1.6946321620675,-1.44572432886478,-1.26972678294174,-3.4936262004634,-0.900291526791193,-0.0682009966262593,1
51.89,-1.69962484986246,-1.44610148019685,-1.26820854963453,-3.49505838322497,-0.905270564812149,-0.0677310479566926,1
51.9,-1.70463865194552,-1.44650636893352,-1.26666625714845,-3.4964839999566,-0.910270766501406,-0.0672627943919409,1
51.91,-1.70967332637249,-1.44693900675833,-1.26509985686264,-3.49790308454264,-0.915291889980179,-0.0667962382891411,1
51.92,-1.71472862534832,-1.44739940303275,-1.26350929914043,-3.49931567458342,-0.920333687512108,-0.0663313817734355,1
51.93,-1.71980429529628,-1.44788756481064,-1.26189453331086,-3.50072181140023,-0.925395905572435,-0.0658682267373161,1
51.94,-1.7249000769317,-1.4484034968546,-1.26025550764972,-3.50212154003866,-0.930478284921756,-0.0654067748401122,1
51.95,-1.73001570534036,-1.44894720165435,-1.25859216935994,-3.50351490927022,-0.935580560684316,-0.0649470275076195,1
51.96,-1.73515091006116,-1.44951867944696,-1.25690446455162,-3.50490197159243,-0.940702462430755,-0.0644889859318772,1
51.97,-1.74030541517334,-1.45011792823904,-1.25519233822136,-3.50628278322726,-0.945843714265321,-0.064032651071082,1
51.98,-1.74547893938801,-1.45074494383087,-1.25345573423104,-3.507657404118,-0.951004034917321,-0.0635780236496558,1
51.99,-1.75067119614384,-1.45139971984239,-1.25169459528606,-3.50902589792457,-0.956183137836933,-0.0631251041584484,1
52,-1.75588189370707,-1.4520822477412,-1.24990886291288,-3.51038833201725,-0.961380731295124,-0.0626738928550891,1
52.01,-1.76111073527547,-1.45279251687235,-1.24809847743604,-3.51174477746904,-0.966596518487682,-0.0622243897644786,1
52.02,-1.76635741908629,-1.4535305144901,-1.24626337795442,-3.51309530904639,-0.971830197643186,-0.0617765946794252,1
52.03,-1.77162203058666,-1.45348341216543,-1.24777043873722,-3.51188590092475,-0.977081853231865,-0.0613304740551815,1
52.04,-1.77690158374519,-1.45341456607894,-1.24945708837058,-3.51051564490634,-0.982348505733457,-0.060886252180399,1
52.05,-1.78219566451896,-1.45337322913536,-1.25111917825125,-3.50913943918011,-0.987629741196501,-0.0604439322998448,1
52.06,-1.78750394692201,-1.45335936304856,-1.25275674164101,-3.50775729597254,-0.992925233494804,-0.0600035096771451,1
52.07,-1.79282610161767,-1.45337292746704,-1.25436981078178,-3.50636923091452,-0.998234653145868,-0.0595649793807692,1
52.08,-1.79816179605248,-1.45341387997761,-1.25595841692126,-3.50497526300813,-1.00355766744482,-0.0591283362863394,1
52.09,-1.80351069459137,-1.45348217611076,-1.2575225903349,-3.50357541459535,-1.00889394059973,-0.0586935750791877,1
52.1,-1.80887245865481,-1.45357776934751,-1.25906236034732,-3.50216971132557,-1.01424313386877,-0.0582606902570061,1
52.11,-1.81424674685765,-1.45370061112778,-1.26057775535317,-3.500758182122,-1.01960490569917,-0.0578296761325874,1
52.12,-1.81963321514964,-1.45385065086028,-1.26206880283759,-3.49934085914691,-1.02497891186782,-0.0574005268366521,1
52.13,-1.82503151695731,-1.45402783593382,-1.26353552939601,-3.49791777776579,-1.03036480562323,-0.0569732363207612,1
52.14,-1.83044130332726,-1.45423211173008,-1.26497796075364,-3.49648897651046,-1.03576223782889,-0.0565477983603024,1
52.15,-1.83586222307051,-1.4544634216377,-1.26639612178434,-3.49505449704114,-1.04117085710775,-0.0561242065575623,1
52.16,-1.83593309912836,-1.45440460949334,-1.266680851905,-3.49483136816857,-1.04124157285398,-0.0561186858773489,1
52.17,-1.83042399213047,-1.45404210403723,-1.26578468048593,-3.49587157254751,-1.03574496603855,-0.0565491553983076,1
52.18,-1.82492675215077,-1.45370658606755,-1.26486471958718,-3.49690558413003,-1.03026028085332,-0.0569815023855671,1
52.19,-1.81944174748397,-1.45339813758493,-1.26392092420507,-3.49793335591966,-1.02478788578087,-0.0574157332258752,1
52.2,-1.81396934400831,-1.45311681290268,-1.26295328390945,-3.49895483463524,-1.01932814687482,-0.0578518538758259,1
52.21,-1.80850990489907,-1.4528626640744,-1.26196178764674,-3.49996997019638,-1.01388142748029,-0.0582898700977087,1
52.22,-1.80306379047338,-1.45263574087316,-1.26094642372787,-3.50097871576114,-1.00844808807852,-0.0587297874563979,1
52.23,-1.79763135803648,-1.45243609077226,-1.25990717981593,-3.50198102776248,-1.0030284861331,-0.0591716113163353,1
52.24,-1.79221296172991,-1.4522637589275,-1.2588440429135,-3.50297686594341,-0.997622975938053,-0.0596153468386113,1
52.25,-1.78680895238155,-1.45211878816096,-1.25775699934953,-3.50396619339069,-0.992231908467791,-0.0600609989781518,1
52.26,-1.78141967735783,-1.45200121894646,-1.2566460347659,-3.50494897656717,-0.986855631229277,-0.0605085724810027,1
52.27,-1.77604548041823,-1.4519110893966,-1.25551113410359,-3.50592518534271,-0.981494488116394,-0.060958071881732,1
52.28,-1.77068670157217,-1.45184843525152,-1.2543522815885,-3.50689479302356,-0.976148819266818,-0.0614095015009378,1
52.29,-1.76534367693855,-1.45181328986929,-1.2531694607168,-3.50785777638035,-0.970818960921458,-0.0618628654428761,1
52.3,-1.76004361378592,-1.45163902595539,-1.25266526124996,-3.50827947870444,-0.965532053510483,-0.0623158621464291,1
52.31,-1.75485693320184,-1.45089624077835,-1.25464998882541,-3.50678252244021,-0.960358340858654,-0.0627623878987768,1
52.32,-1.74968832493579,-1.45018120946864,-1.25660987835259,-3.50527979921255,-0.955202749176851,-0.0632105848185525,1
52.33,-1.74453807765065,-1.44949394062984,-1.25854499483851,-3.5037712350248,-0.950065567122781,-0.0636604526335943,1
52.34,-1.73940647500073,-1.44883444085885,-1.26045540195687,-3.50225675958846,-0.94494707833898,-0.0641119908458225,1
52.35,-1.73429379554524,-1.44820271471661,-1.26234116208187,-3.50073630632032,-0.939847561366292,-0.0645651987298073,1
52.36,-1.72920031265352,-1.44759876469863,-1.2642023363139,-3.49920981234673,-0.934767289549119,-0.0650200753325318,1
52.37,-1.72412629441434,-1.44702259120746,-1.26603898450456,-3.49767721850646,-0.92970653094473,-0.0654766194732943,1
52.38,-1.71907200354937,-1.44647419252699,-1.26785116528097,-3.49613846935209,-0.924665548236692,-0.0659348297437502,1
52.39,-1.7140376973308,-1.44595356479868,-1.26963893606951,-3.49459351314995,-0.919644598652527,-0.0663947045080912,1
52.4,-1.70902362750325,-1.44546070199967,-1.27140235311886,-3.49304230187853,-0.914643933885645,-0.0668562419033646,1
52.41,-1.70403004021008,-1.44499559592282,-1.27314147152249,-3.4914847912254,-0.909663800021617,-0.0673194398399281,1
52.42,-1.69905717592395,-1.4445582361586,-1.27485634524053,-3.48992094058255,-0.904704437468794,-0.0677842960020482,1
52.43,-1.69410526938196,-1.44414861007889,-1.27654702712103,-3.48835071304029,-0.899766080893451,-0.0682508078486267,1
52.44,-1.6891745495251,-1.44376670282272,-1.27821356892076,-3.48677407537947,-0.894848959159281,-0.0687189726140737,1
52.45,-1.68426523944238,-1.44341249728381,-1.27985602132541,-3.4851909980622,-0.889953295271512,-0.0691887873093054,1
52.46,-1.67937755631928,-1.44308597410005,-1.28147443396922,-3.48360145522102,-0.885079306325446,-0.0696602487228852,1
52.47,-1.67451171139092,-1.4427871116448,-1.28306885545419,-3.48200542464643,-0.880227203459618,-0.0701333534222904,1
52.48,-1.66966790989967,-1.44251588602007,-1.28463933336875,-3.48040288777295,-0.875397191813461,-0.0706080977553128,1
52.49,-1.66484635105733,-1.44227227105153,-1.28618591430598,-3.47879382966349,-0.870589470489557,-0.0710844778515876,1
52.5,-1.66004722801192,-1.44205623828531,-1.28770864388125,-3.47717823899229,-0.86580423252042,-0.0715624896242493,1
52.51,-1.6552707278189,-1.44186775698663,-1.28920756674959,-3.4755561080262,-0.86104166483984,-0.0720421287717126,1
52.52,-1.65051703141708,-1.44170679414023,-1.29068272662247,-3.47392743260453,-0.856301948258758,-0.0725233907795736,1
52.53,-1.6457863136088,-1.44157331445247,-1.29213416628421,-3.47229221211723,-0.851585257445597,-0.0730062709226373,1
52.54,-1.64107874304483,-1.44146728035528,-1.29356192760795,-3.47065044948173,-0.84689176091116,-0.0734907642670525,1
52.55,-1.63639448221351,-1.44138865201171,-1.29496605157124,-3.46900215111818,-0.842221620997865,-0.0739768656725712,1
52.56,-1.63173368743441,-1.44133738732323,-1.29634657827124,-3.46734732692322,-0.837574993873445,-0.0744645697949134,1
52.57,-1.62709650885624,-1.44131344193867,-1.29770354693946,-3.46568599024238,-0.832952029528976,-0.0749538710882425,1
52.58,-1.62248309045914,-1.44131676926473,-1.29903699595623,-3.464018157841,-0.828352871781195,-0.0754447638077462,1
52.59,-1.62198686458033,-1.44071118111274,-1.30197350596438,-3.46165138725929,-0.827858186270607,-0.0754977873830534,1
52.6,-1.6258629442129,-1.43946425270659,-1.30660155193658,-3.45854908980589,-0.831722266250223,-0.0750847256487106,1
52.61,-1.62975230776524,-1.43824174017329,-1.31120397643191,-3.45544583486511,-0.835599673112444,-0.0746731383671967,1
52.62,-1.63365508894364,-1.43704633110771,-1.31577731865395,-3.45234238827622,-0.839490540470877,-0.0742630223860922,1
52.63,-1.63757117768675,-1.43587799276283,-1.3203217708292,-3.44923859181748,-0.843394758218579,-0.0738543762179905,1
52.64,-1.64150046162888,-1.43473669379635,-1.32483752015501,-3.44613429103397,-0.84731221394179,-0.0734471982887487,1
52.65,-1.64544282611699,-1.43362240419279,-1.32932474892978,-3.44302933518548,-0.851242792936894,-0.073041486937486,1
52.66,-1.64939815422848,-1.43253509518773,-1.33378363467861,-3.43992357719662,-0.855186378228237,-0.0726372404166339,1
52.67,-1.65336632679013,-1.43147473919423,-1.33821435027478,-3.43681687360892,-0.859142850587049,-0.07223445689202,1
52.68,-1.65734722239812,-1.43044130973135,-1.34261706405727,-3.43370908453477,-0.86311208855147,-0.0718331344429838,1
52.69,-1.66134071743911,-1.42943478135471,-1.3469919399444,-3.43060007361316,-0.867093968447659,-0.0714332710625279,1
52.7,-1.66534668611249,-1.4284551295889,-1.35133913754382,-3.427489707967,-0.871088364412002,-0.0710348646574995,1
52.71,-1.66800479910668,-1.42724517002976,-1.35713224866671,-3.42307558416098,-0.873738841414378,-0.0707719830119849,1
52.72,-1.67043667125835,-1.42601796049984,-1.36314298900809,-3.41844557273675,-0.876163757171032,-0.0705324961560742,1
52.73,-1.67287175962321,-1.42481687205215,-1.36912205066891,-3.4138202563874,-0.878591908088526,-0.0702936602267691,1
52.74,-1.6753100326856,-1.42364180980449,-1.37506976247572,-3.40919940322324,-0.881023262599879,-0.0700554734744645,1
52.75,-1.67775145877104,-1.42249268303851,-1.38098644463989,-3.40458278581613,-0.88345778897913,-0.0698179341449128,1
52.76,-1.68019600604137,-1.42136940507357,-1.38687240901626,-3.39997018106666,-0.885895455336533,-0.0695810404795465,1
52.77,-1.68264364249748,-1.42027189315014,-1.39272795934356,-3.3953613700802,-0.888336229621262,-0.0693447907155437,1
52.78,-1.68509433598205,-1.41920006831746,-1.39855339147547,-3.39075613804817,-0.890780079624163,-0.069109183085892,1
52.79,-1.68754805418226,-1.41815385532541,-1.40434899360248,-3.38615427413409,-0.893226972980483,-0.0688742158194576,1
52.8,-1.69000476463264,-1.41713318252013,-1.41011504646541,-3.38155557136442,-0.895676877172675,-0.06863988714105,1
52.81,-1.69246443471778,-1.41613798174354,-1.41585182356053,-3.37695982652384,-0.898129759533182,-0.068406195271491,1
52.82,-1.69492703167524,-1.41516818823622,-1.42155959133698,-3.37236684005477,-0.900585587247264,-0.0681731384276829,1
52.83,-1.69739252259829,-1.41422374054377,-1.4272386093867,-3.36777641596099,-0.90304432735583,-0.0679407148226776,1
52.84,-1.69986087443887,-1.41330458042636,-1.43288913062726,-3.36318836171527,-0.905505946758313,-0.0677089226657457,1
52.85,-1.70233205401038,-1.4124106527713,-1.4385114014778,-3.35860248817058,-0.907970412215534,-0.0674777601624472,1
52.86,-1.70480602799063,-1.41154190550852,-1.44410566202863,-3.35401860947502,-0.910437690352607,-0.0672472255147021,1
52.87,-1.70728276292473,-1.41069828952892,-1.44967214620447,-3.34943654299013,-0.912907747661854,-0.0670173169208613,1
52.88,-1.70976222522803,-1.40987975860522,-1.45521108192177,-3.34485610921251,-0.915380550505724,-0.0667880325757796,1
52.89,-1.71224438118906,-1.40908626931543,-1.46072269124046,-3.34027713169858,-0.917856065119764,-0.066559370670886,1
52.9,-1.71472919697246,-1.4083177809687,-1.46620719051013,-3.33569943699244,-0.920334257615553,-0.0663313293942592,1
52.91,-1.71721663862201,-1.40757425553346,-1.47166479051104,-3.33112285455653,-0.922815093983705,-0.0661039069306984,1
52.92,-1.7197066720636,-1.40685565756773,-1.47709569659021,-3.32654721670521,-0.925298540096843,-0.0658771014617985,1
52.93,-1.72219926310822,-1.40616195415155,-1.48250010879264,-3.32197235854094,-0.927784561712612,-0.0656509111660243,1
52.94,-1.72469437745496,-1.40549311482136,-1.48787822198802,-3.31739811789307,-0.930273124476697,-0.0654253342187846,1
52.95,-1.72717522169876,-1.40484735569047,-1.49324039670398,-3.31281502290837,-0.932747478691812,-0.0652018755447889,1
52.96,-1.72964994139594,-1.40422550109485,-1.49858179809281,-3.30822754017735,-0.935215748097623,-0.0649797840036868,1
52.97,-1.73212700610819,-1.40362841672215,-1.50389743582604,-3.30364025511756,-0.93768637991742,-0.0647582904764622,1
52.98,-1.73460638216377,-1.40305608098903,-1.50918748668673,-3.2990530147567,-0.940159340426595,-0.0645373931565543,1
52.99,-1.7370880358006,-1.40250847449375,-1.51445212282356,-3.29446566858213,-0.942634595810134,-0.0643170902350214,1
53,-1.739571933169,-1.40198557996034,-1.5196915118547,-3.28987806849272,-0.945112112165348,-0.0640973799006208,1
53.01,-1.74205804033457,-1.4014873821843,-1.52490581696815,-3.28529006875268,-0.947591855504773,-0.063878260339885,1
53.02,-1.74454632328113,-1.40101386797962,-1.53009519701888,-3.28070152594731,-0.950073791759127,-0.0636597297371928,1
53.03,-1.7470367479137,-1.4005650261272,-1.53525980662261,-3.27611229894063,-0.952557886780247,-0.0634417862748435,1
53.04,-1.74952928006142,-1.40014084732442,-1.54039979624669,-3.27152224883487,-0.955044106344033,-0.0632244281331308,1
53.05,-1.75202388548047,-1.39974132413602,-1.54551531229795,-3.26693123893163,-0.957532416153399,-0.0630076534904172,1
53.06,-1.75452052985709,-1.399366450946,-1.55060649720774,-3.26233913469478,-0.960022781841243,-0.0627914605232065,1
53.07,-1.75701917881047,-1.39901622391066,-1.55567348951421,-3.25774580371501,-0.962515168973378,-0.0625758474062208,1
53.08,-1.75951979789576,-1.39869064091268,-1.56071642394211,-3.2531511156759,-0.965009543051531,-0.0623608123124717,1
53.09,-1.762022352607,-1.39838970151612,-1.56573543147989,-3.24855494232165,-0.967505869516268,-0.0621463534133384,1
53.1,-1.7645268083801,-1.39811340692242,-1.57073063945453,-3.24395715742614,-0.970004113749992,-0.0619324688786392,1
53.11,-1.76703313059579,-1.39786175992722,-1.57570217160397,-3.23935763676357,-0.972504241079884,-0.0617191568767091,1
53.12,-1.7695412845826,-1.39763476487809,-1.58065014814732,-3.23475625808041,-0.975006216780887,-0.0615064155744726,1
53.13,-1.77205123561981,-1.39743242763297,-1.58557468585291,-3.23015290106876,-0.97751000607866,-0.0612942431375201,1
53.14,-1.77456294894043,-1.39725475551946,-1.59047589810428,-3.22554744734098,-0.980015574152548,-0.0610826377301822,1
53.15,-1.77707638973412,-1.39710175729472,-1.59535389496415,-3.22093978040565,-0.982522886138542,-0.0608715975156052,1
53.16,-1.77959152315021,-1.3969734431062,-1.60020878323645,-3.21632978564477,-0.985031907132238,-0.0606611206558263,1
53.17,-1.78210831430059,-1.39686982445285,-1.60504066652659,-3.21171735029209,-0.987542602191805,-0.060451205311848,1
53.18,-1.78462672826271,-1.39679091414706,-1.60984964529981,-3.20710236341273,-0.99005493634092,-0.0602418496437146,1
53.19,-1.7830367453901,-1.39661232600096,-1.61086990009258,-3.20618829934139,-0.988468785571266,-0.0603738066754259,1
53.2,-1.77813727942386,-1.39636441246847,-1.60882041785509,-3.20825987688359,-0.983581195100889,-0.0607827321491165,1
53.21,-1.77324912494921,-1.39614213957849,-1.60674979379406,-3.21032450361167,-0.978704962022869,-0.0611932350867024,1
53.22,-1.7683733713449,-1.39594712995218,-1.60465668197149,-3.2123817719149,-0.973841177822762,-0.0616053878120347,1
53.23,-1.76351027087386,-1.39577939181912,-1.60254108745554,-3.21443166271036,-0.968990094881266,-0.0620191943050389,1
53.24,-1.75866007314657,-1.39563893108807,-1.60040301480305,-3.21647415997743,-0.964151962922646,-0.0624346584078581,1
53.25,-1.75382302503758,-1.39552575135713,-1.59824246804267,-3.21850925076664,-0.959327028931254,-0.0628517838234597,1
53.26,-1.74899937060388,-1.39543985392523,-1.59605945065776,-3.22053692520737,-0.954515537069815,-0.063270574114305,1
53.27,-1.74418935100496,-1.39538123780488,-1.59385396556909,-3.22255717651433,-0.94971772859947,-0.0636910327010798,1
53.28,-1.73939320442457,-1.39534989973617,-1.59162601511732,-3.2245700009929,-0.944933841801503,-0.0641131628615002,1
53.29,-1.73461116599445,-1.39534583420201,-1.58937560104532,-3.22657539804329,-0.94016411190105,-0.0645369677291739,1
53.3,-1.72984346771988,-1.39536903344472,-1.58710272448025,-3.2285733701635,-0.935408770992598,-0.064962450292541,1
53.31,-1.72683943053625,-1.39562099631078,-1.58259933842444,-3.23266444976501,-0.932412564580394,-0.0652320734227361,1
53.32,-1.72409290895781,-1.39592713275103,-1.57775275686195,-3.23705710120668,-0.929673233063901,-0.065479634768532,1
53.33,-1.72134976855953,-1.39625807873215,-1.57288279387556,-3.24144735737645,-0.926937303318261,-0.0657279037403259,1
53.34,-1.71861005483505,-1.39661382576895,-1.56798933806617,-3.24583533562088,-0.924204820897193,-0.0659768823865528,1
53.35,-1.7158738130842,-1.39699436675138,-1.56307227468732,-3.2502211552742,-0.921475831160371,-0.0662265727481958,1
53.36,-1.71314108840094,-1.39739969598266,-1.55813148558675,-3.25460493767866,-0.918750379261374,-0.0664769768587906,1
53.37,-1.71041192566854,-1.39782980922107,-1.55316684913897,-3.25898680621029,-0.916028510142889,-0.0667280967443087,1
53.38,-1.70768636955478,-1.39828470372265,-1.54817824017565,-3.26336688630605,-0.913310268531907,-0.0669799344230439,1
53.39,-1.70496446450723,-1.39876437828462,-1.54316552991384,-3.2677453054923,-0.910595698934976,-0.067232491905498,1
53.4,-1.70224625474855,-1.39926883328983,-1.53812858588187,-3.27212219341466,-0.907884845633497,-0.0674857711942688,1
53.41,-1.69953178427178,-1.39979807075199,-1.53306727184294,-3.27649768186933,-0.90517775267904,-0.0677397742839386,1
53.42,-1.69682109683571,-1.40035209436194,-1.52798144771616,-3.28087190483593,-0.902474463888717,-0.0679945031609653,1
53.43,-1.69411423596035,-1.40093090953496,-1.52287096949509,-3.28524499851186,-0.899775022840579,-0.0682499598035731,1
53.44,-1.69141124492231,-1.40153452345913,-1.51773568916356,-3.28961710134825,-0.897079472869079,-0.0685061461816451,1
53.45,-1.68871216675032,-1.40216294514479,-1.51257545460869,-3.29398835408759,-0.894387857060538,-0.0687630642566194,1
53.46,-1.68601704422078,-1.40281618547525,-1.50739010953114,-3.29835889980301,-0.891700218248713,-0.0690207159813819,1
53.47,-1.68332591985333,-1.40349425725865,-1.50217949335218,-3.30272888393942,-0.889016599010347,-0.0692791033001667,1
53.48,-1.68063883590651,-1.40419717528119,-1.49694344111778,-3.3070984543564,-0.886337041660825,-0.0695382281484514,1
53.49,-1.67795583437338,-1.40492495636169,-1.49168178339931,-3.31146776137299,-0.883661588249833,-0.0697980924528595,1
53.5,-1.67527695697731,-1.40567761940762,-1.48639434619097,-3.31583695781453,-0.880990280557086,-0.0700586981310614,1
53.51,-1.67260224516772,-1.40645518547251,-1.48108095080356,-3.32020619906143,-0.878323160088114,-0.0703200470916773,1
53.52,-1.66993174011595,-1.4072576778151,-1.47574141375466,-3.32457564310012,-0.875660268070088,-0.0705821412341814,1
53.53,-1.66721614455499,-1.40807947248699,-1.47042668132669,-3.32889683307234,-0.872952448891458,-0.0708498572657906,1
53.54,-1.66331329045347,-1.40878992512617,-1.4663253160824,-3.33203856033357,-0.86906083318185,-0.0712367561624507,1
53.55,-1.65942216990855,-1.4095264274869,-1.4621992166804,-3.33517693160045,-0.865180991193225,-0.0716250340753258,1
53.56,-1.65554289939288,-1.41028897198071,-1.45804828721548,-3.33831204817209,-0.861313039459016,-0.072014693037287,1
53.57,-1.65167559337284,-1.41107755129108,-1.45387242890797,-3.34144401407487,-0.857457092504471,-0.0724057350053823,1
53.58,-1.64782036434811,-1.41189215844041,-1.44967154003731,-3.34457293606308,-0.853613262885984,-0.0727981618609587,1
53.59,-1.64397732283309,-1.41273278683786,-1.44544551587794,-3.34769892363519,-0.84978166117246,-0.0731919754095209,1
53.6,-1.64014657733909,-1.4135994303282,-1.44119424863333,-3.35082208905103,-0.84596239592757,-0.0735871773806177,1
53.61,-1.63632823435761,-1.41449208324175,-1.43691762736815,-3.35394254734972,-0.842155573692949,-0.0739837694277566,1
53.62,-1.63252239834438,-1.41541074044536,-1.43261553793852,-3.35706041636846,-0.838361298972316,-0.0743817531283453,1
53.63,-1.6287291717045,-1.41635539739446,-1.4282878629201,-3.36017581676219,-0.834579674216544,-0.0747811299836602,1
53.64,-1.62494865477837,-1.41732605018625,-1.42393448153414,-3.36328887202435,-0.830810799809633,-0.0751819014188457,1
53.65,-1.62118094582867,-1.4183226956141,-1.4195552695713,-3.36639970850841,-0.827054774055685,-0.0755840687829352,1
53.66,-1.61742614102824,-1.41934533122304,-1.41515009931314,-3.36950845545071,-0.823311693166763,-0.0759876333489049,1
53.67,-1.61368433444888,-1.4203939553666,-1.41071883945128,-3.37261524499424,-0.819581651251725,-0.0763925963137521,1
53.68,-1.60995561805117,-1.4214685672648,-1.40626135500397,-3.37572021221369,-0.815864740306007,-0.0767989587986008,1
53.69,-1.60624008167512,-1.42256916706351,-1.40177750723018,-3.37882349514173,-0.812161050202331,-0.0772067218488344,1
53.7,-1.6025378130319,-1.42369575589515,-1.39726715354095,-3.38192523479653,-0.80847066868238,-0.0776158864342548,1
53.71,-1.59884889769638,-1.42484833594079,-1.39273014740789,-3.38502557521079,-0.804793681349388,-0.078026453449269,1
53.72,-1.59517341910068,-1.42602691049364,-1.3881663382688,-3.38812466346205,-0.801130171661692,-0.0784384237131003,1
53.73,-1.59151145852866,-1.42723148402409,-1.38357557143028,-3.39122264970465,-0.797480220927194,-0.0788517979700271,1
53.74,-1.5878630951113,-1.42846206224621,-1.37895768796711,-3.39431968720318,-0.79384390829879,-0.0792665768896448,1
53.75,-1.58422840582299,-1.42971865218596,-1.37431252461828,-3.39741593236769,-0.790221310770659,-0.0796827610671587,1
53.76,-1.58060746547885,-1.43100126225091,-1.36963991367977,-3.40051154479059,-0.786612503175554,-0.0801003510236934,1
53.77,-1.57700034673279,-1.43230990230178,-1.36493968289349,-3.4036066872854,-0.783017558182924,-0.0805193472066354,1
53.78,-1.5734071200766,-1.43364458372569,-1.36021165533265,-3.40670152592749,-0.779436546297994,-0.0809397499899946,1
53.79,-1.56982785383989,-1.43500531951132,-1.35545564928311,-3.40979623009677,-0.77586953586171,-0.081361559674793,1
53.8,-1.56626261419092,-1.43639212432589,-1.35067147812079,-3.41289097252253,-0.772316593051598,-0.0817847764894729,1
53.81,-1.56337498452004,-1.43788139457932,-1.34497663764264,-3.41684903902091,-0.769438989120123,-0.0821298255598979,1
53.82,-1.56053708680571,-1.43940155656675,-1.33919552101942,-3.42086463847985,-0.76661100279013,-0.0824709354457338,1
53.83,-1.55770743823606,-1.4409479318023,-1.3333827103172,-3.42488432299632,-0.763791295018545,-0.0828130541078462,1
53.84,-1.55488607424332,-1.44252060551426,-1.32753788103157,-3.42890833096496,-0.76097990127401,-0.0831561827474149,1
53.85,-1.55207302947351,-1.44411966707113,-1.32166069981918,-3.43293690552136,-0.758176856238222,-0.0835003225406152,1
53.86,-1.54926833778391,-1.44574521011591,-1.3157508242262,-3.43697029467905,-0.755382193803426,-0.0838454746386761,1
53.87,-1.54647203224284,-1.44739733270659,-1.30980790240387,-3.44100875147325,-0.752595947072225,-0.0841916401679524,1
53.88,-1.54368414512972,-1.44907613746234,-1.30383157281188,-3.44505253411117,-0.749818148357589,-0.0845388202300002,1
53.89,-1.54090470793523,-1.45078173171551,-1.297821463909,-3.44910190612918,-0.74704882918306,-0.0848870159016583,1
53.9,-1.53813375136173,-1.45251422766989,-1.29177719383013,-3.45315713655731,-0.744288020283136,-0.0852362282351358,1
53.91,-1.53537130532381,-1.45427374256544,-1.28569837004932,-3.45721850009133,-0.741535751603884,-0.0855864582581016,1
53.92,-1.53261739894909,-1.45606039885,-1.2795845890276,-3.46128627727288,-0.738792052303682,-0.0859377069737857,1
53.93,-1.5298720605792,-1.45787432435828,-1.27343543584526,-3.46536075467813,-0.736056950754226,-0.086289975361076,1
53.94,-1.5271353177709,-1.45971565249849,-1.26725048381735,-3.46944222511534,-0.733330474541652,-0.0866432643746293,1
53.95,-1.52440719729741,-1.46158452244716,-1.26102929409162,-3.47353098783189,-0.730612650467887,-0.0869975749449815,1
53.96,-1.52168772514996,-1.46348107935248,-1.25477141522798,-3.47762734873122,-0.727903504552163,-0.0873529079786651,1
53.97,-1.51897692653945,-1.4654054745468,-1.24847638275827,-3.48173162060032,-0.72520306203272,-0.08770926435833,1
53.98,-1.51627482589834,-1.46735786576866,-1.24214371872533,-3.48584412334838,-0.722511347368679,-0.0880666449428701,1
53.99,-1.5135814468827,-1.46933841739508,-1.23577293120015,-3.48996518425709,-0.719828384242093,-0.0884250505675545,1
54,-1.51089681237442,-1.47134730068449,-1.22936351377581,-3.49409513824348,-0.717154195560173,-0.0887844820441628,1
54.01,-1.50822094448359,-1.47338469403125,-1.22291494503678,-3.49823432813583,-0.714488803457679,-0.0891449401611247,1
54.02,-1.5055538645511,-1.47545078323206,-1.21642668800227,-3.50238310496362,-0.711832229299494,-0.0895064256836633,1
54.03,-1.50289559315132,-1.47754576176542,-1.20989818954183,-3.50654182826219,-0.709184493683327,-0.0898689393539471,1
54.04,-1.50024615009499,-1.47966983108454,-1.20332887976174,-3.51071086639315,-0.706545616442632,-0.0902324818912379,1
54.05,-1.49760555443231,-1.48182320092486,-1.19671817136021,-3.51489059688132,-0.703915616649637,-0.0905970539920516,1
54.06,-1.49497382445606,-1.48400608962687,-1.1900654589495,-3.51908140676951,-0.701294512618554,-0.0909626563303174,1
54.07,-1.49235097770505,-1.48621872447532,-1.18337011834297,-3.52328369299194,-0.698682321908949,-0.0913292895575426,1
54.08,-1.48973703096754,-1.48846134205585,-1.1766315058046,-3.52749786276774,-0.696079061329243,-0.0916969543029821,1
54.09,-1.48732654696244,-1.49074343845622,-1.1696359932065,-3.53194928245063,-0.693678490999015,-0.0920380370265534,1
54.1,-1.48494889947709,-1.49305766985897,-1.16256637368267,-3.53644424111563,-0.691310678491843,-0.0923764081520148,1
54.11,-1.48257845540481,-1.49540314813277,-1.15544974688161,-3.54095375002953,-0.688950095903607,-0.0927156871708159,1
54.12,-1.48021522743118,-1.497780186414,-1.14828531453943,-3.54547829394859,-0.68659675594636,-0.0930558749415154,1
54.13,-1.47785922774888,-1.50018911058785,-1.14107225166921,-3.5500183716264,-0.684250670838873,-0.0933969723088964,1
54.14,-1.4755104680585,-1.50263025984621,-1.13380970537409,-3.55457449644279,-0.681911852307425,-0.0937389801041082,1
54.15,-1.47316895957077,-1.50510398727934,-1.12649679358846,-3.5591471970706,-0.679580311588067,-0.0940818991447668,1
54.16,-1.47083471300892,-1.50761066050263,-1.11913260374433,-3.56373701818253,-0.677256059428977,-0.0944257302350548,1
54.17,-1.46850773861111,-1.51015066232084,-1.11171619135711,-3.56834452120078,-0.674939106092874,-0.094770474165825,1
54.18,-1.46618804613289,-1.51272439143288,-1.10424657852491,-3.57297028509283,-0.672629461359519,-0.0951161317147046,1
54.19,-1.46470646828444,-1.51424089802892,-1.09999009150235,-3.57553665849707,-0.671154331572602,-0.0953379524387067,1
54.2,-1.4663624454159,-1.51167742138819,-1.10799645204031,-3.57028776154034,-0.672803103203963,-0.0950900748361316,1
54.21,-1.46802151873817,-1.50914935689766,-1.11594471255716,-3.5650608574227,-0.674454987459837,-0.0948427603376411,1
54.22,-1.46968368212965,-1.50665620548154,-1.12383605095301,-3.55985526829161,-0.676109978187462,-0.0945960078946807,1
54.23,-1.47134892934622,-1.50419748829714,-1.13167160260209,-3.55467033858812,-0.677768069111639,-0.094349816460633,1
54.24,-1.47301725404093,-1.50177274566389,-1.13945246272199,-3.54950543375074,-0.679429253854325,-0.0941041849881081,1
54.25,-1.47468864976393,-1.49938153617889,-1.1471796882659,-3.54435993920763,-0.681093525934541,-0.0938591124289377,1
54.26,-1.47636310996237,-1.49702343588584,-1.15485429970087,-3.53923325942945,-0.682760878768313,-0.0936145977341643,1
54.27,-1.47804062798035,-1.49469803749347,-1.16247728268013,-3.53412481703865,-0.684431305668592,-0.0933706398540357,1
54.28,-1.4797211970589,-1.49240494963983,-1.17004958961744,-3.52903405197082,-0.686104799845228,-0.0931272377379934,1
54.29,-1.48140481033589,-1.49014379619933,-1.17757214116989,-3.52396042068486,-0.687781354404904,-0.0928843903346679,1
54.3,-1.483091460846,-1.48791421562946,-1.185045827636,-3.51890339541817,-0.689460962351104,-0.092642096591871,1
54.31,-1.48478114152075,-1.48571586035448,-1.19247151027474,-3.51386246348401,-0.691143616584107,-0.092400355456586,1
54.32,-1.48647384518842,-1.48354839618359,-1.19985002255076,-3.50883712660807,-0.692829309900939,-0.0921591658749644,1
54.33,-1.48816956457405,-1.48141150176113,-1.20718217131103,-3.50382690030159,-0.694518034995396,-0.0919185267923167,1
54.34,-1.48986829229949,-1.47930486804693,-1.21446873789732,-3.49883131326867,-0.696209784458029,-0.0916784371531066,1
54.35,-1.49157002088336,-1.47722819782457,-1.22171047919862,-3.49384990684552,-0.697904550776158,-0.0914388959009453,1
54.36,-1.49327474274111,-1.47518120523585,-1.22890812864766,-3.48888223446948,-0.699602326333897,-0.0911999019785855,1
54.37,-1.49498245018502,-1.47316361533984,-1.23606239716482,-3.48392786117607,-0.701303103412183,-0.0909614543279153,1
54.38,-1.49669313542424,-1.47117516369488,-1.24317397405302,-3.4789863631222,-0.703006874188808,-0.0907235518899541,1
54.39,-1.49840679056488,-1.46921559596208,-1.25024352784649,-3.47405732713382,-0.704713630738485,-0.0904861936048453,1
54.4,-1.50012340761003,-1.46728466752899,-1.25727170711625,-3.46914035027673,-0.706423365032885,-0.0902493784118547,1
54.41,-1.50184297845982,-1.46538214315233,-1.26425914123522,-3.46423503944894,-0.708136068940724,-0.0900131052493628,1
54.42,-1.50356549491153,-1.46350779661837,-1.27120644110503,-3.45934101099331,-0.709851734227828,-0.0897773730548626,1
54.43,-1.50530920445457,-1.46166126586817,-1.27809645892898,-3.45447765654649,-0.711588536177463,-0.0895396973777841,1
54.44,-1.50850313855548,-1.45983049071967,-1.28354949306703,-3.45118277523468,-0.714769889725199,-0.0891068222791066,1
54.45,-1.51171074222047,-1.45802621071476,-1.28897020791303,-3.4478918106281,-0.717964951664015,-0.0886752768933407,1
54.46,-1.51493198807386,-1.45624836139352,-1.29435890853889,-3.44460452007391,-0.721173694631268,-0.0882450617778185,1
54.47,-1.51816684693656,-1.45449688187389,-1.29971589192062,-3.44132066551905,-0.724396089459738,-0.087816177438139,1
54.48,-1.52141528789235,-1.45277171476134,-1.30504144713423,-3.43804001340868,-0.727632105243555,-0.0873886243262412,1
54.49,-1.52467727827711,-1.45107280602547,-1.31033585558537,-3.43476233458112,-0.730881709327407,-0.0869624028398293,1
54.5,-1.52795278366865,-1.44940010488043,-1.31559939123005,-3.43148740416753,-0.734144867296312,-0.0865375133218073,1
54.51,-1.53124176787691,-1.44775356366936,-1.3208323207869,-3.42821500149638,-0.737421542965864,-0.0861139560597333,1
54.52,-1.53454419293488,-1.44613313775238,-1.32603490394139,-3.42494491000212,-0.7407116983731,-0.085691731285279,1
54.53,-1.53786001908998,-1.44453878539809,-1.33120739354235,-3.42167691713815,-0.744015293767879,-0.0852708391737087,1
54.54,-1.54118920479607,-1.44297046767842,-1.33635003579111,-3.41841081429376,-0.747332287604855,-0.08485127984337,1
54.55,-1.54453170670598,-1.44142814836662,-1.34146307042367,-3.41514639671484,-0.750662636536028,-0.0844330533552013,1
54.56,-1.54788747966474,-1.43991179383833,-1.34654673088621,-3.41188346342829,-0.754006295403922,-0.0840161597122486,1
54.57,-1.55125647670329,-1.43842137297546,-1.35160124450409,-3.40862181716983,-0.757363217235322,-0.083600598859206,1
54.58,-1.55463864903294,-1.43695685707295,-1.35662683264495,-3.40536126431517,-0.760733353235679,-0.0831863706819642,1
54.59,-1.55803394604035,-1.43551821974808,-1.36162371087577,-3.40210161481431,-0.764116652784116,-0.08277347500718,1
54.6,-1.56144231528323,-1.43410543685236,-1.36659208911451,-3.39884268212889,-0.767513063429088,-0.0823619116018594,1
54.61,-1.56486370248665,-1.43271848638583,-1.37153217177631,-3.39558428317238,-0.77092253088469,-0.0819516801729593,1
54.62,-1.56829805154001,-1.43135734841366,-1.37644415791467,-3.39232623825305,-0.774344999027618,-0.0815427803670057,1
54.63,-1.5717453044947,-1.430022004985,-1.38132824135773,-3.38906837101959,-0.777780409894809,-0.081135211769729,1
54.64,-1.5752054015624,-1.42871244005395,-1.38618461083981,-3.38581050840921,-0.781228703681751,-0.0807289739057174,1
54.65,-1.57867828111411,-1.42742863940258,-1.3910134501286,-3.38255248059814,-0.784689818741484,-0.0803240662380883,1
54.66,-1.58216387967983,-1.42617059056586,-1.39581493814792,-3.37929412095446,-0.788163691584273,-0.0799204881681801,1
54.67,-1.58566213194897,-1.42493828275856,-1.40058924909654,-3.37603526599311,-0.791650256878029,-0.0795182390352569,1
54.68,-1.58917297077145,-1.42373170680388,-1.40533655256291,-3.37277575533297,-0.795149447449368,-0.0791173181162406,1
54.69,-1.59266627445966,-1.42254706456597,-1.41009994826434,-3.36947391766423,-0.798631240273293,-0.0787211214131924,1
54.7,-1.59612428735648,-1.42138214498707,-1.41490405447324,-3.36610603905735,-0.802077935348075,-0.0783315647721469,1
54.71,-1.5995940185562,-1.42024288865534,-1.41968142105741,-3.36273738060661,-0.805536386085853,-0.0779432898133923,1
54.72,-1.60307539769542,-1.41912928741333,-1.42443220968256,-3.35936778944485,-0.809006522089332,-0.0775562954413053,1
54.73,-1.60656835276727,-1.41804133456694,-1.42915657769913,-3.35599711565119,-0.812488271316119,-0.0771705805031992,1
54.74,-1.61007281012369,-1.41697902482123,-1.4338546782433,-3.35262521221465,-0.815981560080968,-0.0767861437890997,1
54.75,-1.61358869448128,-1.41594235421826,-1.4385266603345,-3.3492519349989,-0.81948631306167,-0.0764029840316507,1
54.76,-1.61711592892788,-1.4149313200765,-1.4431726689698,-3.34587714270879,-0.823002453305597,-0.0760210999060361,1
54.77,-1.62065443492972,-1.41394592093152,-1.44779284521541,-3.34250069685832,-0.826529902236863,-0.0756404900299222,1
54.78,-1.62420413233928,-1.41298615647805,-1.45238732629533,-3.33912246174011,-0.83006857966417,-0.0752611529634134,1
54.79,-1.62776493940366,-1.41205202751329,-1.45695624567719,-3.33574230439638,-0.833618403789225,-0.0748830872090328,1
54.8,-1.63133677277379,-1.41114353588143,-1.46149973315562,-3.33236009459121,-0.837179291215862,-0.0745062912117154,1
54.81,-1.63491954751405,-1.4102606844194,-1.46601791493294,-3.32897570478413,-0.840751156959763,-0.0741307633588225,1
54.82,-1.63851317711273,-1.40940347690372,-1.47051091369755,-3.32558901010498,-0.844333914458826,-0.073756501980174,1
54.83,-1.64211757349294,-1.40857191799846,-1.47497884869995,-3.32219988832995,-0.84792747558416,-0.0733835053481001,1
54.84,-1.64573264702434,-1.40776601320426,-1.47942183582651,-3.31880821985871,-0.851531750651743,-0.0730117716775078,1
54.85,-1.6493583065353,-1.4069857688084,-1.48383998767107,-3.31541388769276,-0.85514664843465,-0.0726412991259728,1
54.86,-1.65299445932589,-1.40623119183583,-1.48823341360458,-3.31201677741469,-0.858772076175983,-0.072272085793841,1
54.87,-1.65664101118129,-1.40550229000121,-1.49260221984258,-3.30861677716855,-0.862407939602343,-0.0719041297243581,1
54.88,-1.66029786638599,-1.40479907166182,-1.49694650951093,-3.30521377764105,-0.866054142937985,-0.0715374289038089,1
54.89,-1.66396492773848,-1.40412154577141,-1.50126638270957,-3.30180767204383,-0.869710588919549,-0.0711719812616809,1
54.9,-1.66764209656661,-1.40346972183492,-1.50556193657459,-3.29839835609646,-0.873377178811406,-0.0708077846708437,1
54.91,-1.67132927274353,-1.40284360986401,-1.50983326533852,-3.29498572801035,-0.877053812421609,-0.0704448369477477,1
54.92,-1.67502635470424,-1.40224322033348,-1.51408046038904,-3.29156968847344,-0.880740388118437,-0.0700831358526395,1
54.93,-1.67873323946266,-1.40166856413841,-1.51830361032609,-3.28815014063564,-0.884436802847519,-0.0697226790897975,1
54.94,-1.68244982262942,-1.40111965255212,-1.52250280101737,-3.28472699009502,-0.888142952149544,-0.0693634643077847,1
54.95,-1.68526826436942,-1.40052840331335,-1.52743275163721,-3.28055893395965,-0.890953523352425,-0.069092497176606,1
54.96,-1.68754107773508,-1.39992064979401,-1.5327947525724,-3.27594130270791,-0.893220015899616,-0.0688748825686131,1
54.97,-1.68981633893994,-1.39933735439678,-1.53813198198478,-3.27132325029762,-0.895488972561021,-0.0686578271798053,1
54.98,-1.69209402204107,-1.39877850834018,-1.5434446041244,-3.26670462308297,-0.897760367348767,-0.0684413294748628,1
54.99,-1.69437410101258,-1.39824410498704,-1.54873277890876,-3.26208526961265,-0.900034174191915,-0.0682253879159404,1
55,-1.69665654973061,-1.39773413978676,-1.55399666202309,-3.25746504058674,-0.902310366921477,-0.0680100009633011,1
55.01,-1.69894134197519,-1.39724861022661,-1.55923640500966,-3.252843788816,-0.90458891927235,-0.0677951670753616,1
55.02,-1.70122387491818,-1.39678841358615,-1.56444174770144,-3.24823061528391,-0.906865240802865,-0.0675813127240896,1
55.03,-1.70350410851508,-1.39635340495297,-1.5696129760001,-3.24362538517953,-0.909139291327585,-0.06736843307569,1
55.04,-1.70578200297517,-1.39594344155575,-1.57475036998569,-3.23902796734698,-0.911411030915495,-0.0671565233197296,1
55.05,-1.70805751876367,-1.39555838268394,-1.57985420407853,-3.2344382342038,-0.913680419892261,-0.0669455786691149,1
55.06,-1.71033061660389,-1.39519808960996,-1.58492474719502,-3.22985606166288,-0.915947418842284,-0.0667355943600766,1
55.07,-1.71260125747917,-1.39486242551386,-1.58996226289839,-3.22528132905703,-0.918211988610706,-0.0665265656521536,1
55.08,-1.71486940263486,-1.39455125541027,-1.59496700954437,-3.22071391906621,-0.920474090305328,-0.0663184878281761,1
55.09,-1.71713501358012,-1.39426444607769,-1.59993924042223,-3.21615371764724,-0.922733685298484,-0.0661113561942475,1
55.1,-1.71939805208979,-1.39400186598988,-1.60487920389122,-3.21160061396588,-0.924990735228853,-0.0659051660797238,1
55.11,-1.72165848020612,-1.39376338524934,-1.6097871435126,-3.2070545003312,-0.927245202003197,-0.0656999128371946,1
55.12,-1.72391626024042,-1.39354887552285,-1.61466329817759,-3.20251527213221,-0.929497047798048,-0.06549559184246,1
55.13,-1.72617135477475,-1.39335820997884,-1.61950790223115,-3.19798282777643,-0.931746235061342,-0.0652921984945073,1
55.14,-1.72842372666344,-1.39319126322669,-1.62432118559205,-3.1934570686307,-0.93399272651398,-0.0650897282154868,1
55.15,-1.73067333903462,-1.39304791125776,-1.62910337386911,-3.18893789896372,-0.936236485151326,-0.0648881764506867,1
55.16,-1.73292015529163,-1.3929280313882,-1.63385468847389,-3.18442522589056,-0.938477474244655,-0.0646875386685063,1
55.17,-1.73516413911445,-1.39283150220335,-1.63857534673003,-3.17991895931892,-0.94071565734255,-0.0644878103604267,1
55.18,-1.73740525446102,-1.39275820350375,-1.64326556197914,-3.17541901189706,-0.942950998272209,-0.0642889870409841,1
55.19,-1.73964346556847,-1.39270801625272,-1.64792554368374,-3.17092529896345,-0.945183461140737,-0.0640910642477367,1
55.2,-1.73884459745902,-1.39270835479589,-1.6468017504941,-3.17200745219868,-0.944386641391071,-0.0641615933155603,1
55.21,-1.73629678200294,-1.39274976059257,-1.64233301824721,-3.17630223720001,-0.941845379533607,-0.0643872457215033,1
55.22,-1.73375675257177,-1.39281313041092,-1.63785403336254,-3.18058481052981,-0.93931190668821,-0.0646129999556837,1
55.23,-1.73122467424619,-1.39289914558588,-1.63336411647334,-3.18485513415647,-0.93678638868446,-0.0648388817447637,1
55.24,-1.72870056615915,-1.39300764153731,-1.62886332417735,-3.18911331907756,-0.934268844595208,-0.0650648890125499,1
55.25,-1.72618444690674,-1.39313845514444,-1.62435171138807,-3.19335947654068,-0.931759292955968,-0.0652910196653442,1
55.26,-1.72367633454993,-1.39329142475302,-1.61982933134112,-3.19759371802979,-0.929257751766622,-0.0655172715920699,1
55.27,-1.72117624661639,-1.39346639018213,-1.61529623560016,-3.20181615525218,-0.926764238493249,-0.0657436426643971,1
55.28,-1.71868420010244,-1.39366319273062,-1.61075247406266,-3.20602690012608,-0.924278770070056,-0.0659701307368687,1
55.29,-1.716200211475,-1.39388167518322,-1.60619809496526,-3.21022606476896,-0.921801362901385,-0.066196733647029,1
55.3,-1.71372429667369,-1.39412168181633,-1.60163314488879,-3.21441376148644,-0.91933203286379,-0.0664234492155548,1
55.31,-1.71125647111303,-1.39438305840346,-1.59705766876311,-3.21859010276183,-0.916870795308211,-0.0666502752463864,1
55.32,-1.70879674968464,-1.39466565222048,-1.59247170987151,-3.22275520124626,-0.914417665062221,-0.0668772095268612,1
55.33,-1.7062449491766,-1.39496441083788,-1.58794160468265,-3.22684208398372,-0.911872728891009,-0.0671135472841489,1
55.34,-1.70358568044741,-1.3952785268889,-1.58347800707466,-3.23083990245747,-0.909220642476415,-0.0673608316078317,1
55.35,-1.70093580756627,-1.39561360101875,-1.57900380690445,-3.23482676010162,-0.906577956139766,-0.0676082601811286,1
55.36,-1.69829534711864,-1.39596948394031,-1.57451904973945,-3.23880276457236,-0.903944686389725,-0.0678558303494301,1
55.37,-1.69566431498918,-1.39634602772673,-1.57002377956669,-3.24276802377569,-0.901320849033522,-0.0681035394375074,1
55.38,-1.69304272636869,-1.39674308581952,-1.56551803879583,-3.24672264585592,-0.898706459183944,-0.0683513847496245,1
55.39,-1.69043059575801,-1.39716051303517,-1.56100186826208,-3.25066673918584,-0.896101531263253,-0.0685993635697476,1
55.4,-1.68782793697213,-1.39759816557139,-1.55647530722883,-3.25460041235745,-0.893506079007225,-0.0688474731617558,1
55.41,-1.6852347631442,-1.39805590101318,-1.55193839338997,-3.25852377417319,-0.890920115469274,-0.0690957107696558,1
55.42,-1.68265108672987,-1.39853357833863,-1.54739116287188,-3.26243693363782,-0.888343653024697,-0.069344073617797,1
55.43,-1.68007691951156,-1.39903105792457,-1.54283365023511,-3.26633999995067,-0.885776703375017,-0.0695925589110886,1
55.44,-1.67751227260291,-1.39954820155199,-1.53826588847569,-3.27023308249858,-0.883219277552428,-0.0698411638352193,1
55.45,-1.67495715645335,-1.40008487241129,-1.5336879090261,-3.2741162908493,-0.880671385924324,-0.0700898855568784,1
55.46,-1.67241158085267,-1.40064093510736,-1.52909974175592,-3.27798973474532,-0.878133038197953,-0.070338721223977,1
55.47,-1.66987555493578,-1.4012162556645,-1.52450141497207,-3.28185352409838,-0.875604243425118,-0.0705876679658748,1
55.48,-1.66734908718751,-1.40181070153123,-1.51989295541875,-3.28570776898437,-0.873085010007015,-0.0708367228936038,1
55.49,-1.6648321854475,-1.40242414158493,-1.51527438827696,-3.28955257963871,-0.870575345699123,-0.071085883100096,1
55.5,-1.66232485691519,-1.40305644613635,-1.51064573716362,-3.29338806645236,-0.868075257616192,-0.0713351456604129,1
55.51,-1.65982710815486,-1.40370748693408,-1.50600702413039,-3.29721433996815,-0.865584752237321,-0.0715845076319745,1
55.52,-1.6573389451008,-1.40437713716886,-1.50135826966203,-3.30103151087778,-0.863103835411094,-0.0718339660547908,1
55.53,-1.65486037306252,-1.40506527147787,-1.49669949267431,-3.30483969001911,-0.86063251236081,-0.0720835179516948,1
55.54,-1.65239139673002,-1.40577176594884,-1.49203071051162,-3.30863898837412,-0.85817078768978,-0.0723331603285755,1
55.55,-1.64993202017918,-1.40649649812426,-1.48735193894407,-3.3124295170672,-0.855718665386694,-0.0725828901746129,1
55.56,-1.64718020422601,-1.40721304570363,-1.4829837770183,-3.31589679986476,-0.852975003038331,-0.0728635788038297,1
55.57,-1.64378901145769,-1.40789126052582,-1.47929908711104,-3.318674093477,-0.849593912335047,-0.0732113405931939,1
55.58,-1.64041501779843,-1.40858826877229,-1.47560344536084,-3.32144247010091,-0.846230029375776,-0.0735593965422631,1
55.59,-1.63705823098096,-1.40930392311042,-1.47189691668306,-3.32420202186011,-0.842883361714957,-0.0739077404889592,1
55.6,-1.6337186566654,-1.41003807686239,-1.46817956484017,-3.32695284144081,-0.839553914833263,-0.0742563662269727,1
55.61,-1.63039629849066,-1.41079058403263,-1.46445145244444,-3.32969502206017,-0.836241692188906,-0.0746052675072221,1
55.62,-1.62709115810006,-1.4115612993272,-1.46071264095976,-3.33242865744329,-0.832946695243287,-0.0749544380389436,1
55.63,-1.62380323516724,-1.41235007817271,-1.45696319070338,-3.33515384180074,-0.829668923486958,-0.0753038714907865,1
55.64,-1.62053252742251,-1.41315677673484,-1.45320316084762,-3.33787066980655,-0.826408374465987,-0.0756535614919057,1
55.65,-1.61727903067949,-1.41398125193657,-1.44943260942139,-3.34057923657657,-0.823165043808625,-0.076003501633057,1
55.66,-1.61404273886203,-1.41482336147596,-1.44565159331167,-3.34327963764747,-0.819938925252264,-0.0763536854676934,1
55.67,-1.61082364403144,-1.41568296384358,-1.44186016826488,-3.34597196895611,-0.81673001067072,-0.0767041065130585,1
55.68,-1.60762173641404,-1.41655991833958,-1.43805838888817,-3.34865632681938,-0.813538290101758,-0.0770547582512799,1
55.69,-1.60443700442882,-1.41745408509041,-1.43424630865052,-3.35133280791453,-0.810363751774862,-0.0774056341304613,1
55.7,-1.60126943471548,-1.41836532506517,-1.43042397988384,-3.35400150926004,-0.807206382139234,-0.0777567275657731,1
55.71,-1.59811901216257,-1.41929350009158,-1.42659145378381,-3.35666252819691,-0.804066165892005,-0.0781080319405382,1
55.72,-1.59498571993584,-1.42023847287165,-1.42274878041074,-3.3593159623704,-0.800943086006607,-0.078459540607318,1
55.73,-1.59186953950677,-1.42120010699696,-1.41889600869022,-3.36196190971235,-0.797837123761344,-0.0788112468889917,1
55.74,-1.58877045068126,-1.42217826696363,-1.41503318641361,-3.3646004684239,-0.794748258768079,-0.079163144079834,1
55.75,-1.58568843162838,-1.42317281818692,-1.41116036023851,-3.3672317369587,-0.791676469001069,-0.0795152254465864,1
55.76,-1.58262345890931,-1.42418362701554,-1.40727757568891,-3.3698558140067,-0.788621730825888,-0.0798674842295264,1
55.77,-1.57957550750633,-1.42521056074558,-1.40338487715542,-3.37247279847828,-0.785584019028468,-0.0802199136435274,1
55.78,-1.57654455085186,-1.42625348763419,-1.39948230789511,-3.37508278948897,-0.78256330684418,-0.0805725068791172,1
55.79,-1.57353056085765,-1.42731227691286,-1.39556991003137,-3.3776858863446,-0.779559565987007,-0.0809252571035259,1
55.8,-1.57053350794383,-1.42838679880042,-1.39164772455356,-3.38028218852699,-0.776572766678715,-0.0812781574617321,1
55.81,-1.56755336106821,-1.4294769245158,-1.38771579131642,-3.38287179568007,-0.773602877678078,-0.0816312010774976,1
55.82,-1.5645900877554,-1.43058252629038,-1.38377414903943,-3.3854548075965,-0.770649866310087,-0.0819843810543986,1
55.83,-1.56164365412597,-1.43170347738012,-1.37982283530587,-3.3880313242048,-0.767713698495158,-0.0823376904768464,1
55.84,-1.55871402492566,-1.43283965207737,-1.37586188656186,-3.39060144555694,-0.764794338778315,-0.0826911224111012,1
55.85,-1.55580116355446,-1.4339909257224,-1.37189133811502,-3.39316527181641,-0.761891750358318,-0.0830446699062782,1
55.86,-1.55290503209562,-1.4351571747147,-1.36791122413307,-3.39572290324682,-0.759005895116747,-0.0833983259953447,1
55.87,-1.5500255913447,-1.43633827652393,-1.36392157764222,-3.39827444020088,-0.756136733647012,-0.0837520836961065,1
55.88,-1.54716280083842,-1.43753410970066,-1.35992243052531,-3.40081998311,-0.753284225283269,-0.0841059360121886,1
55.89,-1.54431661888346,-1.43874455388685,-1.35591381351976,-3.40335963247427,-0.750448328129256,-0.0844598759340024,1
55.9,-1.54148700258515,-1.43996948982608,-1.35189575621533,-3.40589348885294,-0.747628999086981,-0.0848138964397074,1
55.91,-1.53867390787603,-1.44120879937349,-1.34786828705163,-3.40842165285543,-0.744826193885341,-0.0851679904961575,1
55.92,-1.53587728954428,-1.44246236550559,-1.34383143331544,-3.41094422513274,-0.74203986710855,-0.0855221510598421,1
55.93,-1.53352850682157,-1.44376409945971,-1.33919689557777,-3.4140563177377,-0.739699776442444,-0.0858212654104417,1
55.94,-1.53127671553968,-1.44508660335101,-1.33443671674127,-3.41728088500642,-0.737456360320345,-0.0861094718947116,1
55.95,-1.52903623995153,-1.44642307308793,-1.32966710458816,-3.42050050984643,-0.735224259037275,-0.086397646310578,1
55.96,-1.52680705187956,-1.44777342850558,-1.32488803596868,-3.4237153022777,-0.733003444284566,-0.08668578413452,1
55.97,-1.52458912269189,-1.44913759092315,-1.32009948606848,-3.4269253725042,-0.730793887299031,-0.0869738808377942,1
55.98,-1.52238242331026,-1.45051548314954,-1.31530142839264,-3.43013083092362,-0.728595558870999,-0.0872619318867633,1
55.99,-1.52018692422058,-1.45190702949041,-1.31049383474751,-3.43333178813801,-0.726408429354784,-0.0875499327432409,1
56,-1.51800259548322,-1.4533121557553,-1.30567667522177,-3.43652835496505,-0.724232468679064,-0.0878378788648362,1
56.01,-1.51582940674335,-1.45473078926517,-1.30084991816662,-3.43972064244972,-0.722067646357198,-0.0881257657052929,1
56.02,-1.51366732724118,-1.45616285886011,-1.29601353017531,-3.44290876187666,-0.719913931497456,-0.0884135887148256,1
56.03,-1.51151632582208,-1.45760829490743,-1.29116747606175,-3.44609282478288,-0.717771292813186,-0.0887013433404528,1
56.04,-1.50937637094666,-1.45906702930994,-1.28631171883827,-3.44927294297121,-0.715639698632886,-0.0889890250263251,1
56.05,-1.50724743070074,-1.4605389955147,-1.28144621969248,-3.45244922852421,-0.713519116910184,-0.0892766292140526,1
56.06,-1.50512947280529,-1.46202412852198,-1.27657093796335,-3.4556217938187,-0.711409515233779,-0.0895641513430243,1
56.07,-1.50302246462617,-1.46352236489463,-1.27168583111612,-3.45879075154085,-0.709310860837223,-0.0898515868507298,1
56.08,-1.50092637318395,-1.46503364276783,-1.26679085471646,-3.46195621470191,-0.707223120608688,-0.0901389311730712,1
56.09,-1.49884116516346,-1.46655790185918,-1.26188596240352,-3.46511829665454,-0.705146261100595,-0.090426179744676,1
56.1,-1.49676680692337,-1.46809508347927,-1.25697110586198,-3.46827711110975,-0.703080248539175,-0.0907133279992035,1
56.11,-1.49470326450569,-1.4696451305426,-1.252046234793,-3.47143277215453,-0.701025048833927,-0.0910003713696493,1
56.12,-1.49265050364502,-1.47120798757899,-1.24711129688411,-3.47458539427017,-0.698980627586987,-0.091287305288646,1
56.13,-1.49060848977793,-1.47278360074545,-1.24216623777795,-3.47773509235112,-0.696946950102405,-0.0915741251887577,1
56.14,-1.48857718805206,-1.47437191783848,-1.23721100103981,-3.48088198172472,-0.69492398139533,-0.0918608265027733,1
56.15,-1.48655656333521,-1.47597288830701,-1.23224552812399,-3.48402617817157,-0.692911686201066,-0.0921474046639976,1
56.16,-1.48454658022435,-1.47758646326566,-1.22726975833888,-3.48716779794658,-0.690910028984093,-0.0924338551065319,1
56.17,-1.48254720305443,-1.47921259550876,-1.22228362881072,-3.49030695780093,-0.688918973946925,-0.0927201732655592,1
56.18,-1.48055839590721,-1.48085123952483,-1.21728707444604,-3.49344377500468,-0.686938485038899,-0.0930063545776208,1
56.19,-1.47858012261992,-1.48250235151164,-1.21228002789269,-3.49657836737021,-0.684968525964867,-0.0932923944808892,1
56.2,-1.47661234679384,-1.484165889392,-1.20726241949945,-3.49971085327655,-0.683009060193779,-0.0935782884154383,1
56.21,-1.47465503180276,-1.48584181283009,-1.20223417727409,-3.50284135169446,-0.68106005096716,-0.0938640318235103,1
56.22,-1.47270814080137,-1.48753008324852,-1.19719522683989,-3.50596998221255,-0.679121461307495,-0.0941496201497778,1
56.23,-1.47077163673353,-1.48923066384614,-1.19214549139059,-3.50909686506412,-0.677193254026494,-0.0944350488416028,1
56.24,-1.46961897567934,-1.49074994939925,-1.18705635278786,-3.51253374453134,-0.6760455504071,-0.0946055946782724,1
56.25,-1.4703004478266,-1.49182478464051,-1.18188823591196,-3.51670570306136,-0.676724089921831,-0.0945047062821209,1
56.26,-1.47098149204341,-1.49291410415151,-1.17670833409588,-3.52087473741295,-0.67740220830409,-0.0944040513834033,1
56.27,-1.47166209980963,-1.49401789202424,-1.17151654912236,-3.52504096157757,-0.678079897045725,-0.0943036303966949,1
56.28,-1.4723422625917,-1.49513613421332,-1.16631277978988,-3.52920449067113,-0.67875714762506,-0.0942034437345177,1
56.29,-1.47302197184344,-1.49626881855907,-1.16109692186557,-3.53336544095823,-0.679433951507761,-0.0941034918070589,1
56.3,-1.47370121900635,-1.49741593481627,-1.15586886801743,-3.53752392989113,-0.68011030014709,-0.0940037750221702,1
56.31,-1.47437999550985,-1.49857747468407,-1.15062850774405,-3.54168007615018,-0.680786184984162,-0.0939042937853667,1
56.32,-1.47505829277151,-1.49975343183713,-1.14537572730166,-3.54583399968557,-0.681461597448194,-0.0938050484998267,1
56.33,-1.47573610219737,-1.50094380195814,-1.14011040962827,-3.54998582176067,-0.682136528956772,-0.0937060395663901,1
56.34,-1.47641341518212,-1.50214858277158,-1.13483243426509,-3.55413566499686,-0.682810970916095,-0.0936072673835591,1
56.35,-1.47709022310943,-1.50336777407903,-1.12954167727473,-3.55828365342003,-0.683484914721246,-0.0935087323474968,1
56.36,-1.47776651735214,-1.50460137779578,-1.12423801115641,-3.56242991250868,-0.68415835175644,-0.0934104348520275,1
56.37,-1.47844228927257,-1.50584939798919,-1.11892130475773,-3.56657456924387,-0.684831273395289,-0.0933123752886368,1
56.38,-1.47911753022277,-1.50711184091843,-1.11359142318313,-3.57071775216095,-0.685503671001061,-0.0932145540464715,1
56.39,-1.47979223154476,-1.50838871507614,-1.10824822769861,-3.57485959140321,-0.686175535926939,-0.0931169715123389,1
56.4,-1.48046638457081,-1.5096800312316,-1.10289157563289,-3.57900021877751,-0.686846859516283,-0.0930196280707085,1
56.41,-1.48113998062371,-1.51098580247594,-1.09752132027445,-3.58313976781207,-0.687517633102893,-0.0929225241037117,1
56.42,-1.48181301101699,-1.51230604426915,-1.0921373107646,-3.58727837381631,-0.688187848011269,-0.0928256599911419,1
56.43,-1.48248546705524,-1.51364077448911,-1.08673939198627,-3.59141617394308,-0.688857495556876,-0.092729036110456,1
56.44,-1.48315734003433,-1.51499001348277,-1.08132740444822,-3.59555330725325,-0.689526567046408,-0.0926326528367744,1
56.45,-1.4838286212417,-1.51635378411947,-1.07590118416469,-3.5996899147827,-0.69019505377805,-0.0925365105428827,1
56.46,-1.4844993019566,-1.5177321118466,-1.07046056253001,-3.6038261396121,-0.690862947041743,-0.0924406095992319,1
56.47,-1.48516937345037,-1.51912502474763,-1.06500536618819,-3.60796212693922,-0.691530238119449,-0.0923449503739404,1
56.48,-1.48583882698674,-1.52053255360272,-1.05953541689702,-3.61209802415423,-0.692196918285422,-0.0922495332327941,1
56.49,-1.48682228785239,-1.51904135181938,-1.06405507020548,-3.60917722617393,-0.693176313026691,-0.092109638624699,0
56.5,-1.48784792465571,-1.51716623482034,-1.06992806659144,-3.60529125396197,-0.694197719551121,-0.0919640955701739,0
56.51,-1.48887159594069,-1.51531532800127,-1.07575236502432,-3.60142918695731,-0.695217179024414,-0.0918191871461652,0
56.52,-1.48989329162714,-1.51348825460918,-1.08152873500176,-3.59759063501287,-0.696234681301539,-0.0916749111329766,0
56.53,-1.49091300167768,-1.51168464839416,-1.08725792334312,-3.59377522014431,-0.697250216280603,-0.0915312653225228,0
56.54,-1.49193071609956,-1.50990415314567,-1.0929406551927,-3.58998257599078,-0.698263773904709,-0.0913882475180403,0
56.55,-1.49294642494481,-1.5081464222829,-1.09857763489477,-3.58621234734964,-0.699275344162046,-0.0912458555340401,0
56.56,-1.49396011831031,-1.50641111846606,-1.10416954682372,-3.58246418973495,-0.700284917085988,-0.0911040871962602,0
56.57,-1.4949717863379,-1.50469791322745,-1.10971705617215,-3.57873776895843,-0.701292482755198,-0.0909629403416174,0
56.58,-1.49598141921446,-1.50300648662098,-1.11522080969941,-3.57503276073139,-0.702298031293702,-0.0908224128181611,0
56.59,-1.49698900717199,-1.50133652688912,-1.12068143644299,-3.57134885028646,-0.703301552870992,-0.0906825024850251,0
56.6,-1.49799454048774,-1.49968773014624,-1.12609954839503,-3.5676857320178,-0.704303037702099,-0.0905432072123814,0
56.61,-1.49899800948423,-1.4980598000772,-1.13147574114595,-3.56404310913883,-0.705302476047676,-0.0904045248813935,0
56.62,-1.49999940452936,-1.49645244765053,-1.13681059449733,-3.56042069335635,-0.706299858214073,-0.0902664533841703,0
56.63,-1.5009987160365,-1.49486539084519,-1.14210467304546,-3.55681820456012,-0.70729517455341,-0.0901289906237193,0
56.64,-1.5019959344645,-1.49329835439019,-1.14735852673769,-3.55323537052707,-0.708288415463641,-0.0899921345139017,0
56.65,-1.50299105031784,-1.49175106951633,-1.15257269140271,-3.5496719266392,-0.709279571388626,-0.089855882979386,0
56.66,-1.50398405414661,-1.49022327371937,-1.1577476892566,-3.54612761561447,-0.710268632818188,-0.0897202339556023,0
56.67,-1.50497493654664,-1.48871471053403,-1.16288402938568,-3.54260218724999,-0.711255590288171,-0.0895851853886977,0
56.68,-1.50596368815949,-1.48722512931816,-1.16798220820765,-3.5390953981767,-0.712240434380493,-0.0894507352354917,0
56.69,-1.50695029967255,-1.48575428504658,-1.17304270991217,-3.53560701162503,-0.713223155723202,-0.0893168814634293,0
56.7,-1.50793476181908,-1.48430193811405,-1.17806600688188,-3.53213679720094,-0.71420374499052,-0.0891836220505385,0
56.71,-1.50891706537824,-1.48286785414685,-1.18305256009507,-3.52868453067171,-0.715182192902879,-0.0890509549853862,0
56.72,-1.50989720117514,-1.48145180382262,-1.18800281951088,-3.52524999376095,-0.716158490226981,-0.0889188782670309,0
56.73,-1.51087516008087,-1.48005356269784,-1.19291722443785,-3.52183297395253,-0.717132627775812,-0.0887873899049829,0
56.74,-1.51185093301257,-1.47867291104278,-1.19779620388701,-3.51843326430273,-0.71810459640869,-0.0886564879191577,0
56.75,-1.51282451093341,-1.47730963368333,-1.20264017690989,-3.51505066326029,-0.719074387031297,-0.0885261703398329,0
56.76,-1.51379588485264,-1.47596351984948,-1.20744955292257,-3.51168497449399,-0.720041990595696,-0.0883964352076057,0
56.77,-1.51476504582565,-1.47463436303014,-1.2122247320162,-3.50833600672736,-0.721007398100357,-0.0882672805733492,0
56.78,-1.51573198495392,-1.4733219608338,-1.21696610525495,-3.50500357358004,-0.721970600590186,-0.0881387044981695,0
56.79,-1.51669669338509,-1.47202611485504,-1.22167405496169,-3.50168749341573,-0.722931589156529,-0.0880107050533634,0
56.8,-1.517659162313,-1.47074663054625,-1.22634895499238,-3.49838758919601,-0.723890354937201,-0.0878832803203746,0
56.81,-1.5186193829776,-1.46948331709461,-1.23099117099931,-3.49510368834024,-0.724846889116482,-0.087756428390753,0
56.82,-1.51957734666508,-1.46823598730393,-1.23560106068407,-3.49183562259071,-0.725801182925133,-0.0876301473661116,0
56.83,-1.52053304470779,-1.46700445748111,-1.24017897404061,-3.48858322788328,-0.726753227640398,-0.0875044353580848,0
56.84,-1.52148646848428,-1.46578854732705,-1.24472525358873,-3.48534634422283,-0.727703014586007,-0.0873792904882867,0
56.85,-1.5224376094193,-1.46458807983182,-1.24924023459878,-3.48212481556366,-0.728650535132172,-0.0872547108882691,0
56.86,-1.52338645898376,-1.46340288117377,-1.25372424530758,-3.47891848969425,-0.729595780695585,-0.0871306946994808,0
56.87,-1.52433300869479,-1.46223278062258,-1.25817760712634,-3.47572721812656,-0.730538742739404,-0.0870072400732263,0
56.88,-1.52527725011566,-1.46107761044594,-1.26260063484058,-3.47255085598928,-0.73147941277325,-0.0868843451706247,0
56.89,-1.52621917485582,-1.45993720581965,-1.26699363680287,-3.46938926192512,-0.732417782353187,-0.0867620081625686,0
56.9,-1.52715877457085,-1.45881140474123,-1.27135691511817,-3.4662422979919,-0.733353843081709,-0.0866402272296841,0
56.91,-1.52809604096245,-1.45770004794655,-1.27569076582259,-3.46310982956714,-0.734287586607719,-0.0865190005622901,0
56.92,-1.52903096577844,-1.45660297882966,-1.27999547905556,-3.45999172525618,-0.735219004626504,-0.086398326360358,0
56.93,-1.52996354081272,-1.4555200433654,-1.28427133922583,-3.45688785680353,-0.736148088879713,-0.086278202833472,0
56.94,-1.53089375790521,-1.45445109003493,-1.28851862517148,-3.45379809900738,-0.737074831155327,-0.0861586282007889,0
56.95,-1.53182160894189,-1.45339596975383,-1.29273761031436,-3.45072232963712,-0.737999223287628,-0.0860396006909987,0
56.96,-1.53274708585471,-1.45235453580282,-1.29692856280897,-3.44766042935377,-0.738921257157163,-0.0859211185422851,0
56.97,-1.53367018062157,-1.45132664376093,-1.30109174568627,-3.44461228163305,-0.739840924690714,-0.085803180002286,0
56.98,-1.53459088526629,-1.45031215144094,-1.30522741699235,-3.44157777269123,-0.74075821786125,-0.0856857833280545,0
56.99,-1.53550919185858,-1.44931091882718,-1.30933582992252,-3.4385567914134,-0.74167312868789,-0.0855689267860201,0
57,-1.53642509251395,-1.44832280801538,-1.31341723295063,-3.43554922928421,-0.742585649235855,-0.08545260865195,0
57.01,-1.53733857939372,-1.44734768315467,-1.31747186995418,-3.43255498032089,-0.743495771616426,-0.0853368272109103,0
57.02,-1.53824964470492,-1.4463854103915,-1.32149998033509,-3.42957394100855,-0.744403487986889,-0.0852215807572276,0
57.03,-1.5391582807003,-1.44543585781549,-1.3255017991365,-3.42660601023754,-0.745308790550483,-0.0851068675944511,0
57.04,-1.54006447967819,-1.44449889540711,-1.32947755715575,-3.42365108924289,-0.746211671556346,-0.0849926860353142,0
57.05,-1.54096823398255,-1.44357439498711,-1.33342748105348,-3.42070908154578,-0.747112123299456,-0.0848790344016974,0
57.06,-1.5418695360028,-1.4426622301676,-1.33735179345941,-3.41777989289671,-0.748010138120575,-0.0847659110245889,0
57.07,-1.54276837817386,-1.4417622763048,-1.34125071307442,-3.41486343122068,-0.748905708406179,-0.0846533142440494,0
57.08,-1.543664752976,-1.44087441045334,-1.34512445476958,-3.41195960656401,-0.749798826588402,-0.084541242409173,0
57.09,-1.54455865293484,-1.43999851132195,-1.34897322968183,-3.40906833104281,-0.75068948514496,-0.0844296938780504,0
57.1,-1.54545007062123,-1.43913445923079,-1.35279724530677,-3.40618951879311,-0.751577676599082,-0.0843186670177333,0
57.11,-1.54633899865122,-1.43828213606992,-1.3565967055884,-3.40332308592248,-0.752463393519448,-0.084208160204195,0
57.12,-1.54722542968596,-1.43744142525933,-1.36037181100614,-3.40046895046318,-0.7533466285201,-0.0840981718222963,0
57.13,-1.54810907567886,-1.43660792918214,-1.364128283303,-3.39762587276873,-0.754227091527067,-0.0839886322930405,0
57.14,-1.54899049800486,-1.43579014717667,-1.36785517910644,-3.39479613337292,-0.75510534783621,-0.083879676044937,0
57.15,-1.54986939704904,-1.43498362959484,-1.37155831392664,-3.39197845079558,-0.755981095809288,-0.0837712339206578,0
57.16,-1.55074577017884,-1.43418827200776,-1.37523786413232,-3.38917275536772,-0.756854332757526,-0.083663303850923,0
57.17,-1.55161961027684,-1.43340396492974,-1.37889401408177,-3.38637897409742,-0.757725051517736,-0.0835558842658706,0
57.18,-1.55249091027322,-1.43263060020175,-1.38252694511661,-3.38359703567422,-0.758593244974516,-0.0834489736029314,0
57.19,-1.55335966314266,-1.43186807094695,-1.38613683565343,-3.38082687042078,-0.759458906057242,-0.0833425703081742,0
57.2,-1.5542258619043,-1.43111627153963,-1.38972386125161,-3.37806841025603,-0.760322027739982,-0.0832366728362671,0
57.21,-1.55508949962162,-1.43037509757515,-1.39328819467926,-3.3753215886594,-0.761182603041402,-0.0831312796504424,0
57.22,-1.55595056940235,-1.42964444584078,-1.39683000597715,-3.37258634063605,-0.762040625024675,-0.0830263892224616,0
57.23,-1.55680906439839,-1.42892421428736,-1.40034946252085,-3.36986260268309,-0.76289608679738,-0.0829220000325798,0
57.24,-1.5576649778057,-1.42821430200191,-1.40384672908106,-3.36715031275671,-0.7637489815114,-0.0828181105695126,0
57.25,-1.55851830286417,-1.42751460918101,-1.40732196788211,-3.36444941024032,-0.764599302362821,-0.0827147193304005,0
57.26,-1.55936903285758,-1.426825037105,-1.41077533865892,-3.36175983591339,-0.765447042591829,-0.0826118248207749,0
57.27,-1.56021716111343,-1.42614548811292,-1.41420699871224,-3.35908153192135,-0.766292195482604,-0.0825094255545241,0
57.28,-1.56106268100289,-1.42547586557825,-1.41761710296241,-3.3564144417461,-0.767134754363218,-0.0824075200538581,0
57.29,-1.56190558594063,-1.4248160738853,-1.42100580400145,-3.35375851017755,-0.767974712605508,-0.0823061068492776,0
57.3,-1.56274586938478,-1.42416601840634,-1.42437325214396,-3.35111368328565,-0.768812063624988,-0.0822051844795368,0
57.31,-1.56358352483676,-1.42352560547943,-1.42771959547631,-3.34847990839337,-0.76964680088072,-0.0821047514916124,0
57.32,-1.56441854584119,-1.42289474238681,-1.43104497990471,-3.34585713405033,-0.770478917875202,-0.0820048064406695,0
57.33,-1.56525092598579,-1.422273337334,-1.43434954920177,-3.34324531000707,-0.771308408154254,-0.0819053478900283,0
57.34,-1.56608065890122,-1.42166129942948,-1.43763344505196,-3.34064438719003,-0.772135265306905,-0.0818063744111307,0
57.35,-1.566907738261,-1.42105853866498,-1.4408968070957,-3.33805431767721,-0.772959482965261,-0.081707884583508,0
57.36,-1.56773215778139,-1.42046496589628,-1.44413977297231,-3.33547505467435,-0.773781054804392,-0.0816098769947484,0
57.37,-1.56855391122123,-1.41988049282464,-1.44736247836184,-3.33290655249181,-0.774599974542209,-0.0815123502404632,0
57.38,-1.56937299238186,-1.41930503197872,-1.4505650570257,-3.330348766522,-0.775416235939335,-0.0814153029242562,0
57.39,-1.57018939510696,-1.41873849669702,-1.45374764084629,-3.32780165321735,-0.776229832798983,-0.0813187336576896,0
57.4,-1.57100311328245,-1.41818080111084,-1.45691035986555,-3.32526517006885,-0.777040758966827,-0.0812226410602531,0
57.41,-1.57181414083635,-1.41763186012769,-1.46005334232244,-3.3227392755851,-0.777849008330873,-0.0811270237593315,0
57.42,-1.57262247173865,-1.41709158941523,-1.46317671468958,-3.32022392927191,-0.778654574821327,-0.0810318803901732,0
57.43,-1.57342810000118,-1.41655990538562,-1.46628060170876,-3.31771909161236,-0.779457452410467,-0.0809372095958577,0
57.44,-1.57423101967748,-1.41603672518033,-1.46936512642568,-3.31522472404732,-0.780257635112504,-0.0808430100272658,0
57.45,-1.57503122486266,-1.41552196665536,-1.4724304102237,-3.3127407889565,-0.781055116983452,-0.0807492803430462,0
57.46,-1.57582870969326,-1.41501554836691,-1.47547657285676,-3.31026724963989,-0.78184989212099,-0.0806560192095861,0
57.47,-1.57662346834716,-1.41451738955743,-1.47850373248148,-3.30780407029966,-0.782641954664324,-0.080563225300979,0
57.48,-1.57741549504335,-1.41402741014207,-1.48151200568839,-3.30535121602248,-0.78343129879405,-0.0804708972989942,0
57.49,-1.5782047840419,-1.41354553069552,-1.4845015075324,-3.30290865276226,-0.784217918732016,-0.0803790338930463,0
57.5,-1.57899132964372,-1.41307167243919,-1.48747235156253,-3.30047634732325,-0.78500180874117,-0.0802876337801646,0
57.51,-1.5797751261905,-1.4126057572288,-1.49042464985087,-3.29805426734357,-0.785782963125435,-0.0801966956649617,0
57.52,-1.5805561680645,-1.41214770754224,-1.49335851302078,-3.29564238127911,-0.786561376229551,-0.0801062182596049,0
57.53,-1.58133444968847,-1.41169744646786,-1.49627405027446,-3.29324065838776,-0.787337042438936,-0.0800162002837847,0
57.54,-1.58210996552545,-1.41125489769301,-1.49917136941982,-3.29084906871399,-0.788109956179539,-0.0799266404646856,0
57.55,-1.58288271007864,-1.41081998549296,-1.50205057689662,-3.28846758307381,-0.788880111917698,-0.0798375375369555,0
57.56,-1.58365267789128,-1.4103926347201,-1.50491177780208,-3.28609617304008,-0.789647504159979,-0.0797488902426772,0
57.57,-1.58441986354648,-1.40997277079341,-1.50775507591581,-3.28373481092801,-0.790412127453044,-0.0796606973313374,0
57.58,-1.58518426166706,-1.40956031968831,-1.51058057372409,-3.28138346978113,-0.791173976383489,-0.0795729575597984,0
57.59,-1.58594586691541,-1.40915520792668,-1.51338837244367,-3.27904212335751,-0.791933045577696,-0.0794856696922686,0
57.6,-1.58670467399335,-1.40875736256728,-1.51617857204489,-3.27671074611621,-0.792689329701679,-0.0793988325002735,0
57.61,-1.58746067764197,-1.40836671119636,-1.51895127127432,-3.2743893132041,-0.793442823460937,-0.0793124447626262,0
57.62,-1.58821387264146,-1.40798318191851,-1.52170656767683,-3.27207780044292,-0.794193521600295,-0.0792265052653992,0
57.63,-1.58896425381099,-1.40760670334787,-1.52444455761713,-3.26977618431661,-0.79494141890375,-0.0791410128018953,0
57.64,-1.58971181600852,-1.40723720459948,-1.5271653363008,-3.2674844419589,-0.795686510194312,-0.07905596617262,0
57.65,-1.59045655413067,-1.40687461528091,-1.52986899779488,-3.2652025511412,-0.796428790333857,-0.0789713641852517,0
57.66,-1.59119846311255,-1.40651886548416,-1.53255563504788,-3.26293049026064,-0.797168254222962,-0.0788872056546144,0
57.67,-1.59193753792761,-1.40616988577773,-1.53522533990935,-3.26066823832846,-0.797904896800743,-0.0788034894026501,0
57.68,-1.59267377358747,-1.40582760719894,-1.53787820314911,-3.25841577495857,-0.798638713044709,-0.0787202142583892,0
57.69,-1.59340716514178,-1.40549196124651,-1.54051431447584,-3.25617308035635,-0.799369697970588,-0.0786373790579247,0
57.7,-1.59413770767805,-1.40516287987322,-1.54313376255538,-3.25394013530766,-0.800097846632176,-0.0785549826443832,0
57.71,-1.59486539632147,-1.40484029547896,-1.54573663502857,-3.25171692116813,-0.800823154121173,-0.0784730238678978,0
57.72,-1.59559022623479,-1.40452414090379,-1.54832301852864,-3.24950341985257,-0.801545615567019,-0.0783915015855809,0
57.73,-1.59631219261813,-1.40421434942136,-1.55089299869831,-3.2472996138246,-0.802265226136737,-0.0783104146614968,0
57.74,-1.59703129070882,-1.40391085473239,-1.55344666020633,-3.24510548608658,-0.802981981034761,-0.0782297619666348,0
57.75,-1.59774751578123,-1.40361359095843,-1.55598408676381,-3.2429210201696,-0.803695875502782,-0.0781495423788818,0
57.76,-1.59846086314666,-1.40332249263574,-1.55850536114012,-3.24074620012374,-0.804406904819578,-0.078069754782996,0
57.77,-1.59917132815307,-1.40303749470936,-1.56101056517834,-3.23858101050847,-0.805115064300847,-0.0779903980705805,0
57.78,-1.59987890618503,-1.40275853252738,-1.56349977981052,-3.23642543638327,-0.805820349299047,-0.0779114711400561,0
57.79,-1.60058359266349,-1.40248554183531,-1.56597308507251,-3.2342794632984,-0.806522755203227,-0.0778329728966353,0
57.8,-1.60128538304561,-1.4022184587707,-1.56843056011842,-3.23214307728584,-0.807222277438861,-0.0777549022522959,0
57.81,-1.60198427282462,-1.40195721985786,-1.57087228323487,-3.23001626485039,-0.807918911467679,-0.0776772581257554,0
57.82,-1.60268025752967,-1.40170176200273,-1.57329833185481,-3.22789901296095,-0.808612652787506,-0.0776000394424443,0
57.83,-1.60337333272559,-1.40145202248793,-1.57570878257111,-3.22579130904194,-0.809303496932086,-0.0775232451344809,0
57.84,-1.60406349401281,-1.40120793896795,-1.57810371114979,-3.22369314096491,-0.809991439470918,-0.0774468741406453,0
57.85,-1.60475073702713,-1.40096944946447,-1.58048319254303,-3.22160449704022,-0.810676476009086,-0.0773709254063545,0
57.86,-1.60543505743959,-1.40073649236181,-1.58284730090183,-3.21952536600895,-0.811358602187091,-0.0772953978836357,0
57.87,-1.60611645095626,-1.40050900640258,-1.5851961095884,-3.21745573703493,-0.812037813680677,-0.077220290531103,0
57.88,-1.60679491331812,-1.40028693068337,-1.58752969118833,-3.21539559969685,-0.812714106200673,-0.0771456023139299,0
57.89,-1.60747044030086,-1.40007020465063,-1.58984811752241,-3.2133449439806,-0.813387475492809,-0.0770713322038266,0
57.9,-1.6081430277147,-1.39985876809666,-1.59215145965831,-3.21130376027168,-0.814057917337553,-0.0769974791790136,0
57.91,-1.60881267140426,-1.39965256115575,-1.59443978792184,-3.20927203934772,-0.814725427549939,-0.0769240422241979,0
57.92,-1.60947936724835,-1.39945152430036,-1.59671317190816,-3.20724977237123,-0.815390001979396,-0.076851020330548,0
57.93,-1.61014311115983,-1.39925559833752,-1.59897168049258,-3.20523695088233,-0.816051636509579,-0.0767784124956694,0
57.94,-1.61080389908541,-1.39906472440529,-1.60121538184124,-3.20323356679173,-0.816710327058192,-0.0767062177235807,0
57.95,-1.61146172700551,-1.3988788439693,-1.60344434342146,-3.20123961237374,-0.817366069576819,-0.0766344350246897,0
57.96,-1.61211659093405,-1.39869789881951,-1.60565863201202,-3.19925508025941,-0.81801886005076,-0.0765630634157678,0
57.97,-1.61276848691834,-1.39852183106691,-1.60785831371301,-3.19727996342985,-0.818668694498844,-0.0764921019199287,0
57.98,-1.61341741103883,-1.3983505831405,-1.61004345395567,-3.19531425520953,-0.819315568973273,-0.076421549566602,0
57.99,-1.61406335897363,-1.39818411460778,-1.61221408797167,-3.19335800774466,-0.819959477885678,-0.0763513627909249,0
58,-1.61470632813815,-1.39802231798662,-1.61437036857154,-3.19141103954228,-0.820600422341156,-0.076281668480685,0
58.01,-1.61534631351643,-1.39786518731569,-1.61651227041157,-3.18947352046406,-0.821238393573538,-0.0762123377502242,0
58.02,-1.61598331164399,-1.3977126492405,-1.61863988608528,-3.18754538656784,-0.821873389336537,-0.0761434123868038,0
58.03,-1.61661731880189,-1.39756464780451,-1.62075327775046,-3.18562663282996,-0.822505405881393,-0.0760748914069458,0
58.04,-1.617248331266,-1.39742112728492,-1.62285250701849,-3.18371725450203,-0.823134439456809,-0.0760067738775284,0
58.05,-1.61787634534427,-1.39728203225791,-1.62493763489455,-3.18181724713557,-0.823760486343721,-0.0759390588715477,0
58.06,-1.61850135697292,-1.39714732297274,-1.62700869464341,-3.17992666055169,-0.824383541311438,-0.0758717062484128,0
58.07,-1.6191233637008,-1.39701689840674,-1.62906582756932,-3.17804532893185,-0.825003605304656,-0.0758048327916324,0
58.08,-1.61974236081941,-1.39689075032976,-1.63110901130058,-3.17617341069713,-0.82562067016156,-0.075738319816008,0
58.09,-1.62035834467682,-1.39676882371939,-1.63313830565994,-3.17431090060533,-0.826234732250877,-0.0756721679267207,0
58.1,-1.62097131291093,-1.39665102025809,-1.63515384721845,-3.17245763927063,-0.826845792483364,-0.0756064897131987,0
58.11,-1.62158126056045,-1.39653734519295,-1.63715558935493,-3.17061383122448,-0.827453841495175,-0.0755411337976887,0
58.12,-1.62218818556055,-1.39642768693705,-1.63914369195204,-3.16877926912316,-0.828058881517621,-0.0754762479355481,0
58.13,-1.62279208307644,-1.39632204980213,-1.6411181098338,-3.166954153111,-0.828660903422824,-0.0754116844442113,0
58.14,-1.62339295107358,-1.39622032429324,-1.64307899925161,-3.16513828118086,-0.829259909366412,-0.0753475874690581,0
58.15,-1.62399078480772,-1.39612251377625,-1.64502631646963,-3.1633318492107,-0.829855890414788,-0.0752838128965972,0
58.16,-1.62458558227499,-1.39602851080311,-1.64696021419584,-3.16153466040368,-0.830448848652061,-0.0752205013564786,0
58.17,-1.62517733882065,-1.39593831781687,-1.64888065011612,-3.1597469064265,-0.831038775336187,-0.0751575122451725,0
58.18,-1.62576605247117,-1.39585182938101,-1.65078777346564,-3.15796839559818,-0.83162567248113,-0.0750949827351863,0
58.19,-1.62635171866033,-1.39576904703884,-1.65268154333324,-3.15619931542888,-0.832209531533666,-0.0750327756745447,0
58.2,-1.6269343354446,-1.39568986733102,-1.65456210555011,-3.15443947926046,-0.832790354438973,-0.0749710248364847,0
58.21,-1.62751389834522,-1.39561429092419,-1.65642942058895,-3.15268907050098,-0.833368132829931,-0.0749095964629103,0
58.22,-1.62809040544837,-1.39554221630277,-1.65828363094401,-3.15094790742363,-0.83394286858427,-0.0748486209849364,0
58.23,-1.62866385236168,-1.39547364327981,-1.6601246984525,-3.1492161693883,-0.834514553518292,-0.0747879679813912,0
58.24,-1.62923423720072,-1.39540847225103,-1.66195276233711,-3.14749367950948,-0.835083189443593,-0.0747277645977025,0
58.25,-1.62980155565853,-1.39534670219897,-1.66376778577989,-3.14578061315247,-0.835648768357229,-0.0746678836933782,0
58.26,-1.63036580587971,-1.39528823539904,-1.6655699047957,-3.14407679818441,-0.836211292005967,-0.0746084491838912,0
58.27,-1.63092698364169,-1.39523307002634,-1.66735908389157,-3.14238240602921,-0.836770752564976,-0.0745493371538834,0
58.28,-1.63148508711777,-1.39518111020524,-1.66913545593666,-3.14069726921931,-0.837327151717469,-0.0744906683439137,0
58.29,-1.63204011216875,-1.39513235332641,-1.67089898674289,-3.13902155529008,-0.837880481814117,-0.0744323220089016,0
58.3,-1.63259205699635,-1.39508670533333,-1.67264980609435,-3.13735510135329,-0.838430744475841,-0.07437441576885,0
58.31,-1.63314091754367,-1.39504416285517,-1.67438788108752,-3.13569807110816,-0.838977932226219,-0.0743168319947782,0
58.32,-1.63368669204057,-1.39500463362547,-1.67611333848059,-3.13405030616113,-0.839522046625126,-0.0742596852398207,0
58.33,-1.63422937651144,-1.3949681135348,-1.67782614663414,-3.1324119664273,-0.840063080366479,-0.0742028609375867,0
58.34,-1.63476896921392,-1.39493451207847,-1.67952642933815,-3.13078289792432,-0.840601034950335,-0.0741464706273682,0
58.35,-1.63530546625273,-1.3949038244313,-1.68121415619666,-3.12916325683487,-0.841135903238406,-0.0740904027525131,0
58.36,-1.63583886591296,-1.39487596182286,-1.68288944808781,-3.12755289350559,-0.841667686672135,-0.0740347658908465,0
58.37,-1.63636916437865,-1.39485091873495,-1.68455227583829,-3.12595196043799,-0.842196378278517,-0.0739794514432503,0
58.38,-1.63689635996205,-1.39482860810463,-1.6862027574694,-3.12436031222672,-0.842721979441568,-0.0739245650778177,0
58.39,-1.63742044892551,-1.39480902374336,-1.68784086500958,-3.12277809774302,-0.84324448335107,-0.0738700011013989,0
58.4,-1.63794142960811,-1.3947920802696,-1.68946671367703,-3.12120517574967,-0.843763891334797,-0.073815862323458,0
58.41,-1.63845929834955,-1.39477777084703,-1.69108027668086,-3.11964169153819,-0.844280196742839,-0.073762045905876,0
58.42,-1.63897405351544,-1.39476601175013,-1.6926816664887,-3.11808750796079,-0.844793400847888,-0.0737086518499708,0
58.43,-1.63948569152181,-1.39475679551731,-1.69427085746917,-3.11654276677943,-0.845303497157895,-0.0736555801223339,0
58.44,-1.63999421076052,-1.39475004005432,-1.69584795939058,-3.11500733485811,-0.845810486891619,-0.0736029279660084,0
58.45,-1.64049960772295,-1.39474573729663,-1.69741294775986,-3.11348135047902,-0.846314363712447,-0.0735505981025846,0
58.46,-1.6410018808269,-1.39474380675723,-1.69896592969611,-3.11196468444147,-0.846815128786333,-0.0734986850661011,0
58.47,-1.64150102663814,-1.39474423979088,-1.70050688182325,-3.11045747159731,-0.847312775929704,-0.0734470942840336,0
58.48,-1.64199704360009,-1.39474695749435,-1.70203590866019,-3.10895958660564,-0.847807306256822,-0.0733959176300949,0
58.49,-1.64248992835195,-1.39475195066381,-1.7035529879264,-3.1074711609371,-0.848298713734773,-0.0733450631891216,0
58.5,-1.64297967936249,-1.39475914195693,-1.70505822158854,-3.10599207303612,-0.848786999427238,-0.0732946202225969,0
58.51,-1.64346629334336,-1.39476852163332,-1.70655158844016,-3.10452245104084,-0.849272157449607,-0.0732444994247732,0
58.52,-1.64394976878838,-1.39478001388929,-1.70803318794256,-3.10306217710758,-0.849754188816067,-0.0731947874924281,0
58.53,-1.6444301024807,-1.3947936084697,-1.70950299994187,-3.10161137609041,-0.850233087787977,-0.0731453976818547,0
58.54,-1.64490729293892,-1.3948092310878,-1.71096112143984,-3.10016993378504,-0.850708855331116,-0.0730964141720854,0
58.55,-1.64538133701673,-1.39482687099542,-1.71240753331363,-3.09873797180953,-0.851181485850501,-0.0730477527346388,0
58.56,-1.64585223325722,-1.39484645540162,-1.71384233015031,-3.09731537952747,-0.851650980264564,-0.0729994950772095,0
58.57,-1.64631997858369,-1.39486797308673,-1.71526549383651,-3.09590227536862,-0.852117333119698,-0.0729515594402776,0
58.58,-1.64678457156343,-1.39489135273496,-1.71667711658851,-3.09449855219388,-0.852580545288038,-0.0729040251060631,0
58.59,-1.64724600918842,-1.39491658267662,-1.71807718128077,-3.09310432529209,-0.853040611455093,-0.0728568127382843,0
58.6,-1.6477042900499,-1.39494359305093,-1.71946577780182,-3.0917194909518,-0.853497532447752,-0.0728099992390138,0
58.61,-1.64815941120757,-1.39497237175938,-1.72084288999229,-3.09034416136802,-0.853951303088381,-0.0727635076500199,0
58.62,-1.64861137127635,-1.39500285037662,-1.72220860545504,-3.08897823618814,-0.854401924159661,-0.0727174125380287,0
58.63,-1.64906016738275,-1.39503501639643,-1.72356290897527,-3.08762182456013,-0.854849390618606,-0.0726716392781913,0
58.64,-1.64950579816509,-1.39506880280971,-1.72490588591136,-3.08627482942227,-0.855293703204701,-0.0726262601461728,0
58.65,-1.6499482608158,-1.39510419672347,-1.72623752197144,-3.08493735692194,-0.855734857007414,-0.0725812028063545,0
58.66,-1.65038755399634,-1.39514113252617,-1.7275579003098,-3.08360931322129,-0.856172852724044,-0.0725365372871176,0
58.67,-1.65082367496414,-1.3951795969588,-1.72886700753588,-3.08229080151324,-0.856607685574337,-0.0724921934984269,0
58.68,-1.65125662203933,-1.39521953823239,-1.73016490156502,-3.0809817784696,-0.857039354872436,-0.0724482056221281,0
58.69,-1.65168639379407,-1.39526089930911,-1.73145165040117,-3.07968217919452,-0.857467860628231,-0.0724046231328487,0
58.7,-1.65211298720356,-1.39530367893797,-1.73272721872323,-3.07839215027104,-0.857893196889166,-0.0723613453155824,0
58.71,-1.65253640080176,-1.39534782043778,-1.73399167403229,-3.07711162691188,-0.858315363629254,-0.0723184216940241,0
58.72,-1.65295663320868,-1.39539326848694,-1.73524508173699,-3.0758405476714,-0.858734360836471,-0.0722758993531259,0
58.73,-1.65337368151119,-1.39544002074065,-1.73648740889557,-3.07457905265011,-0.859150182810776,-0.0722336824023581,0
58.74,-1.65378754428555,-1.39548802223022,-1.73771872042962,-3.07332708050014,-0.859562829498653,-0.0721918179739594,0
58.75,-1.65419822018839,-1.39553721930296,-1.73893907923736,-3.07208457310728,-0.85997230085768,-0.0721503508457439,0
58.76,-1.65460570641532,-1.39558760859111,-1.74014845466557,-3.07085166427106,-0.860378591432006,-0.0721091897882728,0
58.77,-1.65501000158439,-1.39563913680841,-1.74134690912755,-3.06962829596124,-0.860781701142721,-0.0720683796239028,0
58.78,-1.65541110438828,-1.39569175194484,-1.74253450307579,-3.06841441328442,-0.861181629918509,-0.0720279628923791,0
58.79,-1.655809012129,-1.39574544967444,-1.74371120806481,-3.0672101439,-0.861578372541279,-0.0719878528866991,0
58.8,-1.65620372346553,-1.39580017836684,-1.74487708406411,-3.06601543298517,-0.861971928907955,-0.0719480921885461,0
58.81,-1.6565952371262,-1.39585588762947,-1.74603218914322,-3.06483022875869,-0.862362298919814,-0.0719087211675443,0
58.82,-1.656983550517,-1.39591257224183,-1.74717649698434,-3.06365465289899,-0.862749477590197,-0.0718696575027285,0
58.83,-1.65736866262238,-1.39597017267378,-1.7483100830516,-3.06248861678545,-0.86313346583614,-0.0718309676830781,0
58.84,-1.65775057136364,-1.39602866874215,-1.74943294944188,-3.06133218234047,-0.863514260416549,-0.0717926117196499,0
58.85,-1.65812927506298,-1.39608802572947,-1.75054512557604,-3.0601853547187,-0.863891859659702,-0.0717545898156714,0
58.86,-1.65850477221538,-1.39614820484313,-1.75164664878899,-3.05904812208382,-0.864266262415393,-0.0717169141762902,0
58.87,-1.65887706160533,-1.39620915882747,-1.75273757258815,-3.05792043855365,-0.864637468521691,-0.0716796210460235,0
58.88,-1.65924614083919,-1.39627088086576,-1.75381787466185,-3.05680241433946,-0.865005473433883,-0.0716426364470623,0
58.89,-1.65961200869467,-1.39633332414255,-1.75488760802192,-3.05569400358734,-0.865370276984811,-0.0716059966574458,0
58.9,-1.65997466400421,-1.39639644297522,-1.75594682394754,-3.05459516321976,-0.865731879002299,-0.0715697359333334,0
58.91,-1.66033410447184,-1.39646022983078,-1.75699550203017,-3.05350599791096,-0.86609027515692,-0.0715337843151973,0
58.92,-1.66069032915608,-1.3965246314414,-1.75803370820357,-3.05242643327274,-0.866445466145814,-0.0714981981757964,0
58.93,-1.66104333608662,-1.39658963160425,-1.75906143883233,-3.05135653815164,-0.86679744870102,-0.0714629328714597,0
58.94,-1.66139312399018,-1.39665519023879,-1.76007873547904,-3.05029628740655,-0.867146222178382,-0.071428010041933,0
58.95,-1.66173969140161,-1.3967212756122,-1.7610856242529,-3.04924568722035,-0.867491785099525,-0.071393429233273,0
58.96,-1.66208303732268,-1.39678784116444,-1.76208215955457,-3.04820468458247,-0.867834137664358,-0.0713592316759476,0
58.97,-1.6624231594132,-1.39685488589262,-1.76306830982407,-3.04717340406311,-0.868173275096162,-0.0713253335467582,0
58.98,-1.66276005667097,-1.39692236369397,-1.76404412898266,-3.04615179264674,-0.868509197592466,-0.0712917761098378,0
58.99,-1.66309372771159,-1.39699024393302,-1.76500964204538,-3.04513985649109,-0.86884190375615,-0.0712585589287775,0
59,-1.66342417157367,-1.39705848233302,-1.76596490013728,-3.04413754704172,-0.869171393730999,-0.0712257200449862,0
59.01,-1.66375138605437,-1.39712707657554,-1.76690987502135,-3.04314497986455,-0.869497663065301,-0.0711931820710025,0
59.02,-1.66407537019184,-1.39719598285501,-1.76784461734455,-3.04216210638687,-0.86982071190382,-0.0711609830790672,0
59.03,-1.66439612266927,-1.39726517162428,-1.7687691510581,-3.04118893271937,-0.870140538917582,-0.0711291226512524,0
59.04,-1.66471364216917,-1.39733461358116,-1.76968349987059,-3.0402254649637,-0.8704571427771,-0.0710976003759447,0
59.05,-1.66502792787712,-1.3974042639477,-1.77058771723356,-3.03927164681606,-0.870770523928741,-0.0710664596544496,0
59.06,-1.66533897755663,-1.39747412552323,-1.77148176628133,-3.03832760911878,-0.871080677577833,-0.0710356124460478,0
59.07,-1.66564679038877,-1.39754415400052,-1.77236570000116,-3.03739329553549,-0.871387604167751,-0.0710051021845517,0
59.08,-1.66595136514302,-1.39761432121361,-1.77323954103038,-3.03646871208194,-0.871691302456459,-0.0709749284744654,0
59.09,-1.66625270093983,-1.39768458783833,-1.77410333355118,-3.03555381941794,-0.871991772476918,-0.0709451227266428,0
59.1,-1.66655079586835,-1.39775494907381,-1.77495705611776,-3.03464871419968,-0.87228901045858,-0.0709156209417234,0
59.11,-1.66684564905532,-1.39782536609599,-1.77580075243647,-3.03375335704121,-0.872583016441814,-0.0708864545558359,0
59.12,-1.66713725933026,-1.39789581184315,-1.77663444411724,-3.03286775385914,-0.872873789245177,-0.0708576231919437,0
59.13,-1.66742562552544,-1.39796625951107,-1.77745815252951,-3.0319919105467,-0.873161327690128,-0.07082912647879,0
59.14,-1.66771074688997,-1.3980366697382,-1.77827192338514,-3.03112578169105,-0.873445632058619,-0.0708009999674163,0
59.15,-1.66799262150098,-1.39810704199481,-1.77907572831894,-3.03026947567593,-0.873726698329298,-0.0707731714438426,0
59.16,-1.66827124861098,-1.39817733742145,-1.77986961257711,-3.02942294703003,-0.874004526788722,-0.0707456764853958,0
59.17,-1.66854662713056,-1.39824753036411,-1.78065359649204,-3.0285862015126,-0.874279116337122,-0.0707185147370748,0
59.18,-1.66881875597158,-1.39831759542772,-1.78142770016026,-3.02775924485349,-0.874550465876216,-0.0706916858496981,0
59.19,-1.66908763441855,-1.39838749613227,-1.78219196527464,-3.0269420371409,-0.874818575607326,-0.0706652213822234,0
59.2,-1.6693532607124,-1.39845723041859,-1.78294636770695,-3.026134675241,-0.875083441907013,-0.0706390571734695,0
59.21,-1.66961563414471,-1.39852676232451,-1.78369094868368,-3.0253371191704,-0.875345064984714,-0.0706132248057445,0
59.22,-1.66987475370139,-1.39859606761334,-1.78442572728014,-3.02454937450104,-0.875603443816647,-0.0705877239461735,0
59.23,-1.67013061837153,-1.3986651223142,-1.78515072233594,-3.02377144676863,-0.875858577382379,-0.0705625542674223,0
59.24,-1.6703832271594,-1.39873390274277,-1.78586595244109,-3.02300334146653,-0.876110464676774,-0.0705377154465006,0
59.25,-1.67063257945878,-1.39880237365963,-1.78657145877469,-3.02224501630333,-0.876359106053179,-0.0705132405151743,0
59.26,-1.67087867356661,-1.39887053567012,-1.78726721373117,-3.02149657216689,-0.876604497860983,-0.0704890624454343,0
59.27,-1.67112150888338,-1.39893835406104,-1.78795325802877,-3.02075796668071,-0.876846640461247,-0.0704652142918373,0
59.28,-1.67136108448483,-1.39900580632007,-1.78862960925015,-3.02002920515298,-0.877085532920788,-0.070441695747532,0
59.29,-1.67159739944974,-1.39907287020464,-1.78929628474503,-3.01931029284904,-0.877321174309607,-0.07041850651112,0
59.3,-1.67183045287153,-1.39913952376225,-1.78995330161653,-3.01860123498546,-0.877553563712471,-0.0703956462854974,0
59.31,-1.67206024417793,-1.39920573528519,-1.79060069615836,-3.01790199604171,-0.877782701373155,-0.070373143161332,0
59.32,-1.67228677186091,-1.39927150351806,-1.79123844609156,-3.01721266250808,-0.878008584125534,-0.0703509400730621,0
59.33,-1.67251003535888,-1.39933679729677,-1.79186658724692,-3.01653319876573,-0.878231212224921,-0.0703290651309918,0
59.34,-1.67273003383222,-1.39940159585015,-1.79248513573467,-3.01586360982229,-0.878450584823495,-0.0703075180542171,0
59.35,-1.67294676644634,-1.39946587868434,-1.79309410743167,-3.01520390063562,-0.878666701078651,-0.0702862985669899,0
59.36,-1.67316023238082,-1.39952962559881,-1.79369351797076,-3.01455407610904,-0.878879560162064,-0.070265406397812,0
59.37,-1.67337043082933,-1.39959281668693,-1.79428338274119,-3.01391414109033,-0.879089161259627,-0.0702448412794262,0
59.38,-1.67357736130947,-1.39965542267132,-1.79486373565502,-3.01328406102904,-0.879295504677422,-0.0702246303541624,0
59.39,-1.67378102243086,-1.39971744358566,-1.79543455406854,-3.01266391934252,-0.879498587424768,-0.070204718543803,0
59.4,-1.67398141372307,-1.39977885070867,-1.79599587143273,-3.01205368136881,-0.879698409820486,-0.0701851330087591,0
59.41,-1.67417853444338,-1.39983962532803,-1.79654770215638,-3.01145335172145,-0.879894971114536,-0.0701658734978906,0
59.42,-1.67437238385476,-1.39989974901434,-1.79709006041602,-3.01086293495766,-0.880088270562736,-0.0701469397650482,0
59.43,-1.67456296123387,-1.39995920363516,-1.79762296014666,-3.01028243557404,-0.880278307434694,-0.0701283315682825,0
59.44,-1.67475026587094,-1.40001797135552,-1.79814641504208,-3.00971185800575,-0.880465081013718,-0.0701100486698396,0
59.45,-1.6749342970697,-1.40007603463835,-1.79866043855517,-3.00915120662577,-0.880648590596751,-0.0700920908361548,0
59.46,-1.67511505414735,-1.40013337624503,-1.79916504389819,-3.00860048574412,-0.880828835494312,-0.0700744578378449,0
59.47,-1.67529253674369,-1.40018996967629,-1.79966026267961,-3.00805966047073,-0.881005816130176,-0.0700571766662082,0
59.48,-1.67546674359086,-1.40024581742845,-1.8001460703458,-3.00752881325965,-0.881179529648562,-0.0700401926597962,0
59.49,-1.67563767434175,-1.40030089357204,-1.80062249804608,-3.00700790909468,-0.881349976487031,-0.0700235328264387,0
59.5,-1.6758053283735,-1.40035518207837,-1.80108955802481,-3.00649695202361,-0.88151715601652,-0.0700071969527606,0
59.51,-1.67596970506961,-1.40040866720784,-1.80154726229526,-3.00599594603069,-0.881681067614441,-0.0699911848302034,0
59.52,-1.67613080382663,-1.40046133352201,-1.80199562263169,-3.00550489503291,-0.881841710671407,-0.0699754962543561,0
59.53,-1.67628862405414,-1.40051316588401,-1.80243465056952,-3.00502380287938,-0.881999084591157,-0.0699601310249506,0
59.54,-1.67644316517466,-1.40056414945899,-1.80286435740562,-3.00455267335065,-0.882153188790517,-0.0699450889458557,0
59.55,-1.67659442662364,-1.4006142697145,-1.8032847541985,-3.00409151015812,-0.882304022699336,-0.0699303698250719,0
59.56,-1.67674240784936,-1.40066351242093,-1.80369585176855,-3.00364031694338,-0.882451585760433,-0.0699159734747268,0
59.57,-1.6768871083129,-1.4007118636519,-1.80409766069818,-3.00319909727764,-0.882595877429537,-0.0699018997110695,0
59.58,-1.67702852748807,-1.40075930978466,-1.8044901913321,-3.00276785466112,-0.882736897175239,-0.0698881483544666,0
59.59,-1.67716666514099,-1.40080582894675,-1.80487347052929,-3.00234655727802,-0.882874645469005,-0.0698747436933808,0
59.6,-1.67730152021629,-1.40085142524362,-1.80524747464724,-3.00193527897341,-0.883009119829265,-0.0698616366232774,0
59.61,-1.67743309249588,-1.40089607739131,-1.80561223008481,-3.00153398778932,-0.88314032074382,-0.0698488514465598,0
59.62,-1.6775613815088,-1.40093977299352,-1.80596774623188,-3.00114268693434,-0.883268247736954,-0.0698363879995523,0
59.63,-1.67768638679183,-1.40098249995125,-1.80631403224721,-3.0007613795455,-0.883392900340821,-0.069824246123136,0
59.64,-1.6778081078942,-1.40102424647133,-1.80665109705286,-3.00039006868565,-0.883514278100132,-0.0698124256622831,0
59.65,-1.67792654437754,-1.40106500106676,-1.80697894933437,-3.00002875734295,-0.883632380572135,-0.0698009264660503,0
59.66,-1.67804169581586,-1.40110475255703,-1.80729759754089,-2.9996774484304,-0.88374720732655,-0.0697897483875771,0
59.67,-1.67815356179547,-1.40114349006843,-1.80760704988534,-2.99933614478537,-0.883858757945541,-0.0697788912840799,0
59.68,-1.67826214191497,-1.40118120303442,-1.80790731434451,-2.99900484916917,-0.883967032023668,-0.06976835501685,0
59.69,-1.67836743578519,-1.40121788119586,-1.80819839865928,-2.99868356426658,-0.884072029167849,-0.0697581394512483,0
59.7,-1.67846944302917,-1.40125351460135,-1.80848031033462,-2.99837229268551,-0.884173748997316,-0.0697482444567032,0
59.71,-1.67856816328211,-1.40128809360754,-1.80875305663981,-2.99807103695648,-0.884272191143587,-0.0697386699067056,0
59.72,-1.67866359619133,-1.40132160887935,-1.80901664460853,-2.99777979953233,-0.884367355250424,-0.0697294156788066,0
59.73,-1.67875574141625,-1.40135405139029,-1.80927108103896,-2.99749858278777,-0.884459240973796,-0.0697204816546137,0
59.74,-1.67884459862834,-1.40138541242271,-1.80951637249388,-2.99722738901906,-0.884547847981845,-0.0697118677197881,0
59.75,-1.67893016751108,-1.40141568356806,-1.80975252530081,-2.99696622044364,-0.884633175954858,-0.0697035737640411,0
59.76,-1.67901244775998,-1.4014448567271,-1.80997954555206,-2.99671507919976,-0.884715224585229,-0.0696955996811313,0
59.77,-1.67909143908248,-1.4014729241102,-1.81019743910487,-2.9964739673462,-0.884793993577439,-0.0696879453688614,0
59.78,-1.67916714119796,-1.40149987823753,-1.81040621158147,-2.99624288686192,-0.884869482648006,-0.0696806107290769,0
59.79,-1.67923955383771,-1.40152571193926,-1.81060586836916,-2.99602183964579,-0.884941691525481,-0.0696735956676612,0
59.8,-1.67930867674488,-1.40155041835582,-1.81079641462041,-2.99581082751628,-0.885010619950399,-0.0696669000945351,0
59.81,-1.67937450967449,-1.40157399093807,-1.81097785525294,-2.99560985221119,-0.885076267675271,-0.069660523923653,0
59.82,-1.67943705239339,-1.40159642344749,-1.81115019494976,-2.99541891538736,-0.88513863446455,-0.0696544670730011,0
59.83,-1.6794963046802,-1.40161770995638,-1.81131343815928,-2.99523801862049,-0.885197720094606,-0.0696487294645954,0
59.84,-1.67955226656092,-1.40163783776331,-1.81146760305488,-2.9950671339619,-0.885253525180995,-0.0696433314108457,0
59.85,-1.67960493736818,-1.40165681573634,-1.81161266569394,-2.99490632170984,-0.885306047870776,-0.0696382320674064,0
59.86,-1.67965431714827,-1.40167463178947,-1.8117486437858,-2.99475555375307,-0.885355288800155,-0.0696334517566681,0
59.87,-1.67970040572844,-1.4016912812427,-1.81187554083906,-2.99461483133954,-0.885401247794574,-0.0696289904165889,0
59.88,-1.67974320294603,-1.40170675972483,-1.81199336012989,-2.99448415563572,-0.885443924689687,-0.0696248479893027,0
59.89,-1.67978270865008,-1.40172106317641,-1.81210210470022,-2.99436352772563,-0.88548331933296,-0.0696210244209612,0
59.9,-1.67981892270128,-1.40173418784983,-1.81220177735771,-2.99425294861075,-0.88551943158364,-0.0696175196617334,0
59.91,-1.67985184497198,-1.40174613030943,-1.8122923806758,-2.9941524192098,-0.885552261312746,-0.0696143336658037,0
59.92,-1.67988147534618,-1.40175688743161,-1.81237391699379,-2.99406194035866,-0.885581808403063,-0.0696114663913707,0
59.93,-1.67990781371952,-1.40176645640494,-1.81244638841683,-2.99398151281021,-0.885608072749117,-0.069608917800646,0
59.94,-1.67993085999924,-1.40177483473022,-1.81250979681596,-2.99391113723423,-0.885631054257181,-0.0696066878598531,0
59.95,-1.6799506141042,-1.40178202022055,-1.81256414382814,-2.99385081421731,-0.885650752845249,-0.0696047765392264,0
59.96,-1.67996707596488,-1.40178801100142,-1.81260943085627,-2.99380054426276,-0.885667168443036,-0.0696031838130108,0
59.97,-1.67998024552333,-1.40179280551074,-1.8126456590692,-2.9937603277905,-0.885680300991976,-0.0696019096594597,0
59.98,-1.67999012273321,-1.40179640249891,-1.81267282940177,-2.99373016513708,-0.885690150445202,-0.0696009540608364,0
59.99,-1.67999670755976,-1.40179880102885,-1.8126909425548,-2.99371005655553,-0.885696716767552,-0.0696003170034114,0
60,-1.67999999997979,-1.40180000047601,-1.81269999899511,-2.9937000022154,-0.885699999935569,-0.0695999984774631,0
